olympus/pic.0001.jpg,0.0016,0.0007,0.0007,0.0002,0.0001,0.0001,0.0000,0.0011,0.0003,0.0005,0.0139,0.0005,0.0001,0.0000,0.0000,0.0000,0.0005,0.0015,0.7873,0.0026,0.0001,0.0001,0.0000,0.0000,0.0003,0.0026,0.1557,0.0013,0.0001,0.0000,0.0000,0.0000,0.0006,0.0040,0.0102,0.0006,0.0002,0.0000,0.0000,0.0000,0.0007,0.0021,0.0011,0.0000,0.0000,0.0000,0.0000,0.0000,0.0013,0.0010,0.0001,0.0000,0.0000,0.0000,0.0000,0.0000,0.0061,0.0000,0.0000,0.0000,0.0000,0.0000,0.0000,0.0000
olympus/pic.0002.jpg,0.0012,0.0009,0.0010,0.0001,0.0001,0.0001,0.0000,0.0004,0.0002,0.0012,0.0520,0.0003,0.0010,0.0001,0.0000,0.0000,0.0002,0.0012,0.6991,0.0026,0.0011,0.0000,0.0000,0.0000,0.0002,0.0022,0.1642,0.0016,0.0001,0.0000,0.0000,0.0000,0.0003,0.0043,0.0202,0.0005,0.0001,0.0000,0.0000,0.0000,0.0068,0.0054,0.0005,0.0000,0.0000,0.0000,0.0000,0.0000,0.0275,0.0007,0.0000,0.0000,0.0000,0.0000,0.0000,0.0000,0.0024,0.0000,0.0000,0.0000,0.0000,0.0000,0.0000,0.0000
olympus/pic.0003.jpg,0.0013,0.0031,0.0047,0.0004,0.0002,0.0001,0.0000,0.0003,0.0005,0.0025,0.0629,0.0015,0.0004,0.0000,0.0000,0.0000,0.0002,0.0072,0.6150,0.0059,0.0004,0.0001,0.0000,0.0000,0.0002,0.0049,0.2051,0.0028,0.0001,0.0000,0.0000,0.0000,0.0006,0.0089,0.0461,0.0006,0.0001,0.0000,0.0000,0.0000,0.0070,0.0056,0.0007,0.0000,0.0000,0.0000,0.0000,0.0000,0.0074,0.0008,0.0001,0.0000,0.0000,0.0000,0.0000,0.0000,0.0023,0.0000,0.0000,0.0000,0.0000,0.0000,0.0000,0.0000
olympus/pic.0004.jpg,0.0006,0.0001,0.0002,0.0001,0.0001,0.0001,0.0000,0.0011,0.0002,0.0001,0.0032,0.0047,0.0001,0.0000,0.0000,0.0000,0.0003,0.0008,0.6650,0.0096,0.0002,0.0001,0.0000,0.0000,0.0003,0.0026,0.2511,0.0017,0.0002,0.0000,0.0000,0.0000,0.0005,0.0066,0.0303,0.0009,0.0002,0.0000,0.0000,0.0000,0.0004,0.0038,0.0033,0.0000,0.0000,0.0000,0.0000,0.0000,0.0007,0.0022,0.0001,0.0000,0.0000,0.0000,0.0000,0.0000,0.0085,0.0000,0.0000,0.0000,0.0000,0.0000,0.0000,0.0000
olympus/pic.0005.jpg,0.0003,0.0001,0.0005,0.0004,0.0003,0.0015,0.0000,0.0016,0.0001,0.0010,0.0225,0.0080,0.0044,0.0000,0.0000,0.0000,0.0001,0.0032,0.3560,0.0448,0.0062,0.0005,0.0018,0.0000,0.0003,0.0046,0.2348,0.1090,0.0075,0.0001,0.0000,0.0000,0.0002,0.0198,0.0735,0.0289,0.0215,0.0000,0.0000,0.0000,0.0008,0.0306,0.0079,0.0000,0.0000,0.0000,0.0000,0.0000,0.0014,0.0042,0.0010,0.0000,0.0000,0.0000,0.0000,0.0000,0.0006,0.0000,0.0000,0.0000,0.0000,0.0000,0.0000,0.0000
olympus/pic.0006.jpg,0.0002,0.0006,0.0006,0.0001,0.0000,0.0000,0.0000,0.0000,0.0001,0.0016,0.1094,0.0006,0.0000,0.0000,0.0000,0.0000,0.0001,0.0007,0.7395,0.0014,0.0002,0.0000,0.0000,0.0000,0.0000,0.0011,0.1141,0.0021,0.0001,0.0000,0.0000,0.0000,0.0000,0.0016,0.0238,0.0010,0.0001,0.0000,0.0000,0.0000,0.0000,0.0003,0.0002,0.0000,0.0000,0.0000,0.0000,0.0000,0.0001,0.0001,0.0000,0.0000,0.0000,0.0000,0.0000,0.0000,0.0003,0.0000,0.0000,0.0000,0.0000,0.0000,0.0000,0.0000
olympus/pic.0007.jpg,0.0008,0.0002,0.0002,0.0029,0.0002,0.0001,0.0001,0.0023,0.0002,0.0002,0.0030,0.0021,0.0002,0.0000,0.0000,0.0000,0.0003,0.0009,0.7839,0.0112,0.0002,0.0001,0.0001,0.0000,0.0002,0.0014,0.1600,0.0037,0.0005,0.0000,0.0000,0.0000,0.0003,0.0024,0.0086,0.0019,0.0004,0.0000,0.0000,0.0000,0.0004,0.0011,0.0015,0.0000,0.0000,0.0000,0.0000,0.0000,0.0005,0.0009,0.0001,0.0000,0.0000,0.0000,0.0000,0.0000,0.0066,0.0000,0.0000,0.0000,0.0000,0.0000,0.0000,0.0000
olympus/pic.0008.jpg,0.0007,0.0002,0.0003,0.0044,0.0003,0.0002,0.0001,0.0022,0.0003,0.0002,0.0045,0.0025,0.0003,0.0000,0.0000,0.0000,0.0005,0.0015,0.7685,0.0062,0.0002,0.0002,0.0001,0.0000,0.0003,0.0022,0.1655,0.0044,0.0005,0.0000,0.0000,0.0000,0.0005,0.0031,0.0135,0.0021,0.0006,0.0000,0.0000,0.0000,0.0005,0.0017,0.0017,0.0000,0.0000,0.0000,0.0000,0.0000,0.0004,0.0012,0.0001,0.0000,0.0000,0.0000,0.0000,0.0000,0.0082,0.0000,0.0000,0.0000,0.0000,0.0000,0.0000,0.0000
olympus/pic.0009.jpg,0.0000,0.0000,0.0000,0.0000,0.0000,0.0000,0.0000,0.0000,0.0000,0.0000,0.0061,0.0000,0.0000,0.0000,0.0000,0.0000,0.0000,0.0000,0.9373,0.0000,0.0000,0.0000,0.0000,0.0000,0.0000,0.0004,0.0558,0.0000,0.0000,0.0000,0.0000,0.0000,0.0000,0.0001,0.0000,0.0000,0.0000,0.0000,0.0000,0.0000,0.0000,0.0000,0.0000,0.0000,0.0000,0.0000,0.0000,0.0000,0.0000,0.0000,0.0000,0.0000,0.0000,0.0000,0.0000,0.0000,0.0001,0.0000,0.0000,0.0000,0.0000,0.0000,0.0000,0.0000
olympus/pic.0010.jpg,0.0002,0.0000,0.0000,0.0000,0.0000,0.0000,0.0000,0.0000,0.0001,0.0001,0.0043,0.0000,0.0000,0.0000,0.0000,0.0000,0.0001,0.0006,0.9380,0.0020,0.0000,0.0000,0.0000,0.0000,0.0002,0.0011,0.0498,0.0006,0.0000,0.0000,0.0000,0.0000,0.0003,0.0004,0.0009,0.0001,0.0000,0.0000,0.0000,0.0000,0.0001,0.0002,0.0001,0.0000,0.0000,0.0000,0.0000,0.0000,0.0001,0.0001,0.0000,0.0000,0.0000,0.0000,0.0000,0.0000,0.0005,0.0000,0.0000,0.0000,0.0000,0.0000,0.0000,0.0000
olympus/pic.0011.jpg,0.0014,0.0006,0.0008,0.0001,0.0001,0.0000,0.0000,0.0001,0.0005,0.0008,0.0080,0.0004,0.0000,0.0000,0.0000,0.0000,0.0004,0.0026,0.7728,0.0058,0.0000,0.0000,0.0000,0.0000,0.0004,0.0026,0.1743,0.0029,0.0000,0.0000,0.0000,0.0000,0.0003,0.0022,0.0202,0.0000,0.0000,0.0000,0.0000,0.0000,0.0002,0.0012,0.0002,0.0000,0.0000,0.0000,0.0000,0.0000,0.0002,0.0002,0.0000,0.0000,0.0000,0.0000,0.0000,0.0000,0.0007,0.0000,0.0000,0.0000,0.0000,0.0000,0.0000,0.0000
olympus/pic.0012.jpg,0.0005,0.0007,0.0010,0.0000,0.0000,0.0000,0.0000,0.0000,0.0001,0.0008,0.0586,0.0004,0.0000,0.0000,0.0000,0.0000,0.0001,0.0011,0.7811,0.0023,0.0000,0.0000,0.0000,0.0000,0.0001,0.0022,0.1110,0.0045,0.0000,0.0000,0.0000,0.0000,0.0001,0.0038,0.0027,0.0001,0.0000,0.0000,0.0000,0.0000,0.0174,0.0098,0.0000,0.0000,0.0000,0.0000,0.0000,0.0000,0.0007,0.0001,0.0000,0.0000,0.0000,0.0000,0.0000,0.0000,0.0004,0.0000,0.0000,0.0000,0.0000,0.0000,0.0000,0.0000
olympus/pic.0013.jpg,0.0000,0.0000,0.0000,0.0000,0.0000,0.0000,0.0000,0.0000,0.0000,0.0000,0.0000,0.0000,0.0000,0.0000,0.0000,0.0000,0.0000,0.0000,0.0474,0.0001,0.0000,0.0000,0.0000,0.0000,0.0000,0.0003,0.4702,0.0002,0.0000,0.0000,0.0000,0.0000,0.0000,0.0054,0.4296,0.0002,0.0000,0.0000,0.0000,0.0000,0.0001,0.0207,0.0175,0.0000,0.0000,0.0000,0.0000,0.0000,0.0006,0.0037,0.0001,0.0000,0.0000,0.0000,0.0000,0.0000,0.0038,0.0001,0.0000,0.0000,0.0000,0.0000,0.0000,0.0000
olympus/pic.0014.jpg,0.0001,0.0001,0.0001,0.0002,0.0001,0.0000,0.0000,0.0003,0.0001,0.0000,0.0025,0.0060,0.0000,0.0000,0.0000,0.0000,0.0000,0.0001,0.0804,0.0017,0.0001,0.0000,0.0000,0.0000,0.0001,0.0002,0.3813,0.0003,0.0001,0.0000,0.0000,0.0000,0.0001,0.0041,0.4243,0.0004,0.0001,0.0000,0.0000,0.0000,0.0002,0.0556,0.0233,0.0000,0.0000,0.0000,0.0000,0.0000,0.0004,0.0070,0.0002,0.0000,0.0000,0.0000,0.0000,0.0000,0.0104,0.0000,0.0000,0.0000,0.0000,0.0000,0.0000,0.0000
olympus/pic.0015.jpg,0.0000,0.0000,0.0000,0.0000,0.0000,0.0000,0.0000,0.0000,0.0000,0.0000,0.0000,0.0000,0.0000,0.0000,0.0000,0.0000,0.0000,0.0000,0.0005,0.0000,0.0000,0.0000,0.0000,0.0000,0.0000,0.0000,0.7969,0.0000,0.0000,0.0000,0.0000,0.0000,0.0000,0.0017,0.1539,0.0000,0.0000,0.0000,0.0000,0.0000,0.0000,0.0335,0.0132,0.0000,0.0000,0.0000,0.0000,0.0000,0.0000,0.0002,0.0000,0.0000,0.0000,0.0000,0.0000,0.0000,0.0000,0.0000,0.0000,0.0000,0.0000,0.0000,0.0000,0.0000
olympus/pic.0016.jpg,0.0001,0.0000,0.0000,0.0001,0.0001,0.0000,0.0000,0.0003,0.0000,0.0000,0.0020,0.0023,0.0000,0.0000,0.0000,0.0000,0.0000,0.0001,0.1408,0.0027,0.0000,0.0000,0.0000,0.0000,0.0000,0.0003,0.3350,0.0004,0.0000,0.0000,0.0000,0.0000,0.0001,0.0062,0.4097,0.0002,0.0001,0.0000,0.0000,0.0000,0.0001,0.0524,0.0333,0.0000,0.0000,0.0000,0.0000,0.0000,0.0002,0.0087,0.0001,0.0000,0.0000,0.0000,0.0000,0.0000,0.0047,0.0000,0.0000,0.0000,0.0000,0.0000,0.0000,0.0000
olympus/pic.0017.jpg,0.0000,0.0000,0.0001,0.0002,0.0000,0.0000,0.0000,0.0002,0.0000,0.0000,0.0036,0.0113,0.0000,0.0000,0.0000,0.0000,0.0000,0.0000,0.0773,0.0029,0.0000,0.0000,0.0000,0.0000,0.0000,0.0003,0.3381,0.0005,0.0000,0.0000,0.0000,0.0000,0.0001,0.0054,0.3997,0.0006,0.0001,0.0000,0.0000,0.0000,0.0002,0.0856,0.0518,0.0000,0.0000,0.0000,0.0000,0.0000,0.0004,0.0131,0.0003,0.0000,0.0000,0.0000,0.0000,0.0000,0.0078,0.0001,0.0000,0.0000,0.0000,0.0000,0.0000,0.0000
olympus/pic.0018.jpg,0.0000,0.0000,0.0000,0.0000,0.0000,0.0000,0.0000,0.0000,0.0000,0.0000,0.0000,0.0000,0.0000,0.0000,0.0000,0.0000,0.0000,0.0001,0.0183,0.0000,0.0000,0.0000,0.0000,0.0000,0.0000,0.0052,0.5903,0.0001,0.0000,0.0000,0.0000,0.0000,0.0002,0.0117,0.2925,0.0001,0.0000,0.0000,0.0000,0.0000,0.0006,0.0455,0.0221,0.0000,0.0000,0.0000,0.0000,0.0000,0.0021,0.0063,0.0000,0.0000,0.0000,0.0000,0.0000,0.0000,0.0048,0.0000,0.0000,0.0000,0.0000,0.0000,0.0000,0.0000
olympus/pic.0019.jpg,0.0002,0.0001,0.0002,0.0011,0.0002,0.0001,0.0000,0.0005,0.0000,0.0000,0.0077,0.0155,0.0000,0.0000,0.0000,0.0000,0.0000,0.0001,0.1286,0.0048,0.0000,0.0001,0.0000,0.0000,0.0001,0.0004,0.5172,0.0004,0.0001,0.0000,0.0000,0.0000,0.0002,0.0019,0.2299,0.0002,0.0001,0.0000,0.0000,0.0000,0.0002,0.0373,0.0398,0.0000,0.0000,0.0000,0.0000,0.0000,0.0004,0.0042,0.0002,0.0000,0.0000,0.0000,0.0000,0.0000,0.0080,0.0001,0.0000,0.0000,0.0000,0.0000,0.0000,0.0000
olympus/pic.0020.jpg,0.0002,0.0001,0.0001,0.0002,0.0002,0.0001,0.0000,0.0008,0.0000,0.0000,0.0045,0.0146,0.0001,0.0000,0.0000,0.0000,0.0001,0.0001,0.1235,0.0175,0.0001,0.0001,0.0001,0.0000,0.0001,0.0005,0.3965,0.0015,0.0002,0.0000,0.0000,0.0000,0.0002,0.0077,0.2414,0.0006,0.0001,0.0000,0.0000,0.0000,0.0003,0.0981,0.0540,0.0000,0.0000,0.0000,0.0000,0.0000,0.0013,0.0226,0.0002,0.0000,0.0000,0.0000,0.0000,0.0000,0.0122,0.0001,0.0000,0.0000,0.0000,0.0000,0.0000,0.0000
olympus/pic.0021.jpg,0.0000,0.0000,0.0000,0.0000,0.0000,0.0000,0.0000,0.0000,0.0000,0.0000,0.0000,0.0000,0.0000,0.0000,0.0000,0.0000,0.0000,0.0000,0.0033,0.0000,0.0000,0.0000,0.0000,0.0000,0.0000,0.0000,0.5493,0.0001,0.0000,0.0000,0.0000,0.0000,0.0000,0.0040,0.3215,0.0001,0.0000,0.0000,0.0000,0.0000,0.0000,0.0417,0.0770,0.0000,0.0000,0.0000,0.0000,0.0000,0.0000,0.0024,0.0001,0.0000,0.0000,0.0000,0.0000,0.0000,0.0004,0.0000,0.0000,0.0000,0.0000,0.0000,0.0000,0.0000
olympus/pic.0022.jpg,0.0000,0.0000,0.0000,0.0000,0.0000,0.0000,0.0000,0.0000,0.0000,0.0000,0.0000,0.0000,0.0000,0.0000,0.0000,0.0000,0.0000,0.0000,0.0039,0.0000,0.0000,0.0000,0.0000,0.0000,0.0000,0.0001,0.5894,0.0001,0.0000,0.0000,0.0000,0.0000,0.0000,0.0205,0.1612,0.0001,0.0000,0.0000,0.0000,0.0000,0.0002,0.1015,0.0444,0.0000,0.0000,0.0000,0.0000,0.0000,0.0217,0.0437,0.0000,0.0000,0.0000,0.0000,0.0000,0.0000,0.0131,0.0001,0.0000,0.0000,0.0000,0.0000,0.0000,0.0000
olympus/pic.0023.jpg,0.0000,0.0000,0.0000,0.0000,0.0000,0.0000,0.0000,0.0000,0.0000,0.0000,0.0000,0.0000,0.0000,0.0000,0.0000,0.0000,0.0000,0.0000,0.0036,0.0001,0.0000,0.0000,0.0000,0.0000,0.0000,0.0003,0.9008,0.0005,0.0000,0.0000,0.0000,0.0000,0.0000,0.0025,0.0812,0.0005,0.0001,0.0000,0.0000,0.0000,0.0000,0.0010,0.0036,0.0000,0.0000,0.0000,0.0000,0.0000,0.0001,0.0016,0.0001,0.0000,0.0000,0.0000,0.0000,0.0000,0.0040,0.0000,0.0000,0.0000,0.0000,0.0000,0.0000,0.0000
olympus/pic.0024.jpg,0.0000,0.0000,0.0000,0.0000,0.0000,0.0000,0.0000,0.0000,0.0000,0.0000,0.0000,0.0000,0.0000,0.0000,0.0000,0.0000,0.0000,0.0000,0.0453,0.0001,0.0000,0.0000,0.0000,0.0000,0.0000,0.0003,0.4513,0.0003,0.0000,0.0000,0.0000,0.0000,0.0000,0.0049,0.4398,0.0002,0.0001,0.0000,0.0000,0.0000,0.0000,0.0225,0.0258,0.0000,0.0000,0.0000,0.0000,0.0000,0.0005,0.0047,0.0001,0.0000,0.0000,0.0000,0.0000,0.0000,0.0041,0.0000,0.0000,0.0000,0.0000,0.0000,0.0000,0.0000
olympus/pic.0025.jpg,0.0000,0.0000,0.0000,0.0000,0.0000,0.0000,0.0000,0.0001,0.0000,0.0000,0.0000,0.0000,0.0000,0.0000,0.0000,0.0000,0.0000,0.0000,0.0570,0.0000,0.0000,0.0000,0.0000,0.0000,0.0000,0.0000,0.5593,0.0002,0.0000,0.0000,0.0000,0.0000,0.0000,0.0021,0.3537,0.0002,0.0000,0.0000,0.0000,0.0000,0.0000,0.0102,0.0127,0.0000,0.0000,0.0000,0.0000,0.0000,0.0003,0.0023,0.0000,0.0000,0.0000,0.0000,0.0000,0.0000,0.0017,0.0000,0.0000,0.0000,0.0000,0.0000,0.0000,0.0000
olympus/pic.0026.jpg,0.0085,0.0020,0.0051,0.0012,0.0008,0.0023,0.0003,0.0106,0.0008,0.0054,0.0350,0.0061,0.0035,0.0005,0.0009,0.0001,0.0008,0.0019,0.5253,0.0724,0.0118,0.0028,0.0004,0.0000,0.0004,0.0032,0.2028,0.0257,0.0051,0.0002,0.0000,0.0000,0.0012,0.0061,0.0259,0.0044,0.0011,0.0000,0.0000,0.0000,0.0026,0.0055,0.0025,0.0001,0.0000,0.0000,0.0000,0.0000,0.0034,0.0032,0.0002,0.0000,0.0000,0.0000,0.0000,0.0000,0.0080,0.0000,0.0000,0.0000,0.0000,0.0000,0.0000,0.0000
olympus/pic.0027.jpg,0.0002,0.0000,0.0000,0.0001,0.0001,0.0001,0.0000,0.0003,0.0004,0.0003,0.0021,0.0017,0.0015,0.0001,0.0000,0.0000,0.0011,0.0088,0.4057,0.0373,0.0061,0.0006,0.0002,0.0000,0.0006,0.0021,0.4215,0.0619,0.0056,0.0001,0.0000,0.0000,0.0005,0.0081,0.0071,0.0036,0.0020,0.0000,0.0000,0.0000,0.0007,0.0086,0.0006,0.0000,0.0000,0.0000,0.0000,0.0000,0.0043,0.0018,0.0000,0.0000,0.0000,0.0000,0.0000,0.0000,0.0040,0.0000,0.0000,0.0000,0.0000,0.0000,0.0000,0.0000
olympus/pic.0028.jpg,0.0001,0.0000,0.0003,0.0009,0.0001,0.0000,0.0000,0.0002,0.0001,0.0002,0.0054,0.0017,0.0000,0.0000,0.0000,0.0000,0.0001,0.0007,0.3851,0.0203,0.0000,0.0000,0.0000,0.0000,0.0003,0.0027,0.1432,0.0023,0.0001,0.0000,0.0000,0.0000,0.0003,0.0069,0.2480,0.0003,0.0001,0.0000,0.0000,0.0000,0.0004,0.0121,0.1620,0.0000,0.0000,0.0000,0.0000,0.0000,0.0006,0.0039,0.0002,0.0000,0.0000,0.0000,0.0000,0.0000,0.0013,0.0000,0.0000,0.0000,0.0000,0.0000,0.0000,0.0000
olympus/pic.0029.jpg,0.0010,0.0006,0.0008,0.0003,0.0001,0.0000,0.0000,0.0002,0.0004,0.0007,0.0286,0.0008,0.0000,0.0000,0.0000,0.0000,0.0002,0.0046,0.4912,0.0005,0.0000,0.0000,0.0000,0.0000,0.0002,0.0062,0.0904,0.0002,0.0000,0.0000,0.0000,0.0000,0.0003,0.1580,0.2039,0.0000,0.0000,0.0000,0.0000,0.0000,0.0010,0.0036,0.0000,0.0000,0.0000,0.0000,0.0000,0.0000,0.0047,0.0002,0.0000,0.0000,0.0000,0.0000,0.0000,0.0000,0.0010,0.0000,0.0000,0.0000,0.0000,0.0000,0.0000,0.0000
olympus/pic.0030.jpg,0.0000,0.0000,0.0000,0.0000,0.0000,0.0000,0.0000,0.0000,0.0000,0.0000,0.0001,0.0000,0.0000,0.0000,0.0000,0.0000,0.0000,0.0001,0.9581,0.0001,0.0000,0.0000,0.0000,0.0000,0.0000,0.0005,0.0166,0.0002,0.0000,0.0000,0.0000,0.0000,0.0000,0.0033,0.0001,0.0000,0.0000,0.0000,0.0000,0.0000,0.0016,0.0065,0.0000,0.0000,0.0000,0.0000,0.0000,0.0000,0.0122,0.0001,0.0000,0.0000,0.0000,0.0000,0.0000,0.0000,0.0006,0.0000,0.0000,0.0000,0.0000,0.0000,0.0000,0.0000
olympus/pic.0031.jpg,0.0000,0.0000,0.0000,0.0000,0.0000,0.0000,0.0000,0.0000,0.0000,0.0000,0.0001,0.0000,0.0000,0.0000,0.0000,0.0000,0.0000,0.0000,0.7005,0.0001,0.0000,0.0000,0.0000,0.0000,0.0000,0.0001,0.2599,0.0001,0.0000,0.0000,0.0000,0.0000,0.0000,0.0028,0.0359,0.0000,0.0000,0.0000,0.0000,0.0000,0.0000,0.0002,0.0000,0.0000,0.0000,0.0000,0.0000,0.0000,0.0000,0.0000,0.0000,0.0000,0.0000,0.0000,0.0000,0.0000,0.0000,0.0000,0.0000,0.0000,0.0000,0.0000,0.0000,0.0000
olympus/pic.0032.jpg,0.0000,0.0000,0.0000,0.0000,0.0000,0.0000,0.0000,0.0000,0.0000,0.0000,0.0001,0.0000,0.0000,0.0000,0.0000,0.0000,0.0000,0.0000,0.1147,0.0000,0.0000,0.0000,0.0000,0.0000,0.0000,0.0000,0.8851,0.0000,0.0000,0.0000,0.0000,0.0000,0.0000,0.0000,0.0000,0.0000,0.0000,0.0000,0.0000,0.0000,0.0000,0.0000,0.0000,0.0000,0.0000,0.0000,0.0000,0.0000,0.0000,0.0000,0.0000,0.0000,0.0000,0.0000,0.0000,0.0000,0.0000,0.0000,0.0000,0.0000,0.0000,0.0000,0.0000,0.0000
olympus/pic.0033.jpg,0.0002,0.0000,0.0000,0.0000,0.0000,0.0000,0.0000,0.0002,0.0002,0.0037,0.0001,0.0002,0.0000,0.0000,0.0000,0.0000,0.0001,0.0003,0.9711,0.0058,0.0007,0.0000,0.0000,0.0000,0.0000,0.0001,0.0089,0.0050,0.0002,0.0000,0.0000,0.0000,0.0001,0.0001,0.0004,0.0010,0.0001,0.0000,0.0000,0.0000,0.0000,0.0000,0.0003,0.0000,0.0000,0.0000,0.0000,0.0000,0.0000,0.0001,0.0000,0.0000,0.0000,0.0000,0.0000,0.0000,0.0006,0.0000,0.0000,0.0000,0.0000,0.0000,0.0000,0.0000
olympus/pic.0034.jpg,0.0001,0.0000,0.0000,0.0000,0.0000,0.0000,0.0000,0.0000,0.0000,0.0000,0.0001,0.0000,0.0000,0.0000,0.0000,0.0000,0.0000,0.0001,0.9647,0.0003,0.0000,0.0000,0.0000,0.0000,0.0000,0.0000,0.0325,0.0017,0.0000,0.0000,0.0000,0.0000,0.0000,0.0001,0.0000,0.0001,0.0000,0.0000,0.0000,0.0000,0.0000,0.0000,0.0000,0.0000,0.0000,0.0000,0.0000,0.0000,0.0000,0.0000,0.0000,0.0000,0.0000,0.0000,0.0000,0.0000,0.0001,0.0000,0.0000,0.0000,0.0000,0.0000,0.0000,0.0000
olympus/pic.0035.jpg,0.0001,0.0000,0.0000,0.0000,0.0000,0.0000,0.0000,0.0001,0.0000,0.0000,0.0004,0.0003,0.0000,0.0000,0.0000,0.0000,0.0001,0.0003,0.9071,0.0006,0.0000,0.0000,0.0000,0.0000,0.0001,0.0115,0.0588,0.0070,0.0001,0.0000,0.0000,0.0000,0.0009,0.0100,0.0006,0.0001,0.0000,0.0000,0.0000,0.0000,0.0005,0.0003,0.0001,0.0000,0.0000,0.0000,0.0000,0.0000,0.0002,0.0000,0.0000,0.0000,0.0000,0.0000,0.0000,0.0000,0.0005,0.0000,0.0000,0.0000,0.0000,0.0000,0.0000,0.0000
olympus/pic.0036.jpg,0.0000,0.0000,0.0000,0.0000,0.0000,0.0000,0.0000,0.0000,0.0000,0.0000,0.0002,0.0004,0.0000,0.0000,0.0000,0.0000,0.0000,0.0000,0.1208,0.0018,0.0000,0.0000,0.0000,0.0000,0.0000,0.0113,0.0250,0.0002,0.0000,0.0000,0.0000,0.0000,0.0000,0.0233,0.3832,0.0000,0.0000,0.0000,0.0000,0.0000,0.0000,0.0520,0.3676,0.0000,0.0000,0.0000,0.0000,0.0000,0.0000,0.0131,0.0006,0.0000,0.0000,0.0000,0.0000,0.0000,0.0003,0.0000,0.0000,0.0000,0.0000,0.0000,0.0000,0.0000
olympus/pic.0037.jpg,0.0000,0.0000,0.0000,0.0000,0.0000,0.0000,0.0000,0.0000,0.0000,0.0001,0.0006,0.0003,0.0001,0.0000,0.0000,0.0000,0.0000,0.0046,0.5165,0.0108,0.0013,0.0000,0.0000,0.0000,0.0000,0.0070,0.2594,0.1619,0.0097,0.0001,0.0000,0.0000,0.0001,0.0047,0.0112,0.0073,0.0010,0.0000,0.0000,0.0000,0.0001,0.0029,0.0001,0.0000,0.0000,0.0000,0.0000,0.0000,0.0000,0.0001,0.0000,0.0000,0.0000,0.0000,0.0000,0.0000,0.0000,0.0000,0.0000,0.0000,0.0000,0.0000,0.0000,0.0000
olympus/pic.0038.jpg,0.0002,0.0002,0.0003,0.0001,0.0000,0.0000,0.0000,0.0000,0.0001,0.0001,0.0083,0.0001,0.0000,0.0000,0.0000,0.0000,0.0000,0.0002,0.4184,0.0004,0.0000,0.0000,0.0000,0.0000,0.0000,0.0069,0.5529,0.0013,0.0000,0.0000,0.0000,0.0000,0.0001,0.0028,0.0027,0.0000,0.0000,0.0000,0.0000,0.0000,0.0004,0.0037,0.0000,0.0000,0.0000,0.0000,0.0000,0.0000,0.0004,0.0002,0.0000,0.0000,0.0000,0.0000,0.0000,0.0000,0.0001,0.0000,0.0000,0.0000,0.0000,0.0000,0.0000,0.0000
olympus/pic.0039.jpg,0.0002,0.0001,0.0001,0.0000,0.0001,0.0000,0.0000,0.0004,0.0000,0.0000,0.0002,0.0002,0.0000,0.0000,0.0000,0.0000,0.0001,0.0001,0.0766,0.0059,0.0001,0.0000,0.0000,0.0000,0.0001,0.0002,0.7683,0.0901,0.0002,0.0000,0.0000,0.0000,0.0001,0.0002,0.0507,0.0014,0.0001,0.0000,0.0000,0.0000,0.0001,0.0001,0.0016,0.0000,0.0000,0.0000,0.0000,0.0000,0.0001,0.0004,0.0001,0.0000,0.0000,0.0000,0.0000,0.0000,0.0019,0.0000,0.0000,0.0000,0.0000,0.0000,0.0000,0.0000
olympus/pic.0040.jpg,0.0000,0.0000,0.0000,0.0000,0.0000,0.0000,0.0000,0.0000,0.0000,0.0000,0.0000,0.0000,0.0000,0.0000,0.0000,0.0000,0.0000,0.0003,0.4706,0.0003,0.0000,0.0000,0.0000,0.0000,0.0000,0.0003,0.3842,0.0003,0.0000,0.0000,0.0000,0.0000,0.0000,0.0019,0.1390,0.0001,0.0000,0.0000,0.0000,0.0000,0.0001,0.0008,0.0007,0.0000,0.0000,0.0000,0.0000,0.0000,0.0001,0.0004,0.0000,0.0000,0.0000,0.0000,0.0000,0.0000,0.0008,0.0000,0.0000,0.0000,0.0000,0.0000,0.0000,0.0000
olympus/pic.0041.jpg,0.0000,0.0000,0.0000,0.0000,0.0000,0.0000,0.0000,0.0000,0.0000,0.0000,0.0012,0.0000,0.0000,0.0000,0.0000,0.0000,0.0000,0.0001,0.8452,0.0000,0.0000,0.0000,0.0000,0.0000,0.0000,0.0003,0.1474,0.0000,0.0000,0.0000,0.0000,0.0000,0.0000,0.0014,0.0040,0.0000,0.0000,0.0000,0.0000,0.0000,0.0000,0.0004,0.0000,0.0000,0.0000,0.0000,0.0000,0.0000,0.0000,0.0000,0.0000,0.0000,0.0000,0.0000,0.0000,0.0000,0.0000,0.0000,0.0000,0.0000,0.0000,0.0000,0.0000,0.0000
olympus/pic.0042.jpg,0.0010,0.0002,0.0004,0.0002,0.0001,0.0001,0.0000,0.0010,0.0002,0.0002,0.0021,0.0005,0.0001,0.0000,0.0000,0.0000,0.0002,0.0006,0.9538,0.0023,0.0001,0.0001,0.0001,0.0000,0.0001,0.0003,0.0276,0.0029,0.0003,0.0000,0.0000,0.0000,0.0001,0.0002,0.0005,0.0010,0.0004,0.0000,0.0000,0.0000,0.0002,0.0001,0.0006,0.0000,0.0000,0.0000,0.0000,0.0000,0.0001,0.0002,0.0000,0.0000,0.0000,0.0000,0.0000,0.0000,0.0021,0.0000,0.0000,0.0000,0.0000,0.0000,0.0000,0.0000
olympus/pic.0043.jpg,0.0002,0.0000,0.0060,0.0003,0.0000,0.0000,0.0000,0.0003,0.0000,0.0000,0.0570,0.0055,0.0039,0.0000,0.0000,0.0000,0.0001,0.0002,0.6485,0.0066,0.0001,0.0000,0.0000,0.0000,0.0001,0.0004,0.2345,0.0072,0.0001,0.0000,0.0000,0.0000,0.0001,0.0025,0.0076,0.0095,0.0001,0.0000,0.0000,0.0000,0.0002,0.0035,0.0008,0.0000,0.0000,0.0000,0.0000,0.0000,0.0003,0.0011,0.0000,0.0000,0.0000,0.0000,0.0000,0.0000,0.0030,0.0000,0.0000,0.0000,0.0000,0.0000,0.0000,0.0000
olympus/pic.0044.jpg,0.0013,0.0008,0.0083,0.0012,0.0016,0.0012,0.0002,0.0019,0.0003,0.0003,0.0829,0.0110,0.0048,0.0001,0.0000,0.0000,0.0002,0.0007,0.6461,0.0111,0.0003,0.0001,0.0001,0.0000,0.0002,0.0011,0.1628,0.0097,0.0008,0.0000,0.0000,0.0000,0.0003,0.0014,0.0330,0.0056,0.0005,0.0000,0.0000,0.0000,0.0001,0.0007,0.0028,0.0000,0.0000,0.0000,0.0000,0.0000,0.0002,0.0013,0.0003,0.0000,0.0000,0.0000,0.0000,0.0000,0.0048,0.0000,0.0000,0.0000,0.0000,0.0000,0.0000,0.0000
olympus/pic.0045.jpg,0.0017,0.0018,0.0031,0.0006,0.0001,0.0000,0.0000,0.0001,0.0001,0.0009,0.0733,0.0143,0.0000,0.0000,0.0000,0.0000,0.0001,0.0009,0.4178,0.0003,0.0000,0.0000,0.0000,0.0000,0.0001,0.0032,0.3527,0.0001,0.0000,0.0000,0.0000,0.0000,0.0001,0.0099,0.0861,0.0000,0.0000,0.0000,0.0000,0.0000,0.0025,0.0296,0.0002,0.0000,0.0000,0.0000,0.0000,0.0000,0.0005,0.0001,0.0000,0.0000,0.0000,0.0000,0.0000,0.0000,0.0001,0.0000,0.0000,0.0000,0.0000,0.0000,0.0000,0.0000
olympus/pic.0046.jpg,0.0000,0.0001,0.0007,0.0002,0.0000,0.0000,0.0000,0.0000,0.0000,0.0000,0.1020,0.0002,0.0000,0.0000,0.0000,0.0000,0.0000,0.0000,0.8967,0.0000,0.0000,0.0000,0.0000,0.0000,0.0000,0.0000,0.0001,0.0000,0.0000,0.0000,0.0000,0.0000,0.0000,0.0000,0.0000,0.0000,0.0000,0.0000,0.0000,0.0000,0.0000,0.0000,0.0000,0.0000,0.0000,0.0000,0.0000,0.0000,0.0000,0.0000,0.0000,0.0000,0.0000,0.0000,0.0000,0.0000,0.0000,0.0000,0.0000,0.0000,0.0000,0.0000,0.0000,0.0000
olympus/pic.0047.jpg,0.0000,0.0000,0.0000,0.0000,0.0000,0.0000,0.0000,0.0000,0.0000,0.0000,0.0025,0.0000,0.0000,0.0000,0.0000,0.0000,0.0000,0.0001,0.8327,0.0010,0.0000,0.0000,0.0000,0.0000,0.0000,0.0003,0.1358,0.0019,0.0001,0.0000,0.0000,0.0000,0.0000,0.0015,0.0210,0.0004,0.0000,0.0000,0.0000,0.0000,0.0000,0.0007,0.0010,0.0000,0.0000,0.0000,0.0000,0.0000,0.0001,0.0003,0.0000,0.0000,0.0000,0.0000,0.0000,0.0000,0.0004,0.0000,0.0000,0.0000,0.0000,0.0000,0.0000,0.0000
olympus/pic.0048.jpg,0.0000,0.0000,0.0000,0.0000,0.0000,0.0000,0.0000,0.0000,0.0000,0.0000,0.0000,0.0000,0.0000,0.0000,0.0000,0.0000,0.0000,0.0000,0.0011,0.0016,0.0002,0.0000,0.0000,0.0000,0.0000,0.0000,0.0161,0.1265,0.0002,0.0000,0.0000,0.0000,0.0000,0.0013,0.0302,0.7849,0.0002,0.0000,0.0000,0.0000,0.0001,0.0070,0.0150,0.0001,0.0000,0.0000,0.0000,0.0000,0.0008,0.0102,0.0002,0.0000,0.0000,0.0000,0.0000,0.0000,0.0041,0.0001,0.0000,0.0000,0.0000,0.0000,0.0000,0.0000
olympus/pic.0049.jpg,0.0000,0.0000,0.0000,0.0000,0.0000,0.0000,0.0000,0.0001,0.0000,0.0000,0.0000,0.0000,0.0000,0.0000,0.0000,0.0000,0.0000,0.0000,0.8411,0.0002,0.0000,0.0000,0.0000,0.0000,0.0000,0.0001,0.1250,0.0009,0.0000,0.0000,0.0000,0.0000,0.0000,0.0083,0.0113,0.0003,0.0000,0.0000,0.0000,0.0000,0.0001,0.0082,0.0006,0.0000,0.0000,0.0000,0.0000,0.0000,0.0017,0.0008,0.0000,0.0000,0.0000,0.0000,0.0000,0.0000,0.0010,0.0000,0.0000,0.0000,0.0000,0.0000,0.0000,0.0000
olympus/pic.0050.jpg,0.0000,0.0000,0.0000,0.0000,0.0000,0.0000,0.0000,0.0000,0.0000,0.0000,0.0000,0.0000,0.0000,0.0000,0.0000,0.0000,0.0000,0.0000,0.0895,0.0012,0.0000,0.0000,0.0000,0.0000,0.0000,0.0000,0.8744,0.0006,0.0000,0.0000,0.0000,0.0000,0.0000,0.0001,0.0329,0.0001,0.0000,0.0000,0.0000,0.0000,0.0000,0.0001,0.0001,0.0000,0.0000,0.0000,0.0000,0.0000,0.0000,0.0001,0.0000,0.0000,0.0000,0.0000,0.0000,0.0000,0.0007,0.0000,0.0000,0.0000,0.0000,0.0000,0.0000,0.0000
olympus/pic.0051.jpg,0.0004,0.0001,0.0002,0.0001,0.0001,0.0000,0.0000,0.0006,0.0001,0.0001,0.0068,0.0002,0.0001,0.0000,0.0000,0.0000,0.0001,0.0004,0.2533,0.0064,0.0001,0.0002,0.0000,0.0000,0.0002,0.0006,0.4824,0.0816,0.0007,0.0000,0.0000,0.0000,0.0002,0.0013,0.1072,0.0153,0.0007,0.0000,0.0000,0.0000,0.0002,0.0010,0.0260,0.0002,0.0000,0.0000,0.0000,0.0000,0.0003,0.0043,0.0008,0.0000,0.0000,0.0000,0.0000,0.0000,0.0077,0.0000,0.0000,0.0000,0.0000,0.0000,0.0000,0.0000
olympus/pic.0052.jpg,0.0000,0.0000,0.0000,0.0000,0.0000,0.0000,0.0000,0.0002,0.0000,0.0000,0.0002,0.0005,0.0000,0.0000,0.0000,0.0000,0.0000,0.0000,0.2720,0.3834,0.0001,0.0001,0.0000,0.0000,0.0000,0.0000,0.1413,0.1969,0.0007,0.0000,0.0000,0.0000,0.0000,0.0000,0.0005,0.0024,0.0008,0.0000,0.0000,0.0000,0.0000,0.0000,0.0004,0.0000,0.0000,0.0000,0.0000,0.0000,0.0000,0.0001,0.0000,0.0000,0.0000,0.0000,0.0000,0.0000,0.0002,0.0000,0.0000,0.0000,0.0000,0.0000,0.0000,0.0000
olympus/pic.0053.jpg,0.0006,0.0002,0.0200,0.0005,0.0002,0.0005,0.0000,0.0007,0.0001,0.0003,0.0417,0.0059,0.0072,0.0012,0.0000,0.0000,0.0002,0.0007,0.3034,0.0147,0.0003,0.0001,0.0000,0.0000,0.0002,0.0013,0.4810,0.0080,0.0005,0.0000,0.0000,0.0000,0.0005,0.0076,0.0715,0.0036,0.0004,0.0000,0.0000,0.0000,0.0005,0.0026,0.0057,0.0001,0.0000,0.0000,0.0000,0.0000,0.0007,0.0034,0.0004,0.0000,0.0000,0.0000,0.0000,0.0000,0.0132,0.0000,0.0000,0.0000,0.0000,0.0000,0.0000,0.0000
olympus/pic.0054.jpg,0.0003,0.0002,0.0004,0.0035,0.0002,0.0001,0.0000,0.0003,0.0001,0.0000,0.0039,0.0049,0.0002,0.0000,0.0000,0.0000,0.0003,0.0005,0.6260,0.1983,0.0001,0.0000,0.0001,0.0000,0.0001,0.0005,0.1395,0.0053,0.0003,0.0000,0.0000,0.0000,0.0002,0.0004,0.0051,0.0035,0.0003,0.0000,0.0000,0.0000,0.0002,0.0004,0.0011,0.0000,0.0000,0.0000,0.0000,0.0000,0.0001,0.0004,0.0001,0.0000,0.0000,0.0000,0.0000,0.0000,0.0033,0.0000,0.0000,0.0000,0.0000,0.0000,0.0000,0.0000
olympus/pic.0055.jpg,0.0003,0.0003,0.0038,0.0028,0.0002,0.0000,0.0000,0.0007,0.0001,0.0016,0.0142,0.0046,0.0000,0.0000,0.0000,0.0000,0.0002,0.0006,0.6926,0.0031,0.0001,0.0001,0.0000,0.0000,0.0001,0.0005,0.2487,0.0028,0.0003,0.0000,0.0000,0.0000,0.0002,0.0016,0.0048,0.0017,0.0003,0.0000,0.0000,0.0000,0.0002,0.0023,0.0026,0.0001,0.0000,0.0000,0.0000,0.0000,0.0009,0.0017,0.0002,0.0000,0.0000,0.0000,0.0000,0.0000,0.0056,0.0000,0.0000,0.0000,0.0000,0.0000,0.0000,0.0000
olympus/pic.0056.jpg,0.0000,0.0000,0.0000,0.0000,0.0000,0.0000,0.0000,0.0000,0.0000,0.0000,0.0030,0.0001,0.0000,0.0000,0.0000,0.0000,0.0000,0.0002,0.8825,0.0002,0.0000,0.0000,0.0000,0.0000,0.0000,0.0001,0.0999,0.0002,0.0000,0.0000,0.0000,0.0000,0.0000,0.0018,0.0111,0.0001,0.0000,0.0000,0.0000,0.0000,0.0000,0.0002,0.0001,0.0000,0.0000,0.0000,0.0000,0.0000,0.0000,0.0001,0.0000,0.0000,0.0000,0.0000,0.0000,0.0000,0.0003,0.0000,0.0000,0.0000,0.0000,0.0000,0.0000,0.0000
olympus/pic.0057.jpg,0.0000,0.0000,0.0000,0.0000,0.0000,0.0000,0.0000,0.0000,0.0000,0.0000,0.0150,0.0000,0.0000,0.0000,0.0000,0.0000,0.0000,0.0000,0.8983,0.0000,0.0000,0.0000,0.0000,0.0000,0.0000,0.0000,0.0838,0.0001,0.0000,0.0000,0.0000,0.0000,0.0000,0.0000,0.0016,0.0001,0.0000,0.0000,0.0000,0.0000,0.0000,0.0000,0.0004,0.0000,0.0000,0.0000,0.0000,0.0000,0.0000,0.0001,0.0000,0.0000,0.0000,0.0000,0.0000,0.0000,0.0004,0.0000,0.0000,0.0000,0.0000,0.0000,0.0000,0.0000
olympus/pic.0058.jpg,0.0001,0.0000,0.0000,0.0001,0.0006,0.0003,0.0002,0.0021,0.0000,0.0000,0.0006,0.0453,0.0017,0.0001,0.0001,0.0000,0.0001,0.0002,0.5865,0.0567,0.0010,0.0003,0.0001,0.0000,0.0001,0.0005,0.2710,0.0065,0.0008,0.0000,0.0000,0.0000,0.0001,0.0014,0.0106,0.0013,0.0004,0.0000,0.0000,0.0000,0.0002,0.0015,0.0023,0.0000,0.0000,0.0000,0.0000,0.0000,0.0009,0.0016,0.0001,0.0000,0.0000,0.0000,0.0000,0.0000,0.0047,0.0000,0.0000,0.0000,0.0000,0.0000,0.0000,0.0000
olympus/pic.0059.jpg,0.0001,0.0000,0.0035,0.0000,0.0000,0.0000,0.0000,0.0005,0.0000,0.0000,0.0036,0.0000,0.0000,0.0000,0.0000,0.0000,0.0000,0.0001,0.6445,0.0030,0.0000,0.0002,0.0001,0.0000,0.0000,0.0001,0.2737,0.0518,0.0006,0.0000,0.0000,0.0000,0.0000,0.0002,0.0084,0.0029,0.0007,0.0000,0.0000,0.0000,0.0001,0.0001,0.0016,0.0001,0.0000,0.0000,0.0000,0.0000,0.0000,0.0007,0.0002,0.0000,0.0000,0.0000,0.0000,0.0000,0.0028,0.0000,0.0000,0.0000,0.0000,0.0000,0.0000,0.0000
olympus/pic.0060.jpg,0.0000,0.0000,0.0000,0.0000,0.0000,0.0000,0.0000,0.0001,0.0000,0.0000,0.0000,0.0000,0.0000,0.0000,0.0000,0.0000,0.0000,0.0001,0.9175,0.0003,0.0000,0.0000,0.0000,0.0000,0.0000,0.0002,0.0786,0.0004,0.0000,0.0000,0.0000,0.0000,0.0000,0.0001,0.0005,0.0003,0.0001,0.0000,0.0000,0.0000,0.0000,0.0001,0.0003,0.0000,0.0000,0.0000,0.0000,0.0000,0.0000,0.0002,0.0000,0.0000,0.0000,0.0000,0.0000,0.0000,0.0010,0.0000,0.0000,0.0000,0.0000,0.0000,0.0000,0.0000
olympus/pic.0061.jpg,0.0037,0.0006,0.0004,0.0001,0.0001,0.0001,0.0000,0.0024,0.0064,0.0032,0.0273,0.0006,0.0002,0.0000,0.0004,0.0000,0.0026,0.0172,0.5367,0.0709,0.0059,0.0018,0.0002,0.0000,0.0019,0.0149,0.2144,0.0215,0.0048,0.0001,0.0000,0.0000,0.0017,0.0211,0.0118,0.0025,0.0007,0.0000,0.0000,0.0000,0.0018,0.0055,0.0024,0.0000,0.0000,0.0000,0.0000,0.0000,0.0024,0.0025,0.0006,0.0000,0.0000,0.0000,0.0000,0.0000,0.0083,0.0000,0.0000,0.0000,0.0000,0.0000,0.0000,0.0000
olympus/pic.0062.jpg,0.0022,0.0009,0.0009,0.0004,0.0001,0.0000,0.0000,0.0004,0.0006,0.0009,0.0067,0.0006,0.0000,0.0000,0.0000,0.0000,0.0006,0.0018,0.4220,0.0015,0.0001,0.0000,0.0000,0.0000,0.0006,0.0043,0.4362,0.0172,0.0001,0.0000,0.0000,0.0000,0.0005,0.0054,0.0527,0.0015,0.0002,0.0000,0.0000,0.0000,0.0006,0.0193,0.0091,0.0000,0.0000,0.0000,0.0000,0.0000,0.0010,0.0034,0.0003,0.0000,0.0000,0.0000,0.0000,0.0000,0.0079,0.0001,0.0000,0.0000,0.0000,0.0000,0.0000,0.0000
olympus/pic.0063.jpg,0.0000,0.0000,0.0000,0.0000,0.0000,0.0000,0.0000,0.0000,0.0000,0.0000,0.0005,0.0000,0.0000,0.0000,0.0000,0.0000,0.0000,0.0000,0.8804,0.0000,0.0000,0.0000,0.0000,0.0000,0.0000,0.0000,0.1191,0.0000,0.0000,0.0000,0.0000,0.0000,0.0000,0.0000,0.0000,0.0000,0.0000,0.0000,0.0000,0.0000,0.0000,0.0000,0.0000,0.0000,0.0000,0.0000,0.0000,0.0000,0.0000,0.0000,0.0000,0.0000,0.0000,0.0000,0.0000,0.0000,0.0000,0.0000,0.0000,0.0000,0.0000,0.0000,0.0000,0.0000
olympus/pic.0064.jpg,0.0016,0.0004,0.0002,0.0000,0.0000,0.0000,0.0000,0.0001,0.0003,0.0107,0.0196,0.0001,0.0000,0.0000,0.0000,0.0000,0.0002,0.0042,0.8316,0.0088,0.0000,0.0000,0.0000,0.0000,0.0002,0.0030,0.0874,0.0017,0.0000,0.0000,0.0000,0.0000,0.0002,0.0123,0.0104,0.0003,0.0000,0.0000,0.0000,0.0000,0.0001,0.0036,0.0009,0.0000,0.0000,0.0000,0.0000,0.0000,0.0002,0.0005,0.0000,0.0000,0.0000,0.0000,0.0000,0.0000,0.0013,0.0000,0.0000,0.0000,0.0000,0.0000,0.0000,0.0000
olympus/pic.0065.jpg,0.0010,0.0002,0.0003,0.0002,0.0002,0.0001,0.0000,0.0027,0.0005,0.0011,0.0031,0.0015,0.0009,0.0004,0.0007,0.0000,0.0004,0.0158,0.5769,0.2248,0.0067,0.0013,0.0001,0.0000,0.0009,0.0077,0.0744,0.0050,0.0014,0.0000,0.0000,0.0000,0.0017,0.0342,0.0034,0.0004,0.0002,0.0000,0.0000,0.0000,0.0059,0.0133,0.0005,0.0000,0.0000,0.0000,0.0000,0.0000,0.0030,0.0013,0.0001,0.0000,0.0000,0.0000,0.0000,0.0000,0.0075,0.0000,0.0000,0.0000,0.0000,0.0000,0.0000,0.0000
olympus/pic.0066.jpg,0.0005,0.0001,0.0001,0.0000,0.0000,0.0000,0.0000,0.0003,0.0004,0.0001,0.0021,0.0001,0.0000,0.0000,0.0000,0.0000,0.0003,0.0091,0.5570,0.1189,0.0003,0.0000,0.0000,0.0000,0.0004,0.0029,0.2133,0.0028,0.0005,0.0000,0.0000,0.0000,0.0006,0.0165,0.0118,0.0003,0.0000,0.0000,0.0000,0.0000,0.0014,0.0448,0.0009,0.0000,0.0000,0.0000,0.0000,0.0000,0.0029,0.0034,0.0000,0.0000,0.0000,0.0000,0.0000,0.0000,0.0076,0.0000,0.0000,0.0000,0.0000,0.0000,0.0000,0.0000
olympus/pic.0067.jpg,0.0000,0.0000,0.0000,0.0000,0.0000,0.0000,0.0000,0.0008,0.0000,0.0000,0.0000,0.0001,0.0001,0.0001,0.0003,0.0000,0.0000,0.0000,0.5575,0.2103,0.0407,0.0011,0.0000,0.0000,0.0000,0.0003,0.0958,0.0609,0.0060,0.0000,0.0000,0.0000,0.0000,0.0089,0.0092,0.0015,0.0002,0.0000,0.0000,0.0000,0.0000,0.0009,0.0015,0.0000,0.0000,0.0000,0.0000,0.0000,0.0001,0.0009,0.0001,0.0000,0.0000,0.0000,0.0000,0.0000,0.0024,0.0000,0.0000,0.0000,0.0000,0.0000,0.0000,0.0000
olympus/pic.0068.jpg,0.0007,0.0010,0.0011,0.0011,0.0030,0.0018,0.0010,0.0108,0.0001,0.0000,0.0035,0.0170,0.0050,0.0009,0.0007,0.0000,0.0001,0.0001,0.6104,0.2248,0.0113,0.0015,0.0001,0.0000,0.0000,0.0001,0.0501,0.0420,0.0052,0.0001,0.0000,0.0000,0.0000,0.0002,0.0019,0.0015,0.0002,0.0000,0.0000,0.0000,0.0000,0.0001,0.0006,0.0000,0.0000,0.0000,0.0000,0.0000,0.0000,0.0002,0.0001,0.0000,0.0000,0.0000,0.0000,0.0000,0.0012,0.0000,0.0000,0.0000,0.0000,0.0000,0.0000,0.0000
olympus/pic.0069.jpg,0.0002,0.0000,0.0000,0.0000,0.0000,0.0000,0.0000,0.0001,0.0000,0.0000,0.0001,0.0000,0.0000,0.0000,0.0000,0.0000,0.0000,0.0002,0.5945,0.0011,0.0000,0.0000,0.0000,0.0000,0.0000,0.0008,0.3537,0.0007,0.0000,0.0000,0.0000,0.0000,0.0000,0.0046,0.0269,0.0003,0.0000,0.0000,0.0000,0.0000,0.0005,0.0091,0.0038,0.0000,0.0000,0.0000,0.0000,0.0000,0.0014,0.0009,0.0000,0.0000,0.0000,0.0000,0.0000,0.0000,0.0009,0.0000,0.0000,0.0000,0.0000,0.0000,0.0000,0.0000
olympus/pic.0070.jpg,0.0000,0.0000,0.0000,0.0000,0.0000,0.0000,0.0000,0.0000,0.0000,0.0000,0.0550,0.0000,0.0000,0.0000,0.0000,0.0000,0.0000,0.0000,0.8818,0.0000,0.0000,0.0000,0.0000,0.0000,0.0000,0.0000,0.0632,0.0000,0.0000,0.0000,0.0000,0.0000,0.0000,0.0000,0.0000,0.0000,0.0000,0.0000,0.0000,0.0000,0.0000,0.0000,0.0000,0.0000,0.0000,0.0000,0.0000,0.0000,0.0000,0.0000,0.0000,0.0000,0.0000,0.0000,0.0000,0.0000,0.0000,0.0000,0.0000,0.0000,0.0000,0.0000,0.0000,0.0000
olympus/pic.0071.jpg,0.0006,0.0004,0.0005,0.0003,0.0005,0.0003,0.0003,0.0064,0.0001,0.0001,0.0402,0.0035,0.0021,0.0007,0.0012,0.0001,0.0002,0.0002,0.5121,0.1066,0.0233,0.0040,0.0003,0.0000,0.0001,0.0005,0.1758,0.0686,0.0123,0.0003,0.0000,0.0000,0.0002,0.0022,0.0227,0.0047,0.0011,0.0000,0.0000,0.0000,0.0001,0.0006,0.0030,0.0000,0.0000,0.0000,0.0000,0.0000,0.0001,0.0008,0.0002,0.0000,0.0000,0.0000,0.0000,0.0000,0.0029,0.0000,0.0000,0.0000,0.0000,0.0000,0.0000,0.0000
olympus/pic.0072.jpg,0.0013,0.0002,0.0002,0.0000,0.0000,0.0000,0.0000,0.0002,0.0007,0.0044,0.0027,0.0011,0.0000,0.0000,0.0000,0.0000,0.0007,0.0819,0.5100,0.1839,0.0001,0.0000,0.0000,0.0000,0.0005,0.0157,0.1094,0.0004,0.0000,0.0000,0.0000,0.0000,0.0008,0.0214,0.0187,0.0001,0.0000,0.0000,0.0000,0.0000,0.0040,0.0328,0.0002,0.0000,0.0000,0.0000,0.0000,0.0000,0.0029,0.0013,0.0000,0.0000,0.0000,0.0000,0.0000,0.0000,0.0041,0.0000,0.0000,0.0000,0.0000,0.0000,0.0000,0.0000
olympus/pic.0073.jpg,0.0010,0.0006,0.0014,0.0007,0.0003,0.0005,0.0000,0.0008,0.0004,0.0008,0.0182,0.0047,0.0022,0.0000,0.0000,0.0000,0.0002,0.0017,0.5357,0.0262,0.0012,0.0002,0.0003,0.0000,0.0002,0.0007,0.2955,0.0235,0.0785,0.0001,0.0000,0.0000,0.0000,0.0007,0.0007,0.0007,0.0008,0.0000,0.0000,0.0000,0.0001,0.0003,0.0002,0.0000,0.0000,0.0000,0.0000,0.0000,0.0001,0.0001,0.0000,0.0000,0.0000,0.0000,0.0000,0.0000,0.0008,0.0000,0.0000,0.0000,0.0000,0.0000,0.0000,0.0000
olympus/pic.0074.jpg,0.0008,0.0003,0.0004,0.0000,0.0000,0.0002,0.0000,0.0004,0.0002,0.0037,0.0541,0.0013,0.0008,0.0000,0.0000,0.0000,0.0003,0.0013,0.6371,0.0198,0.0012,0.0001,0.0005,0.0000,0.0004,0.0026,0.1578,0.0398,0.0031,0.0000,0.0000,0.0000,0.0002,0.0049,0.0418,0.0042,0.0116,0.0000,0.0000,0.0000,0.0020,0.0036,0.0021,0.0000,0.0000,0.0000,0.0000,0.0000,0.0003,0.0011,0.0002,0.0000,0.0000,0.0000,0.0000,0.0000,0.0017,0.0000,0.0000,0.0000,0.0000,0.0000,0.0000,0.0000
olympus/pic.0075.jpg,0.0013,0.0006,0.0004,0.0001,0.0001,0.0001,0.0000,0.0003,0.0003,0.0108,0.0220,0.0013,0.0002,0.0000,0.0000,0.0000,0.0003,0.0021,0.6414,0.0109,0.0007,0.0001,0.0000,0.0000,0.0002,0.0015,0.2423,0.0088,0.0003,0.0000,0.0000,0.0000,0.0002,0.0056,0.0202,0.0007,0.0002,0.0000,0.0000,0.0000,0.0003,0.0125,0.0013,0.0000,0.0000,0.0000,0.0000,0.0000,0.0077,0.0016,0.0000,0.0000,0.0000,0.0000,0.0000,0.0000,0.0035,0.0000,0.0000,0.0000,0.0000,0.0000,0.0000,0.0000
olympus/pic.0076.jpg,0.0014,0.0004,0.0003,0.0001,0.0001,0.0000,0.0000,0.0003,0.0008,0.0011,0.0085,0.0001,0.0000,0.0000,0.0000,0.0000,0.0012,0.0049,0.6814,0.0012,0.0000,0.0000,0.0000,0.0000,0.0009,0.0085,0.1920,0.0024,0.0001,0.0000,0.0000,0.0000,0.0010,0.0239,0.0376,0.0004,0.0001,0.0000,0.0000,0.0000,0.0009,0.0174,0.0016,0.0000,0.0000,0.0000,0.0000,0.0000,0.0049,0.0025,0.0001,0.0000,0.0000,0.0000,0.0000,0.0000,0.0035,0.0000,0.0000,0.0000,0.0000,0.0000,0.0000,0.0000
olympus/pic.0077.jpg,0.0012,0.0005,0.0021,0.0010,0.0007,0.0007,0.0001,0.0010,0.0003,0.0014,0.0193,0.0094,0.0012,0.0000,0.0000,0.0000,0.0004,0.0014,0.7137,0.0177,0.0001,0.0001,0.0001,0.0000,0.0004,0.0016,0.1688,0.0030,0.0002,0.0000,0.0000,0.0000,0.0003,0.0059,0.0304,0.0012,0.0005,0.0000,0.0000,0.0000,0.0004,0.0041,0.0020,0.0000,0.0000,0.0000,0.0000,0.0000,0.0035,0.0010,0.0001,0.0000,0.0000,0.0000,0.0000,0.0000,0.0043,0.0000,0.0000,0.0000,0.0000,0.0000,0.0000,0.0000
olympus/pic.0078.jpg,0.0000,0.0000,0.0000,0.0000,0.0000,0.0000,0.0000,0.0000,0.0000,0.0001,0.0002,0.0000,0.0000,0.0000,0.0000,0.0000,0.0000,0.0001,0.9714,0.0000,0.0000,0.0000,0.0000,0.0000,0.0000,0.0001,0.0255,0.0000,0.0000,0.0000,0.0000,0.0000,0.0000,0.0001,0.0023,0.0000,0.0000,0.0000,0.0000,0.0000,0.0000,0.0000,0.0000,0.0000,0.0000,0.0000,0.0000,0.0000,0.0000,0.0000,0.0000,0.0000,0.0000,0.0000,0.0000,0.0000,0.0000,0.0000,0.0000,0.0000,0.0000,0.0000,0.0000,0.0000
olympus/pic.0079.jpg,0.0013,0.0003,0.0029,0.0013,0.0013,0.0117,0.0001,0.0098,0.0001,0.0013,0.0379,0.0229,0.0160,0.0002,0.0001,0.0000,0.0001,0.0026,0.5366,0.1027,0.0111,0.0005,0.0077,0.0000,0.0002,0.0023,0.0607,0.0486,0.0052,0.0003,0.0000,0.0000,0.0001,0.0181,0.0273,0.0057,0.0117,0.0000,0.0000,0.0000,0.0019,0.0328,0.0043,0.0000,0.0000,0.0000,0.0000,0.0000,0.0045,0.0057,0.0002,0.0000,0.0000,0.0000,0.0000,0.0000,0.0017,0.0000,0.0000,0.0000,0.0000,0.0000,0.0000,0.0000
olympus/pic.0080.jpg,0.0004,0.0001,0.0001,0.0000,0.0000,0.0000,0.0000,0.0001,0.0003,0.0002,0.5264,0.0029,0.0000,0.0000,0.0000,0.0000,0.0002,0.0030,0.3410,0.0165,0.0000,0.0000,0.0000,0.0000,0.0001,0.0073,0.0675,0.0185,0.0000,0.0000,0.0000,0.0000,0.0002,0.0044,0.0031,0.0002,0.0000,0.0000,0.0000,0.0000,0.0001,0.0048,0.0004,0.0000,0.0000,0.0000,0.0000,0.0000,0.0002,0.0007,0.0000,0.0000,0.0000,0.0000,0.0000,0.0000,0.0013,0.0000,0.0000,0.0000,0.0000,0.0000,0.0000,0.0000
olympus/pic.0081.jpg,0.0004,0.0001,0.0001,0.0000,0.0000,0.0000,0.0000,0.0001,0.0001,0.0001,0.0008,0.0002,0.0000,0.0000,0.0000,0.0000,0.0001,0.0003,0.9231,0.0013,0.0000,0.0000,0.0000,0.0000,0.0000,0.0016,0.0628,0.0000,0.0000,0.0000,0.0000,0.0000,0.0001,0.0064,0.0017,0.0000,0.0000,0.0000,0.0000,0.0000,0.0000,0.0004,0.0000,0.0000,0.0000,0.0000,0.0000,0.0000,0.0000,0.0001,0.0000,0.0000,0.0000,0.0000,0.0000,0.0000,0.0001,0.0000,0.0000,0.0000,0.0000,0.0000,0.0000,0.0000
olympus/pic.0082.jpg,0.0013,0.0003,0.0012,0.0003,0.0001,0.0001,0.0000,0.0007,0.0008,0.0011,0.0103,0.0005,0.0001,0.0000,0.0000,0.0000,0.0007,0.0017,0.7350,0.0164,0.0002,0.0001,0.0000,0.0000,0.0009,0.0021,0.1618,0.0081,0.0003,0.0000,0.0000,0.0000,0.0008,0.0050,0.0209,0.0031,0.0002,0.0000,0.0000,0.0000,0.0004,0.0146,0.0025,0.0000,0.0000,0.0000,0.0000,0.0000,0.0007,0.0031,0.0001,0.0000,0.0000,0.0000,0.0000,0.0000,0.0043,0.0000,0.0000,0.0000,0.0000,0.0000,0.0000,0.0000
olympus/pic.0083.jpg,0.0001,0.0000,0.0001,0.0001,0.0000,0.0000,0.0000,0.0001,0.0000,0.0000,0.0023,0.0004,0.0000,0.0000,0.0000,0.0000,0.0001,0.0004,0.9077,0.0045,0.0000,0.0000,0.0000,0.0000,0.0000,0.0005,0.0640,0.0034,0.0001,0.0000,0.0000,0.0000,0.0001,0.0037,0.0037,0.0004,0.0001,0.0000,0.0000,0.0000,0.0006,0.0029,0.0005,0.0000,0.0000,0.0000,0.0000,0.0000,0.0006,0.0007,0.0000,0.0000,0.0000,0.0000,0.0000,0.0000,0.0025,0.0000,0.0000,0.0000,0.0000,0.0000,0.0000,0.0000
olympus/pic.0084.jpg,0.0000,0.0000,0.0000,0.0000,0.0002,0.0008,0.0002,0.0004,0.0000,0.0005,0.0095,0.0321,0.0268,0.0051,0.0020,0.0000,0.0000,0.0001,0.1217,0.4586,0.1710,0.0123,0.0007,0.0000,0.0000,0.0003,0.0049,0.1119,0.0289,0.0062,0.0000,0.0000,0.0000,0.0001,0.0001,0.0019,0.0036,0.0000,0.0000,0.0000,0.0000,0.0000,0.0000,0.0000,0.0000,0.0000,0.0000,0.0000,0.0000,0.0000,0.0000,0.0000,0.0000,0.0000,0.0000,0.0000,0.0000,0.0000,0.0000,0.0000,0.0000,0.0000,0.0000,0.0000
olympus/pic.0085.jpg,0.0004,0.0003,0.0007,0.0004,0.0007,0.0003,0.0004,0.0036,0.0001,0.0002,0.0373,0.0218,0.0055,0.0008,0.0007,0.0000,0.0000,0.0002,0.7079,0.1517,0.0051,0.0014,0.0001,0.0000,0.0000,0.0003,0.0413,0.0108,0.0026,0.0001,0.0000,0.0000,0.0000,0.0002,0.0039,0.0003,0.0001,0.0000,0.0000,0.0000,0.0000,0.0000,0.0001,0.0000,0.0000,0.0000,0.0000,0.0000,0.0000,0.0001,0.0000,0.0000,0.0000,0.0000,0.0000,0.0000,0.0005,0.0000,0.0000,0.0000,0.0000,0.0000,0.0000,0.0000
olympus/pic.0086.jpg,0.0012,0.0007,0.0004,0.0004,0.0004,0.0001,0.0001,0.0012,0.0002,0.0038,0.0559,0.0090,0.0004,0.0001,0.0001,0.0000,0.0001,0.0017,0.7048,0.1328,0.0005,0.0001,0.0000,0.0000,0.0000,0.0010,0.0801,0.0016,0.0002,0.0000,0.0000,0.0000,0.0001,0.0005,0.0016,0.0001,0.0000,0.0000,0.0000,0.0000,0.0001,0.0001,0.0001,0.0000,0.0000,0.0000,0.0000,0.0000,0.0001,0.0001,0.0000,0.0000,0.0000,0.0000,0.0000,0.0000,0.0002,0.0000,0.0000,0.0000,0.0000,0.0000,0.0000,0.0000
olympus/pic.0087.jpg,0.0045,0.0005,0.0006,0.0003,0.0006,0.0018,0.0008,0.0268,0.0007,0.0006,0.0017,0.0028,0.0035,0.0016,0.0035,0.0002,0.0008,0.0015,0.7438,0.0841,0.0153,0.0051,0.0022,0.0000,0.0004,0.0016,0.0305,0.0083,0.0034,0.0002,0.0000,0.0000,0.0005,0.0103,0.0198,0.0016,0.0016,0.0000,0.0000,0.0000,0.0006,0.0019,0.0062,0.0000,0.0000,0.0000,0.0000,0.0000,0.0003,0.0009,0.0001,0.0000,0.0000,0.0000,0.0000,0.0000,0.0085,0.0000,0.0000,0.0000,0.0000,0.0000,0.0000,0.0000
olympus/pic.0088.jpg,0.0000,0.0000,0.0000,0.0000,0.0000,0.0000,0.0000,0.0000,0.0000,0.0000,0.0003,0.0000,0.0000,0.0000,0.0000,0.0000,0.0000,0.0000,0.4490,0.0000,0.0000,0.0000,0.0000,0.0000,0.0000,0.0001,0.3221,0.0008,0.0000,0.0000,0.0000,0.0000,0.0000,0.0044,0.2119,0.0002,0.0000,0.0000,0.0000,0.0000,0.0000,0.0030,0.0079,0.0000,0.0000,0.0000,0.0000,0.0000,0.0000,0.0002,0.0000,0.0000,0.0000,0.0000,0.0000,0.0000,0.0000,0.0000,0.0000,0.0000,0.0000,0.0000,0.0000,0.0000
olympus/pic.0089.jpg,0.0004,0.0123,0.0042,0.0001,0.0000,0.0001,0.0000,0.0000,0.0001,0.0029,0.0354,0.0002,0.0001,0.0000,0.0000,0.0000,0.0001,0.0019,0.7051,0.0004,0.0000,0.0000,0.0000,0.0000,0.0000,0.0004,0.2290,0.0004,0.0000,0.0000,0.0000,0.0000,0.0000,0.0008,0.0059,0.0000,0.0000,0.0000,0.0000,0.0000,0.0000,0.0001,0.0000,0.0000,0.0000,0.0000,0.0000,0.0000,0.0000,0.0000,0.0000,0.0000,0.0000,0.0000,0.0000,0.0000,0.0001,0.0000,0.0000,0.0000,0.0000,0.0000,0.0000,0.0000
olympus/pic.0090.jpg,0.0051,0.0008,0.0009,0.0003,0.0009,0.0007,0.0005,0.0121,0.0013,0.0009,0.0130,0.0441,0.0140,0.0016,0.0025,0.0002,0.0009,0.0061,0.5832,0.1819,0.0384,0.0079,0.0004,0.0000,0.0017,0.0036,0.0281,0.0206,0.0147,0.0002,0.0000,0.0000,0.0012,0.0015,0.0017,0.0009,0.0004,0.0000,0.0000,0.0000,0.0004,0.0005,0.0006,0.0000,0.0000,0.0000,0.0000,0.0000,0.0005,0.0004,0.0001,0.0000,0.0000,0.0000,0.0000,0.0000,0.0051,0.0000,0.0000,0.0000,0.0000,0.0000,0.0000,0.0000
olympus/pic.0091.jpg,0.0024,0.0012,0.0022,0.0007,0.0005,0.0003,0.0001,0.0007,0.0004,0.0013,0.0208,0.0265,0.0120,0.0002,0.0001,0.0000,0.0003,0.0023,0.6186,0.2617,0.0090,0.0001,0.0000,0.0000,0.0003,0.0006,0.0346,0.0020,0.0002,0.0000,0.0000,0.0000,0.0001,0.0001,0.0002,0.0001,0.0000,0.0000,0.0000,0.0000,0.0000,0.0000,0.0001,0.0000,0.0000,0.0000,0.0000,0.0000,0.0000,0.0000,0.0000,0.0000,0.0000,0.0000,0.0000,0.0000,0.0002,0.0000,0.0000,0.0000,0.0000,0.0000,0.0000,0.0000
olympus/pic.0092.jpg,0.0015,0.0011,0.0014,0.0002,0.0002,0.0001,0.0000,0.0007,0.0002,0.0006,0.2293,0.0007,0.0001,0.0000,0.0000,0.0000,0.0001,0.0008,0.7578,0.0011,0.0001,0.0000,0.0000,0.0000,0.0001,0.0001,0.0032,0.0001,0.0000,0.0000,0.0000,0.0000,0.0001,0.0000,0.0000,0.0000,0.0000,0.0000,0.0000,0.0000,0.0000,0.0000,0.0000,0.0000,0.0000,0.0000,0.0000,0.0000,0.0000,0.0000,0.0000,0.0000,0.0000,0.0000,0.0000,0.0000,0.0002,0.0000,0.0000,0.0000,0.0000,0.0000,0.0000,0.0000
olympus/pic.0093.jpg,0.0016,0.0017,0.0141,0.0017,0.0020,0.0014,0.0008,0.0117,0.0003,0.0030,0.1467,0.0763,0.0366,0.0029,0.0018,0.0002,0.0001,0.0015,0.4285,0.2028,0.0221,0.0032,0.0002,0.0000,0.0001,0.0010,0.0176,0.0113,0.0046,0.0001,0.0000,0.0000,0.0002,0.0006,0.0006,0.0005,0.0003,0.0000,0.0000,0.0000,0.0001,0.0004,0.0002,0.0000,0.0000,0.0000,0.0000,0.0000,0.0001,0.0001,0.0000,0.0000,0.0000,0.0000,0.0000,0.0000,0.0008,0.0000,0.0000,0.0000,0.0000,0.0000,0.0000,0.0000
olympus/pic.0094.jpg,0.0053,0.0030,0.0027,0.0013,0.0017,0.0017,0.0015,0.0264,0.0005,0.0038,0.0620,0.0234,0.0250,0.0085,0.0064,0.0004,0.0003,0.0010,0.2977,0.4530,0.0494,0.0077,0.0006,0.0000,0.0001,0.0003,0.0099,0.0025,0.0016,0.0000,0.0000,0.0000,0.0001,0.0002,0.0002,0.0003,0.0003,0.0000,0.0000,0.0000,0.0000,0.0001,0.0001,0.0000,0.0000,0.0000,0.0000,0.0000,0.0001,0.0000,0.0000,0.0000,0.0000,0.0000,0.0000,0.0000,0.0008,0.0000,0.0000,0.0000,0.0000,0.0000,0.0000,0.0000
olympus/pic.0095.jpg,0.0032,0.0016,0.0081,0.0028,0.0011,0.0004,0.0002,0.0038,0.0009,0.0102,0.0712,0.0151,0.0016,0.0003,0.0003,0.0000,0.0006,0.0756,0.5694,0.0721,0.0024,0.0005,0.0002,0.0000,0.0004,0.0029,0.0831,0.0645,0.0026,0.0000,0.0000,0.0000,0.0005,0.0010,0.0007,0.0004,0.0001,0.0000,0.0000,0.0000,0.0002,0.0002,0.0002,0.0000,0.0000,0.0000,0.0000,0.0000,0.0002,0.0001,0.0000,0.0000,0.0000,0.0000,0.0000,0.0000,0.0012,0.0000,0.0000,0.0000,0.0000,0.0000,0.0000,0.0000
olympus/pic.0096.jpg,0.0019,0.0008,0.0011,0.0008,0.0005,0.0004,0.0001,0.0063,0.0003,0.0002,0.0079,0.0031,0.0009,0.0002,0.0005,0.0001,0.0003,0.0010,0.8793,0.0522,0.0034,0.0011,0.0005,0.0000,0.0002,0.0005,0.0216,0.0096,0.0007,0.0001,0.0000,0.0000,0.0003,0.0003,0.0004,0.0003,0.0003,0.0000,0.0000,0.0000,0.0002,0.0001,0.0003,0.0000,0.0000,0.0000,0.0000,0.0000,0.0001,0.0001,0.0000,0.0000,0.0000,0.0000,0.0000,0.0000,0.0019,0.0000,0.0000,0.0000,0.0000,0.0000,0.0000,0.0000
olympus/pic.0097.jpg,0.0000,0.0000,0.0000,0.0000,0.0000,0.0000,0.0000,0.0000,0.0000,0.0001,0.0005,0.0000,0.0000,0.0000,0.0000,0.0000,0.0000,0.0003,0.9962,0.0000,0.0000,0.0000,0.0000,0.0000,0.0000,0.0000,0.0029,0.0000,0.0000,0.0000,0.0000,0.0000,0.0000,0.0000,0.0000,0.0000,0.0000,0.0000,0.0000,0.0000,0.0000,0.0000,0.0000,0.0000,0.0000,0.0000,0.0000,0.0000,0.0000,0.0000,0.0000,0.0000,0.0000,0.0000,0.0000,0.0000,0.0000,0.0000,0.0000,0.0000,0.0000,0.0000,0.0000,0.0000
olympus/pic.0098.jpg,0.0032,0.0078,0.0135,0.0347,0.0239,0.0080,0.0029,0.0174,0.0003,0.0004,0.0651,0.1117,0.0036,0.0001,0.0000,0.0000,0.0001,0.0006,0.6141,0.0894,0.0001,0.0000,0.0000,0.0000,0.0002,0.0004,0.0012,0.0000,0.0000,0.0000,0.0000,0.0000,0.0002,0.0002,0.0000,0.0000,0.0000,0.0000,0.0000,0.0000,0.0001,0.0000,0.0000,0.0000,0.0000,0.0000,0.0000,0.0000,0.0001,0.0000,0.0000,0.0000,0.0000,0.0000,0.0000,0.0000,0.0007,0.0000,0.0000,0.0000,0.0000,0.0000,0.0000,0.0000
olympus/pic.0099.jpg,0.0003,0.0003,0.0008,0.0001,0.0000,0.0000,0.0001,0.0010,0.0001,0.0001,0.0351,0.0010,0.0006,0.0002,0.0003,0.0000,0.0000,0.0001,0.8807,0.0545,0.0050,0.0008,0.0001,0.0000,0.0000,0.0001,0.0096,0.0063,0.0016,0.0000,0.0000,0.0000,0.0000,0.0000,0.0002,0.0002,0.0001,0.0000,0.0000,0.0000,0.0000,0.0000,0.0001,0.0000,0.0000,0.0000,0.0000,0.0000,0.0000,0.0000,0.0000,0.0000,0.0000,0.0000,0.0000,0.0000,0.0005,0.0000,0.0000,0.0000,0.0000,0.0000,0.0000,0.0000
olympus/pic.0100.jpg,0.0075,0.0131,0.0014,0.0002,0.0004,0.0005,0.0003,0.0084,0.0023,0.0409,0.1406,0.0119,0.0038,0.0006,0.0014,0.0001,0.0006,0.0043,0.4488,0.1873,0.0117,0.0031,0.0004,0.0000,0.0007,0.0093,0.0689,0.0186,0.0059,0.0002,0.0000,0.0000,0.0004,0.0021,0.0016,0.0003,0.0003,0.0000,0.0000,0.0000,0.0002,0.0003,0.0002,0.0000,0.0000,0.0000,0.0000,0.0000,0.0002,0.0001,0.0000,0.0000,0.0000,0.0000,0.0000,0.0000,0.0011,0.0000,0.0000,0.0000,0.0000,0.0000,0.0000,0.0000
olympus/pic.0101.jpg,0.0001,0.0001,0.0002,0.0001,0.0002,0.0001,0.0001,0.0006,0.0001,0.0001,0.0033,0.0064,0.0024,0.0004,0.0002,0.0000,0.0001,0.0003,0.5424,0.3858,0.0086,0.0003,0.0000,0.0000,0.0000,0.0002,0.0270,0.0191,0.0009,0.0000,0.0000,0.0000,0.0000,0.0001,0.0002,0.0001,0.0000,0.0000,0.0000,0.0000,0.0000,0.0000,0.0001,0.0000,0.0000,0.0000,0.0000,0.0000,0.0000,0.0000,0.0000,0.0000,0.0000,0.0000,0.0000,0.0000,0.0001,0.0000,0.0000,0.0000,0.0000,0.0000,0.0000,0.0000
olympus/pic.0102.jpg,0.0000,0.0000,0.0130,0.0474,0.0000,0.0000,0.0000,0.0000,0.0000,0.0030,0.1615,0.0802,0.0000,0.0000,0.0000,0.0000,0.0000,0.0182,0.4065,0.0021,0.0000,0.0000,0.0000,0.0000,0.0032,0.0536,0.0947,0.0000,0.0000,0.0000,0.0000,0.0000,0.0182,0.0427,0.0004,0.0000,0.0000,0.0000,0.0000,0.0000,0.0403,0.0131,0.0000,0.0000,0.0000,0.0000,0.0000,0.0000,0.0019,0.0000,0.0000,0.0000,0.0000,0.0000,0.0000,0.0000,0.0000,0.0000,0.0000,0.0000,0.0000,0.0000,0.0000,0.0000
olympus/pic.0103.jpg,0.0000,0.0000,0.0000,0.0000,0.0000,0.0000,0.0000,0.0000,0.0000,0.0000,0.0002,0.0000,0.0000,0.0000,0.0000,0.0000,0.0000,0.0006,0.5206,0.2547,0.0489,0.0001,0.0000,0.0000,0.0000,0.0002,0.0935,0.0591,0.0112,0.0000,0.0000,0.0000,0.0000,0.0003,0.0103,0.0003,0.0000,0.0000,0.0000,0.0000,0.0000,0.0000,0.0000,0.0000,0.0000,0.0000,0.0000,0.0000,0.0000,0.0000,0.0000,0.0000,0.0000,0.0000,0.0000,0.0000,0.0000,0.0000,0.0000,0.0000,0.0000,0.0000,0.0000,0.0000
olympus/pic.0104.jpg,0.0003,0.0001,0.0003,0.0006,0.0007,0.0003,0.0002,0.0013,0.0001,0.0002,0.0117,0.0234,0.0014,0.0002,0.0002,0.0000,0.0001,0.0011,0.7909,0.1518,0.0044,0.0003,0.0000,0.0000,0.0001,0.0005,0.0069,0.0017,0.0004,0.0000,0.0000,0.0000,0.0001,0.0001,0.0001,0.0001,0.0000,0.0000,0.0000,0.0000,0.0000,0.0000,0.0000,0.0000,0.0000,0.0000,0.0000,0.0000,0.0000,0.0000,0.0000,0.0000,0.0000,0.0000,0.0000,0.0000,0.0001,0.0000,0.0000,0.0000,0.0000,0.0000,0.0000,0.0000
olympus/pic.0105.jpg,0.0021,0.0008,0.0010,0.0006,0.0005,0.0003,0.0001,0.0005,0.0007,0.0015,0.0310,0.0165,0.0018,0.0002,0.0000,0.0000,0.0005,0.0053,0.6948,0.0626,0.0007,0.0000,0.0000,0.0000,0.0006,0.0020,0.1557,0.0137,0.0000,0.0000,0.0000,0.0000,0.0005,0.0005,0.0022,0.0010,0.0000,0.0000,0.0000,0.0000,0.0001,0.0001,0.0005,0.0000,0.0000,0.0000,0.0000,0.0000,0.0002,0.0002,0.0000,0.0000,0.0000,0.0000,0.0000,0.0000,0.0010,0.0000,0.0000,0.0000,0.0000,0.0000,0.0000,0.0000
olympus/pic.0106.jpg,0.0012,0.0009,0.0033,0.0764,0.0005,0.0000,0.0000,0.0001,0.0003,0.0007,0.1019,0.1636,0.0002,0.0000,0.0000,0.0000,0.0002,0.0005,0.5492,0.0938,0.0012,0.0001,0.0000,0.0000,0.0000,0.0001,0.0033,0.0020,0.0002,0.0000,0.0000,0.0000,0.0000,0.0000,0.0000,0.0000,0.0000,0.0000,0.0000,0.0000,0.0000,0.0000,0.0000,0.0000,0.0000,0.0000,0.0000,0.0000,0.0000,0.0000,0.0000,0.0000,0.0000,0.0000,0.0000,0.0000,0.0000,0.0000,0.0000,0.0000,0.0000,0.0000,0.0000,0.0000
olympus/pic.0107.jpg,0.0000,0.0000,0.0000,0.0000,0.0000,0.0000,0.0000,0.0003,0.0000,0.0000,0.0001,0.0000,0.0000,0.0000,0.0000,0.0000,0.0000,0.0001,0.9815,0.0006,0.0000,0.0001,0.0000,0.0000,0.0000,0.0002,0.0134,0.0005,0.0002,0.0000,0.0000,0.0000,0.0000,0.0002,0.0006,0.0003,0.0001,0.0000,0.0000,0.0000,0.0000,0.0001,0.0003,0.0000,0.0000,0.0000,0.0000,0.0000,0.0001,0.0003,0.0000,0.0000,0.0000,0.0000,0.0000,0.0000,0.0010,0.0000,0.0000,0.0000,0.0000,0.0000,0.0000,0.0000
olympus/pic.0108.jpg,0.0035,0.0011,0.0014,0.0009,0.0008,0.0009,0.0003,0.0137,0.0008,0.0009,0.0132,0.0054,0.0025,0.0004,0.0017,0.0002,0.0006,0.0021,0.7342,0.1370,0.0106,0.0046,0.0011,0.0000,0.0004,0.0010,0.0332,0.0146,0.0044,0.0005,0.0000,0.0000,0.0003,0.0011,0.0020,0.0006,0.0006,0.0000,0.0000,0.0000,0.0002,0.0004,0.0003,0.0000,0.0000,0.0000,0.0000,0.0000,0.0002,0.0003,0.0000,0.0000,0.0000,0.0000,0.0000,0.0000,0.0022,0.0000,0.0000,0.0000,0.0000,0.0000,0.0000,0.0000
olympus/pic.0109.jpg,0.0027,0.0029,0.0081,0.0013,0.0011,0.0049,0.0041,0.0281,0.0005,0.0021,0.0832,0.0242,0.0679,0.0181,0.0122,0.0004,0.0003,0.0023,0.2289,0.2663,0.1147,0.0172,0.0038,0.0000,0.0005,0.0141,0.0575,0.0141,0.0054,0.0016,0.0000,0.0000,0.0006,0.0026,0.0047,0.0007,0.0010,0.0000,0.0000,0.0000,0.0003,0.0003,0.0003,0.0000,0.0000,0.0000,0.0000,0.0000,0.0001,0.0002,0.0000,0.0000,0.0000,0.0000,0.0000,0.0000,0.0008,0.0000,0.0000,0.0000,0.0000,0.0000,0.0000,0.0000
olympus/pic.0110.jpg,0.0176,0.0141,0.0139,0.0024,0.0012,0.0007,0.0002,0.0097,0.0009,0.0059,0.3923,0.0053,0.0012,0.0001,0.0006,0.0000,0.0005,0.0026,0.4092,0.0603,0.0035,0.0024,0.0007,0.0000,0.0003,0.0006,0.0249,0.0146,0.0060,0.0003,0.0000,0.0000,0.0002,0.0003,0.0011,0.0011,0.0011,0.0000,0.0000,0.0000,0.0001,0.0001,0.0006,0.0000,0.0000,0.0000,0.0000,0.0000,0.0001,0.0003,0.0001,0.0000,0.0000,0.0000,0.0000,0.0000,0.0030,0.0000,0.0000,0.0000,0.0000,0.0000,0.0000,0.0000
olympus/pic.0111.jpg,0.0053,0.0023,0.0026,0.0009,0.0005,0.0003,0.0001,0.0049,0.0006,0.0010,0.0439,0.0023,0.0006,0.0000,0.0002,0.0000,0.0003,0.0013,0.8520,0.0368,0.0017,0.0011,0.0004,0.0000,0.0002,0.0004,0.0109,0.0187,0.0047,0.0003,0.0000,0.0000,0.0001,0.0001,0.0004,0.0013,0.0015,0.0000,0.0000,0.0000,0.0001,0.0001,0.0005,0.0000,0.0000,0.0000,0.0000,0.0000,0.0001,0.0002,0.0001,0.0000,0.0000,0.0000,0.0000,0.0000,0.0014,0.0000,0.0000,0.0000,0.0000,0.0000,0.0000,0.0000
olympus/pic.0112.jpg,0.0030,0.0050,0.0205,0.0023,0.0204,0.0062,0.0007,0.0264,0.0010,0.0005,0.0290,0.0225,0.0032,0.0014,0.0019,0.0001,0.0002,0.0022,0.5949,0.2107,0.0106,0.0022,0.0003,0.0000,0.0001,0.0004,0.0196,0.0094,0.0010,0.0000,0.0000,0.0000,0.0002,0.0003,0.0016,0.0003,0.0002,0.0000,0.0000,0.0000,0.0001,0.0001,0.0002,0.0000,0.0000,0.0000,0.0000,0.0000,0.0001,0.0001,0.0000,0.0000,0.0000,0.0000,0.0000,0.0000,0.0014,0.0000,0.0000,0.0000,0.0000,0.0000,0.0000,0.0000
olympus/pic.0113.jpg,0.0003,0.0002,0.0003,0.0001,0.0000,0.0000,0.0000,0.0001,0.0001,0.0002,0.0101,0.0075,0.0000,0.0000,0.0000,0.0000,0.0002,0.0013,0.7516,0.0164,0.0000,0.0000,0.0000,0.0000,0.0003,0.0066,0.1447,0.0020,0.0000,0.0000,0.0000,0.0000,0.0007,0.0136,0.0414,0.0003,0.0000,0.0000,0.0000,0.0000,0.0005,0.0002,0.0001,0.0000,0.0000,0.0000,0.0000,0.0000,0.0004,0.0001,0.0000,0.0000,0.0000,0.0000,0.0000,0.0000,0.0007,0.0000,0.0000,0.0000,0.0000,0.0000,0.0000,0.0000
olympus/pic.0114.jpg,0.0001,0.0000,0.0000,0.0001,0.0001,0.0000,0.0000,0.0001,0.0002,0.0001,0.0010,0.0343,0.0002,0.0000,0.0000,0.0000,0.0005,0.0038,0.7545,0.0081,0.0000,0.0000,0.0000,0.0000,0.0005,0.0006,0.1205,0.0007,0.0000,0.0000,0.0000,0.0000,0.0005,0.0011,0.0637,0.0002,0.0000,0.0000,0.0000,0.0000,0.0004,0.0011,0.0030,0.0000,0.0000,0.0000,0.0000,0.0000,0.0004,0.0013,0.0001,0.0000,0.0000,0.0000,0.0000,0.0000,0.0023,0.0000,0.0000,0.0000,0.0000,0.0000,0.0000,0.0000
olympus/pic.0115.jpg,0.0028,0.0047,0.0452,0.0034,0.0005,0.0002,0.0001,0.0016,0.0004,0.0009,0.1617,0.0025,0.0001,0.0000,0.0000,0.0000,0.0003,0.0010,0.7265,0.0013,0.0001,0.0001,0.0000,0.0000,0.0004,0.0019,0.0288,0.0004,0.0002,0.0000,0.0000,0.0000,0.0005,0.0014,0.0013,0.0003,0.0001,0.0000,0.0000,0.0000,0.0005,0.0003,0.0008,0.0000,0.0000,0.0000,0.0000,0.0000,0.0007,0.0005,0.0000,0.0000,0.0000,0.0000,0.0000,0.0000,0.0083,0.0000,0.0000,0.0000,0.0000,0.0000,0.0000,0.0000
olympus/pic.0116.jpg,0.0023,0.0040,0.0221,0.0253,0.0002,0.0001,0.0000,0.0006,0.0001,0.0004,0.3201,0.0049,0.0001,0.0000,0.0000,0.0000,0.0001,0.0004,0.5817,0.0008,0.0000,0.0000,0.0000,0.0000,0.0002,0.0010,0.0265,0.0003,0.0000,0.0000,0.0000,0.0000,0.0002,0.0008,0.0011,0.0002,0.0000,0.0000,0.0000,0.0000,0.0003,0.0002,0.0004,0.0000,0.0000,0.0000,0.0000,0.0000,0.0003,0.0003,0.0000,0.0000,0.0000,0.0000,0.0000,0.0000,0.0046,0.0000,0.0000,0.0000,0.0000,0.0000,0.0000,0.0000
olympus/pic.0117.jpg,0.0072,0.0101,0.0342,0.0025,0.0003,0.0001,0.0000,0.0010,0.0003,0.0007,0.3434,0.0020,0.0002,0.0000,0.0000,0.0000,0.0002,0.0011,0.5301,0.0013,0.0001,0.0000,0.0000,0.0000,0.0002,0.0016,0.0497,0.0006,0.0001,0.0000,0.0000,0.0000,0.0004,0.0025,0.0020,0.0004,0.0000,0.0000,0.0000,0.0000,0.0004,0.0004,0.0008,0.0000,0.0000,0.0000,0.0000,0.0000,0.0002,0.0007,0.0001,0.0000,0.0000,0.0000,0.0000,0.0000,0.0052,0.0000,0.0000,0.0000,0.0000,0.0000,0.0000,0.0000
olympus/pic.0118.jpg,0.0004,0.0001,0.0001,0.0000,0.0000,0.0000,0.0000,0.0003,0.0001,0.0001,0.0055,0.0001,0.0000,0.0000,0.0000,0.0000,0.0002,0.0004,0.9714,0.0002,0.0000,0.0000,0.0000,0.0000,0.0001,0.0002,0.0178,0.0004,0.0001,0.0000,0.0000,0.0000,0.0001,0.0000,0.0002,0.0003,0.0001,0.0000,0.0000,0.0000,0.0000,0.0000,0.0002,0.0000,0.0000,0.0000,0.0000,0.0000,0.0000,0.0001,0.0000,0.0000,0.0000,0.0000,0.0000,0.0000,0.0011,0.0000,0.0000,0.0000,0.0000,0.0000,0.0000,0.0000
olympus/pic.0119.jpg,0.0012,0.0008,0.0009,0.0003,0.0001,0.0000,0.0000,0.0000,0.0001,0.0001,0.2440,0.0002,0.0000,0.0000,0.0000,0.0000,0.0001,0.0003,0.7512,0.0000,0.0000,0.0000,0.0000,0.0000,0.0000,0.0000,0.0005,0.0000,0.0000,0.0000,0.0000,0.0000,0.0000,0.0000,0.0000,0.0000,0.0000,0.0000,0.0000,0.0000,0.0000,0.0000,0.0000,0.0000,0.0000,0.0000,0.0000,0.0000,0.0000,0.0000,0.0000,0.0000,0.0000,0.0000,0.0000,0.0000,0.0000,0.0000,0.0000,0.0000,0.0000,0.0000,0.0000,0.0000
olympus/pic.0120.jpg,0.0003,0.0002,0.0002,0.0002,0.0000,0.0000,0.0000,0.0001,0.0000,0.0000,0.0110,0.0006,0.0000,0.0000,0.0000,0.0000,0.0000,0.0001,0.8907,0.0014,0.0000,0.0000,0.0000,0.0000,0.0000,0.0005,0.0744,0.0008,0.0000,0.0000,0.0000,0.0000,0.0000,0.0014,0.0108,0.0003,0.0000,0.0000,0.0000,0.0000,0.0005,0.0009,0.0017,0.0000,0.0000,0.0000,0.0000,0.0000,0.0007,0.0007,0.0001,0.0000,0.0000,0.0000,0.0000,0.0000,0.0021,0.0000,0.0000,0.0000,0.0000,0.0000,0.0000,0.0000
olympus/pic.0121.jpg,0.0001,0.0001,0.0001,0.0479,0.0011,0.0011,0.0011,0.0398,0.0000,0.0000,0.0012,0.0132,0.0067,0.0049,0.0097,0.0001,0.0000,0.0000,0.2367,0.5446,0.0640,0.0141,0.0006,0.0000,0.0000,0.0001,0.0050,0.0026,0.0024,0.0001,0.0000,0.0000,0.0000,0.0001,0.0004,0.0002,0.0001,0.0000,0.0000,0.0000,0.0000,0.0000,0.0002,0.0000,0.0000,0.0000,0.0000,0.0000,0.0001,0.0001,0.0000,0.0000,0.0000,0.0000,0.0000,0.0000,0.0013,0.0000,0.0000,0.0000,0.0000,0.0000,0.0000,0.0000
olympus/pic.0122.jpg,0.0009,0.0010,0.0020,0.0007,0.0021,0.0013,0.0006,0.0261,0.0001,0.0002,0.1518,0.0085,0.0033,0.0020,0.0056,0.0001,0.0001,0.0005,0.3459,0.3945,0.0289,0.0094,0.0003,0.0000,0.0001,0.0003,0.0048,0.0034,0.0026,0.0001,0.0000,0.0000,0.0001,0.0002,0.0003,0.0003,0.0002,0.0000,0.0000,0.0000,0.0001,0.0000,0.0002,0.0000,0.0000,0.0000,0.0000,0.0000,0.0001,0.0001,0.0000,0.0000,0.0000,0.0000,0.0000,0.0000,0.0012,0.0000,0.0000,0.0000,0.0000,0.0000,0.0000,0.0000
olympus/pic.0123.jpg,0.0005,0.0015,0.0030,0.0002,0.0013,0.0025,0.0022,0.0337,0.0000,0.0001,0.0155,0.0115,0.0148,0.0057,0.0032,0.0001,0.0000,0.0002,0.5122,0.3684,0.0158,0.0023,0.0001,0.0000,0.0001,0.0001,0.0028,0.0008,0.0004,0.0000,0.0000,0.0000,0.0000,0.0000,0.0001,0.0001,0.0002,0.0000,0.0000,0.0000,0.0000,0.0000,0.0001,0.0000,0.0000,0.0000,0.0000,0.0000,0.0000,0.0000,0.0000,0.0000,0.0000,0.0000,0.0000,0.0000,0.0003,0.0000,0.0000,0.0000,0.0000,0.0000,0.0000,0.0000
olympus/pic.0124.jpg,0.0048,0.0058,0.0095,0.0046,0.0034,0.0017,0.0010,0.0141,0.0011,0.0026,0.0925,0.0282,0.0041,0.0009,0.0011,0.0000,0.0008,0.0078,0.6746,0.0995,0.0057,0.0016,0.0002,0.0000,0.0006,0.0011,0.0079,0.0170,0.0048,0.0001,0.0000,0.0000,0.0002,0.0002,0.0002,0.0004,0.0002,0.0000,0.0000,0.0000,0.0001,0.0000,0.0002,0.0000,0.0000,0.0000,0.0000,0.0000,0.0001,0.0001,0.0000,0.0000,0.0000,0.0000,0.0000,0.0000,0.0010,0.0000,0.0000,0.0000,0.0000,0.0000,0.0000,0.0000
olympus/pic.0125.jpg,0.0043,0.0028,0.0054,0.0009,0.0004,0.0002,0.0001,0.0051,0.0021,0.0049,0.1083,0.0019,0.0002,0.0001,0.0006,0.0000,0.0005,0.0131,0.6947,0.0399,0.0031,0.0014,0.0002,0.0000,0.0009,0.0033,0.0770,0.0065,0.0023,0.0000,0.0000,0.0000,0.0008,0.0018,0.0031,0.0015,0.0004,0.0000,0.0000,0.0000,0.0004,0.0007,0.0012,0.0001,0.0000,0.0000,0.0000,0.0000,0.0006,0.0008,0.0005,0.0000,0.0000,0.0000,0.0000,0.0000,0.0079,0.0000,0.0000,0.0000,0.0000,0.0000,0.0000,0.0000
olympus/pic.0126.jpg,0.0008,0.0007,0.0016,0.0005,0.0003,0.0001,0.0000,0.0006,0.0003,0.0001,0.0191,0.0014,0.0002,0.0000,0.0000,0.0000,0.0002,0.0023,0.8705,0.0057,0.0000,0.0000,0.0000,0.0000,0.0009,0.0034,0.0574,0.0028,0.0002,0.0000,0.0000,0.0000,0.0014,0.0014,0.0197,0.0005,0.0000,0.0000,0.0000,0.0000,0.0005,0.0010,0.0031,0.0000,0.0000,0.0000,0.0000,0.0000,0.0003,0.0012,0.0001,0.0000,0.0000,0.0000,0.0000,0.0000,0.0018,0.0000,0.0000,0.0000,0.0000,0.0000,0.0000,0.0000
olympus/pic.0127.jpg,0.0016,0.0006,0.0006,0.0002,0.0001,0.0000,0.0000,0.0003,0.0004,0.0004,0.0113,0.0004,0.0000,0.0000,0.0000,0.0000,0.0004,0.0036,0.4010,0.0009,0.0001,0.0000,0.0000,0.0000,0.0005,0.0037,0.3333,0.0308,0.0006,0.0000,0.0000,0.0000,0.0009,0.0223,0.0876,0.0067,0.0001,0.0000,0.0000,0.0000,0.0009,0.0444,0.0339,0.0000,0.0000,0.0000,0.0000,0.0000,0.0010,0.0067,0.0001,0.0000,0.0000,0.0000,0.0000,0.0000,0.0042,0.0000,0.0000,0.0000,0.0000,0.0000,0.0000,0.0000
olympus/pic.0128.jpg,0.0012,0.0006,0.0027,0.0031,0.0002,0.0001,0.0000,0.0004,0.0006,0.0015,0.0684,0.0155,0.0001,0.0000,0.0000,0.0000,0.0009,0.0323,0.2887,0.0009,0.0001,0.0000,0.0001,0.0000,0.0016,0.0366,0.1838,0.0036,0.0002,0.0000,0.0000,0.0000,0.0018,0.0607,0.1948,0.0185,0.0140,0.0000,0.0000,0.0000,0.0044,0.0375,0.0206,0.0000,0.0000,0.0000,0.0000,0.0000,0.0004,0.0013,0.0002,0.0000,0.0000,0.0000,0.0000,0.0000,0.0024,0.0000,0.0000,0.0000,0.0000,0.0000,0.0000,0.0000
olympus/pic.0129.jpg,0.0136,0.0065,0.0085,0.0026,0.0029,0.0010,0.0005,0.0118,0.0041,0.0039,0.0482,0.0109,0.0028,0.0007,0.0018,0.0002,0.0030,0.0167,0.6897,0.1068,0.0101,0.0041,0.0004,0.0000,0.0036,0.0090,0.0179,0.0030,0.0026,0.0001,0.0000,0.0000,0.0026,0.0021,0.0007,0.0005,0.0003,0.0000,0.0000,0.0000,0.0011,0.0004,0.0002,0.0000,0.0000,0.0000,0.0000,0.0000,0.0007,0.0002,0.0001,0.0000,0.0000,0.0000,0.0000,0.0000,0.0042,0.0000,0.0000,0.0000,0.0000,0.0000,0.0000,0.0000
olympus/pic.0130.jpg,0.0038,0.0028,0.0020,0.0007,0.0009,0.0006,0.0004,0.0073,0.0005,0.0005,0.0147,0.0070,0.0023,0.0008,0.0011,0.0001,0.0001,0.0018,0.7213,0.1614,0.0061,0.0022,0.0002,0.0000,0.0001,0.0004,0.0452,0.0095,0.0026,0.0001,0.0000,0.0000,0.0001,0.0001,0.0007,0.0006,0.0002,0.0000,0.0000,0.0000,0.0001,0.0001,0.0003,0.0000,0.0000,0.0000,0.0000,0.0000,0.0000,0.0001,0.0001,0.0000,0.0000,0.0000,0.0000,0.0000,0.0011,0.0000,0.0000,0.0000,0.0000,0.0000,0.0000,0.0000
olympus/pic.0131.jpg,0.0001,0.0000,0.0002,0.0002,0.0005,0.0003,0.0001,0.0005,0.0000,0.0000,0.1167,0.0318,0.0063,0.0002,0.0000,0.0000,0.0000,0.0001,0.6997,0.1384,0.0011,0.0001,0.0000,0.0000,0.0000,0.0000,0.0033,0.0002,0.0000,0.0000,0.0000,0.0000,0.0000,0.0000,0.0000,0.0000,0.0000,0.0000,0.0000,0.0000,0.0000,0.0000,0.0000,0.0000,0.0000,0.0000,0.0000,0.0000,0.0000,0.0000,0.0000,0.0000,0.0000,0.0000,0.0000,0.0000,0.0001,0.0000,0.0000,0.0000,0.0000,0.0000,0.0000,0.0000
olympus/pic.0132.jpg,0.0044,0.0017,0.0016,0.0015,0.0009,0.0003,0.0002,0.0018,0.0010,0.1152,0.0755,0.0174,0.0008,0.0001,0.0001,0.0000,0.0003,0.0033,0.6723,0.0632,0.0007,0.0002,0.0000,0.0000,0.0001,0.0004,0.0163,0.0148,0.0005,0.0000,0.0000,0.0000,0.0000,0.0018,0.0009,0.0005,0.0001,0.0000,0.0000,0.0000,0.0000,0.0009,0.0002,0.0000,0.0000,0.0000,0.0000,0.0000,0.0000,0.0002,0.0000,0.0000,0.0000,0.0000,0.0000,0.0000,0.0005,0.0000,0.0000,0.0000,0.0000,0.0000,0.0000,0.0000
olympus/pic.0133.jpg,0.0079,0.0161,0.0142,0.0191,0.0152,0.0029,0.0005,0.0014,0.0009,0.1386,0.1752,0.0548,0.0189,0.0003,0.0001,0.0000,0.0002,0.0026,0.4151,0.0911,0.0071,0.0003,0.0000,0.0000,0.0001,0.0032,0.0030,0.0004,0.0000,0.0000,0.0000,0.0000,0.0000,0.0066,0.0002,0.0000,0.0000,0.0000,0.0000,0.0000,0.0001,0.0033,0.0000,0.0000,0.0000,0.0000,0.0000,0.0000,0.0001,0.0001,0.0000,0.0000,0.0000,0.0000,0.0000,0.0000,0.0003,0.0000,0.0000,0.0000,0.0000,0.0000,0.0000,0.0000
olympus/pic.0134.jpg,0.0066,0.0042,0.0068,0.0021,0.0031,0.0007,0.0003,0.0064,0.0046,0.0524,0.0428,0.0178,0.0031,0.0007,0.0012,0.0001,0.0006,0.0073,0.5341,0.2705,0.0111,0.0027,0.0002,0.0000,0.0002,0.0003,0.0107,0.0052,0.0015,0.0001,0.0000,0.0000,0.0001,0.0000,0.0009,0.0005,0.0002,0.0000,0.0000,0.0000,0.0000,0.0000,0.0001,0.0000,0.0000,0.0000,0.0000,0.0000,0.0000,0.0000,0.0000,0.0000,0.0000,0.0000,0.0000,0.0000,0.0004,0.0000,0.0000,0.0000,0.0000,0.0000,0.0000,0.0000
olympus/pic.0135.jpg,0.0002,0.0001,0.0002,0.0002,0.0011,0.0016,0.0017,0.0259,0.0001,0.0001,0.0052,0.0193,0.0135,0.0049,0.0027,0.0002,0.0000,0.0003,0.3785,0.4574,0.0126,0.0016,0.0001,0.0000,0.0000,0.0001,0.0317,0.0228,0.0005,0.0000,0.0000,0.0000,0.0000,0.0001,0.0086,0.0046,0.0001,0.0000,0.0000,0.0000,0.0000,0.0000,0.0027,0.0000,0.0000,0.0000,0.0000,0.0000,0.0000,0.0003,0.0000,0.0000,0.0000,0.0000,0.0000,0.0000,0.0008,0.0000,0.0000,0.0000,0.0000,0.0000,0.0000,0.0000
olympus/pic.0136.jpg,0.0005,0.0005,0.0021,0.0044,0.0178,0.0025,0.0009,0.0087,0.0000,0.0002,0.0199,0.0554,0.0163,0.0020,0.0020,0.0001,0.0001,0.0002,0.3804,0.4284,0.0142,0.0023,0.0002,0.0000,0.0000,0.0001,0.0320,0.0043,0.0012,0.0000,0.0000,0.0000,0.0000,0.0001,0.0006,0.0005,0.0002,0.0000,0.0000,0.0000,0.0000,0.0000,0.0004,0.0000,0.0000,0.0000,0.0000,0.0000,0.0000,0.0002,0.0001,0.0000,0.0000,0.0000,0.0000,0.0000,0.0011,0.0000,0.0000,0.0000,0.0000,0.0000,0.0000,0.0000
olympus/pic.0137.jpg,0.0031,0.0014,0.0404,0.1107,0.0007,0.0002,0.0001,0.0031,0.0005,0.0006,0.0361,0.0127,0.0004,0.0001,0.0003,0.0000,0.0012,0.0025,0.7255,0.0131,0.0013,0.0004,0.0001,0.0000,0.0009,0.0023,0.0264,0.0050,0.0010,0.0000,0.0000,0.0000,0.0010,0.0006,0.0013,0.0009,0.0006,0.0000,0.0000,0.0000,0.0004,0.0003,0.0006,0.0000,0.0000,0.0000,0.0000,0.0000,0.0003,0.0004,0.0001,0.0000,0.0000,0.0000,0.0000,0.0000,0.0034,0.0000,0.0000,0.0000,0.0000,0.0000,0.0000,0.0000
olympus/pic.0138.jpg,0.0017,0.0008,0.0011,0.0006,0.0006,0.0003,0.0003,0.0249,0.0004,0.0003,0.0639,0.0016,0.0015,0.0011,0.0047,0.0003,0.0003,0.0017,0.6646,0.1416,0.0184,0.0107,0.0010,0.0000,0.0005,0.0010,0.0220,0.0138,0.0092,0.0003,0.0000,0.0000,0.0004,0.0004,0.0013,0.0017,0.0010,0.0000,0.0000,0.0000,0.0002,0.0002,0.0008,0.0001,0.0000,0.0000,0.0000,0.0000,0.0002,0.0005,0.0003,0.0000,0.0000,0.0000,0.0000,0.0000,0.0034,0.0000,0.0000,0.0000,0.0000,0.0000,0.0000,0.0000
olympus/pic.0139.jpg,0.0027,0.0010,0.0011,0.0011,0.0021,0.0015,0.0015,0.0434,0.0008,0.0008,0.0029,0.0070,0.0111,0.0066,0.0085,0.0005,0.0007,0.0032,0.6111,0.1289,0.0371,0.0097,0.0013,0.0000,0.0005,0.0014,0.0747,0.0102,0.0085,0.0004,0.0000,0.0000,0.0006,0.0011,0.0050,0.0017,0.0010,0.0000,0.0000,0.0000,0.0003,0.0004,0.0018,0.0000,0.0000,0.0000,0.0000,0.0000,0.0003,0.0011,0.0003,0.0000,0.0000,0.0000,0.0000,0.0000,0.0060,0.0000,0.0000,0.0000,0.0000,0.0000,0.0000,0.0000
olympus/pic.0140.jpg,0.0110,0.0061,0.0085,0.0019,0.0017,0.0016,0.0008,0.0115,0.0030,0.0026,0.0396,0.0046,0.0030,0.0007,0.0019,0.0000,0.0013,0.0073,0.7639,0.0783,0.0065,0.0039,0.0003,0.0000,0.0005,0.0013,0.0151,0.0127,0.0061,0.0001,0.0000,0.0000,0.0004,0.0007,0.0003,0.0004,0.0005,0.0000,0.0000,0.0000,0.0002,0.0001,0.0002,0.0000,0.0000,0.0000,0.0000,0.0000,0.0001,0.0002,0.0001,0.0000,0.0000,0.0000,0.0000,0.0000,0.0011,0.0000,0.0000,0.0000,0.0000,0.0000,0.0000,0.0000
olympus/pic.0141.jpg,0.0010,0.0009,0.0039,0.0101,0.0093,0.0059,0.0032,0.0132,0.0001,0.0003,0.0506,0.1212,0.0196,0.0018,0.0013,0.0001,0.0001,0.0005,0.5029,0.2081,0.0127,0.0029,0.0002,0.0000,0.0001,0.0008,0.0126,0.0116,0.0030,0.0001,0.0000,0.0000,0.0001,0.0005,0.0002,0.0003,0.0001,0.0000,0.0000,0.0000,0.0001,0.0001,0.0001,0.0000,0.0000,0.0000,0.0000,0.0000,0.0001,0.0001,0.0000,0.0000,0.0000,0.0000,0.0000,0.0000,0.0005,0.0000,0.0000,0.0000,0.0000,0.0000,0.0000,0.0000
olympus/pic.0142.jpg,0.0013,0.0007,0.0017,0.0025,0.0064,0.0045,0.0031,0.0407,0.0002,0.0003,0.0125,0.0528,0.0153,0.0038,0.0044,0.0006,0.0003,0.0011,0.4058,0.3128,0.0229,0.0072,0.0010,0.0000,0.0003,0.0015,0.0372,0.0323,0.0078,0.0004,0.0000,0.0000,0.0002,0.0017,0.0033,0.0037,0.0013,0.0000,0.0000,0.0000,0.0003,0.0006,0.0016,0.0001,0.0000,0.0000,0.0000,0.0000,0.0003,0.0009,0.0002,0.0000,0.0000,0.0000,0.0000,0.0000,0.0043,0.0000,0.0000,0.0000,0.0000,0.0000,0.0000,0.0000
olympus/pic.0143.jpg,0.0014,0.0017,0.0033,0.0029,0.0091,0.0064,0.0033,0.0312,0.0002,0.0004,0.0129,0.0425,0.0104,0.0019,0.0009,0.0001,0.0004,0.0014,0.5272,0.2552,0.0033,0.0008,0.0001,0.0000,0.0006,0.0130,0.0322,0.0019,0.0010,0.0000,0.0000,0.0000,0.0027,0.0137,0.0008,0.0003,0.0005,0.0000,0.0000,0.0000,0.0056,0.0011,0.0003,0.0000,0.0000,0.0000,0.0000,0.0000,0.0032,0.0002,0.0000,0.0000,0.0000,0.0000,0.0000,0.0000,0.0059,0.0000,0.0000,0.0000,0.0000,0.0000,0.0000,0.0000
olympus/pic.0144.jpg,0.0018,0.0005,0.0011,0.0008,0.0039,0.0026,0.0021,0.1225,0.0004,0.0003,0.0018,0.0087,0.0138,0.0088,0.0183,0.0015,0.0005,0.0007,0.2477,0.2849,0.0917,0.0324,0.0033,0.0000,0.0004,0.0015,0.0349,0.0342,0.0385,0.0012,0.0000,0.0000,0.0008,0.0015,0.0041,0.0063,0.0052,0.0000,0.0000,0.0000,0.0004,0.0005,0.0036,0.0002,0.0000,0.0000,0.0000,0.0000,0.0004,0.0017,0.0007,0.0000,0.0000,0.0000,0.0000,0.0000,0.0136,0.0000,0.0000,0.0000,0.0000,0.0000,0.0000,0.0000
olympus/pic.0145.jpg,0.0100,0.0079,0.0045,0.0011,0.0003,0.0001,0.0001,0.0017,0.0060,0.0244,0.2439,0.0317,0.0003,0.0001,0.0002,0.0000,0.0012,0.0041,0.5834,0.0469,0.0010,0.0005,0.0001,0.0000,0.0004,0.0005,0.0188,0.0076,0.0008,0.0000,0.0000,0.0000,0.0002,0.0001,0.0004,0.0006,0.0001,0.0000,0.0000,0.0000,0.0000,0.0000,0.0002,0.0000,0.0000,0.0000,0.0000,0.0000,0.0000,0.0001,0.0000,0.0000,0.0000,0.0000,0.0000,0.0000,0.0006,0.0000,0.0000,0.0000,0.0000,0.0000,0.0000,0.0000
olympus/pic.0146.jpg,0.0001,0.0001,0.0001,0.0001,0.0002,0.0003,0.0006,0.0032,0.0000,0.0000,0.0029,0.0116,0.0341,0.0057,0.0025,0.0001,0.0000,0.0000,0.1941,0.4902,0.2024,0.0052,0.0001,0.0000,0.0000,0.0000,0.0003,0.0340,0.0117,0.0000,0.0000,0.0000,0.0000,0.0000,0.0001,0.0000,0.0000,0.0000,0.0000,0.0000,0.0000,0.0000,0.0000,0.0000,0.0000,0.0000,0.0000,0.0000,0.0000,0.0000,0.0000,0.0000,0.0000,0.0000,0.0000,0.0000,0.0000,0.0000,0.0000,0.0000,0.0000,0.0000,0.0000,0.0000
olympus/pic.0147.jpg,0.0012,0.0017,0.0049,0.0043,0.0030,0.0012,0.0007,0.0045,0.0001,0.0007,0.0962,0.0406,0.0039,0.0008,0.0006,0.0000,0.0001,0.0009,0.3610,0.4262,0.0212,0.0011,0.0001,0.0000,0.0000,0.0004,0.0206,0.0014,0.0005,0.0000,0.0000,0.0000,0.0001,0.0003,0.0006,0.0001,0.0001,0.0000,0.0000,0.0000,0.0000,0.0001,0.0001,0.0000,0.0000,0.0000,0.0000,0.0000,0.0001,0.0001,0.0000,0.0000,0.0000,0.0000,0.0000,0.0000,0.0005,0.0000,0.0000,0.0000,0.0000,0.0000,0.0000,0.0000
olympus/pic.0148.jpg,0.0044,0.0077,0.0639,0.0145,0.0077,0.0017,0.0004,0.0233,0.0019,0.0012,0.0692,0.0237,0.0019,0.0006,0.0020,0.0002,0.0008,0.0038,0.5130,0.1670,0.0069,0.0053,0.0007,0.0000,0.0004,0.0006,0.0162,0.0361,0.0123,0.0003,0.0000,0.0000,0.0003,0.0002,0.0008,0.0034,0.0015,0.0000,0.0000,0.0000,0.0002,0.0001,0.0010,0.0001,0.0000,0.0000,0.0000,0.0000,0.0001,0.0005,0.0005,0.0000,0.0000,0.0000,0.0000,0.0000,0.0038,0.0000,0.0000,0.0000,0.0000,0.0000,0.0000,0.0000
olympus/pic.0149.jpg,0.0012,0.0014,0.0024,0.0031,0.0039,0.0024,0.0015,0.0046,0.0001,0.0010,0.2118,0.0797,0.0267,0.0031,0.0006,0.0000,0.0001,0.0003,0.3695,0.2507,0.0247,0.0007,0.0000,0.0000,0.0000,0.0001,0.0016,0.0070,0.0013,0.0000,0.0000,0.0000,0.0000,0.0000,0.0000,0.0002,0.0001,0.0000,0.0000,0.0000,0.0000,0.0000,0.0000,0.0000,0.0000,0.0000,0.0000,0.0000,0.0000,0.0000,0.0000,0.0000,0.0000,0.0000,0.0000,0.0000,0.0001,0.0000,0.0000,0.0000,0.0000,0.0000,0.0000,0.0000
olympus/pic.0150.jpg,0.0035,0.0016,0.0014,0.0010,0.0003,0.0001,0.0000,0.0007,0.0008,0.0021,0.0145,0.0048,0.0001,0.0000,0.0000,0.0000,0.0003,0.0034,0.7832,0.0105,0.0001,0.0001,0.0000,0.0000,0.0006,0.0181,0.1099,0.0010,0.0002,0.0000,0.0000,0.0000,0.0008,0.0251,0.0017,0.0002,0.0001,0.0000,0.0000,0.0000,0.0029,0.0077,0.0003,0.0000,0.0000,0.0000,0.0000,0.0000,0.0007,0.0002,0.0000,0.0000,0.0000,0.0000,0.0000,0.0000,0.0020,0.0000,0.0000,0.0000,0.0000,0.0000,0.0000,0.0000
olympus/pic.0151.jpg,0.0002,0.0000,0.0007,0.0006,0.0001,0.0000,0.0000,0.0000,0.0000,0.0002,0.0243,0.0176,0.0001,0.0000,0.0000,0.0000,0.0000,0.0003,0.5456,0.0027,0.0000,0.0000,0.0000,0.0000,0.0000,0.0088,0.3033,0.0059,0.0000,0.0000,0.0000,0.0000,0.0000,0.0082,0.0430,0.0018,0.0000,0.0000,0.0000,0.0000,0.0005,0.0227,0.0004,0.0000,0.0000,0.0000,0.0000,0.0000,0.0056,0.0066,0.0000,0.0000,0.0000,0.0000,0.0000,0.0000,0.0003,0.0000,0.0000,0.0000,0.0000,0.0000,0.0000,0.0000
olympus/pic.0152.jpg,0.0003,0.0002,0.0003,0.0002,0.0002,0.0001,0.0000,0.0003,0.0000,0.0000,0.0150,0.0023,0.0009,0.0000,0.0000,0.0000,0.0000,0.0003,0.5217,0.0093,0.0004,0.0000,0.0000,0.0000,0.0001,0.0508,0.3536,0.0012,0.0001,0.0000,0.0000,0.0000,0.0006,0.0048,0.0323,0.0003,0.0001,0.0000,0.0000,0.0000,0.0008,0.0004,0.0008,0.0000,0.0000,0.0000,0.0000,0.0000,0.0005,0.0003,0.0001,0.0000,0.0000,0.0000,0.0000,0.0000,0.0014,0.0000,0.0000,0.0000,0.0000,0.0000,0.0000,0.0000
olympus/pic.0153.jpg,0.0025,0.0014,0.0025,0.0058,0.0003,0.0001,0.0000,0.0009,0.0010,0.0015,0.0554,0.0022,0.0001,0.0000,0.0000,0.0000,0.0008,0.0028,0.6449,0.0026,0.0001,0.0000,0.0000,0.0000,0.0008,0.0064,0.1957,0.0058,0.0002,0.0000,0.0000,0.0000,0.0012,0.0095,0.0404,0.0009,0.0002,0.0000,0.0000,0.0000,0.0011,0.0019,0.0021,0.0000,0.0000,0.0000,0.0000,0.0000,0.0011,0.0013,0.0001,0.0000,0.0000,0.0000,0.0000,0.0000,0.0060,0.0000,0.0000,0.0000,0.0000,0.0000,0.0000,0.0000
olympus/pic.0154.jpg,0.0007,0.0193,0.0105,0.0013,0.0020,0.0007,0.0003,0.0009,0.0001,0.0254,0.1328,0.1250,0.0139,0.0011,0.0004,0.0000,0.0001,0.0009,0.3653,0.2494,0.0303,0.0008,0.0000,0.0000,0.0001,0.0005,0.0097,0.0042,0.0003,0.0000,0.0000,0.0000,0.0000,0.0016,0.0013,0.0000,0.0000,0.0000,0.0000,0.0000,0.0000,0.0008,0.0001,0.0000,0.0000,0.0000,0.0000,0.0000,0.0000,0.0000,0.0000,0.0000,0.0000,0.0000,0.0000,0.0000,0.0000,0.0000,0.0000,0.0000,0.0000,0.0000,0.0000,0.0000
olympus/pic.0155.jpg,0.0011,0.0012,0.0020,0.0016,0.0012,0.0006,0.0003,0.0011,0.0002,0.0017,0.1023,0.0418,0.0056,0.0006,0.0002,0.0000,0.0001,0.0012,0.6761,0.1519,0.0065,0.0004,0.0000,0.0000,0.0000,0.0000,0.0005,0.0015,0.0003,0.0000,0.0000,0.0000,0.0000,0.0000,0.0000,0.0000,0.0000,0.0000,0.0000,0.0000,0.0000,0.0000,0.0000,0.0000,0.0000,0.0000,0.0000,0.0000,0.0000,0.0000,0.0000,0.0000,0.0000,0.0000,0.0000,0.0000,0.0000,0.0000,0.0000,0.0000,0.0000,0.0000,0.0000,0.0000
olympus/pic.0156.jpg,0.0024,0.0042,0.0071,0.0014,0.0020,0.0012,0.0007,0.0120,0.0003,0.0020,0.2404,0.0224,0.0046,0.0009,0.0015,0.0001,0.0002,0.0007,0.4854,0.1656,0.0065,0.0021,0.0004,0.0000,0.0001,0.0007,0.0199,0.0066,0.0025,0.0001,0.0000,0.0000,0.0001,0.0006,0.0007,0.0008,0.0006,0.0000,0.0000,0.0000,0.0001,0.0001,0.0005,0.0000,0.0000,0.0000,0.0000,0.0000,0.0000,0.0003,0.0001,0.0000,0.0000,0.0000,0.0000,0.0000,0.0023,0.0000,0.0000,0.0000,0.0000,0.0000,0.0000,0.0000
olympus/pic.0157.jpg,0.0027,0.0050,0.0111,0.0035,0.0061,0.0018,0.0008,0.0142,0.0002,0.0058,0.3006,0.0518,0.0065,0.0009,0.0014,0.0001,0.0001,0.0007,0.4003,0.1421,0.0065,0.0023,0.0003,0.0000,0.0001,0.0008,0.0193,0.0051,0.0023,0.0001,0.0000,0.0000,0.0002,0.0010,0.0009,0.0008,0.0006,0.0000,0.0000,0.0000,0.0001,0.0002,0.0005,0.0000,0.0000,0.0000,0.0000,0.0000,0.0001,0.0003,0.0001,0.0000,0.0000,0.0000,0.0000,0.0000,0.0025,0.0000,0.0000,0.0000,0.0000,0.0000,0.0000,0.0000
olympus/pic.0158.jpg,0.0012,0.0014,0.0044,0.0214,0.0112,0.0021,0.0007,0.0012,0.0002,0.0005,0.0839,0.4679,0.0061,0.0001,0.0000,0.0000,0.0001,0.0008,0.2598,0.1344,0.0004,0.0000,0.0000,0.0000,0.0001,0.0003,0.0010,0.0003,0.0000,0.0000,0.0000,0.0000,0.0001,0.0000,0.0000,0.0000,0.0000,0.0000,0.0000,0.0000,0.0000,0.0000,0.0000,0.0000,0.0000,0.0000,0.0000,0.0000,0.0000,0.0000,0.0000,0.0000,0.0000,0.0000,0.0000,0.0000,0.0001,0.0000,0.0000,0.0000,0.0000,0.0000,0.0000,0.0000
olympus/pic.0159.jpg,0.0005,0.0005,0.0015,0.0056,0.0039,0.0014,0.0007,0.0021,0.0001,0.0010,0.0328,0.0831,0.0128,0.0014,0.0004,0.0000,0.0001,0.0007,0.4127,0.4087,0.0117,0.0006,0.0000,0.0000,0.0001,0.0035,0.0043,0.0029,0.0005,0.0000,0.0000,0.0000,0.0003,0.0032,0.0001,0.0000,0.0000,0.0000,0.0000,0.0000,0.0010,0.0005,0.0000,0.0000,0.0000,0.0000,0.0000,0.0000,0.0007,0.0000,0.0000,0.0000,0.0000,0.0000,0.0000,0.0000,0.0004,0.0000,0.0000,0.0000,0.0000,0.0000,0.0000,0.0000
olympus/pic.0160.jpg,0.0002,0.0002,0.0006,0.0001,0.0000,0.0000,0.0000,0.0000,0.0001,0.0004,0.0057,0.0002,0.0000,0.0000,0.0000,0.0000,0.0001,0.0004,0.9611,0.0169,0.0000,0.0000,0.0000,0.0000,0.0000,0.0001,0.0126,0.0011,0.0000,0.0000,0.0000,0.0000,0.0000,0.0000,0.0000,0.0000,0.0000,0.0000,0.0000,0.0000,0.0000,0.0000,0.0000,0.0000,0.0000,0.0000,0.0000,0.0000,0.0000,0.0000,0.0000,0.0000,0.0000,0.0000,0.0000,0.0000,0.0001,0.0000,0.0000,0.0000,0.0000,0.0000,0.0000,0.0000
olympus/pic.0161.jpg,0.0043,0.0038,0.0037,0.0024,0.0023,0.0016,0.0011,0.0020,0.0005,0.0070,0.1533,0.0672,0.0341,0.0016,0.0002,0.0000,0.0002,0.0040,0.5259,0.1605,0.0085,0.0002,0.0000,0.0000,0.0001,0.0003,0.0073,0.0057,0.0002,0.0000,0.0000,0.0000,0.0001,0.0002,0.0001,0.0002,0.0000,0.0000,0.0000,0.0000,0.0005,0.0000,0.0000,0.0000,0.0000,0.0000,0.0000,0.0000,0.0002,0.0000,0.0000,0.0000,0.0000,0.0000,0.0000,0.0000,0.0004,0.0000,0.0000,0.0000,0.0000,0.0000,0.0000,0.0000
olympus/pic.0162.jpg,0.0058,0.0127,0.0494,0.0270,0.0061,0.0010,0.0004,0.0021,0.0025,0.0053,0.1912,0.1482,0.0159,0.0004,0.0001,0.0000,0.0006,0.0069,0.4001,0.1067,0.0036,0.0002,0.0001,0.0000,0.0003,0.0009,0.0054,0.0014,0.0005,0.0000,0.0000,0.0000,0.0002,0.0006,0.0005,0.0007,0.0004,0.0000,0.0000,0.0000,0.0002,0.0002,0.0003,0.0000,0.0000,0.0000,0.0000,0.0000,0.0001,0.0003,0.0001,0.0000,0.0000,0.0000,0.0000,0.0000,0.0019,0.0000,0.0000,0.0000,0.0000,0.0000,0.0000,0.0000
olympus/pic.0163.jpg,0.0039,0.0074,0.0044,0.0002,0.0001,0.0000,0.0000,0.0003,0.0017,0.0118,0.2877,0.0014,0.0002,0.0000,0.0000,0.0000,0.0007,0.0035,0.5939,0.0227,0.0003,0.0000,0.0000,0.0000,0.0009,0.0047,0.0150,0.0050,0.0001,0.0000,0.0000,0.0000,0.0045,0.0064,0.0002,0.0001,0.0001,0.0000,0.0000,0.0000,0.0118,0.0005,0.0001,0.0000,0.0000,0.0000,0.0000,0.0000,0.0077,0.0000,0.0000,0.0000,0.0000,0.0000,0.0000,0.0000,0.0026,0.0000,0.0000,0.0000,0.0000,0.0000,0.0000,0.0000
olympus/pic.0164.jpg,0.0011,0.0008,0.0010,0.0000,0.0000,0.0000,0.0000,0.0001,0.0001,0.0012,0.8313,0.0001,0.0000,0.0000,0.0000,0.0000,0.0001,0.0004,0.1613,0.0006,0.0001,0.0000,0.0000,0.0000,0.0001,0.0002,0.0006,0.0001,0.0000,0.0000,0.0000,0.0000,0.0001,0.0000,0.0000,0.0000,0.0000,0.0000,0.0000,0.0000,0.0000,0.0000,0.0000,0.0000,0.0000,0.0000,0.0000,0.0000,0.0000,0.0000,0.0000,0.0000,0.0000,0.0000,0.0000,0.0000,0.0001,0.0000,0.0000,0.0000,0.0000,0.0000,0.0000,0.0000
olympus/pic.0165.jpg,0.0021,0.0017,0.0016,0.0004,0.0011,0.0004,0.0001,0.0143,0.0003,0.0003,0.0044,0.0055,0.0015,0.0003,0.0012,0.0001,0.0002,0.0019,0.3453,0.2541,0.0088,0.0051,0.0005,0.0000,0.0001,0.0004,0.1037,0.1930,0.0318,0.0004,0.0000,0.0000,0.0001,0.0003,0.0045,0.0039,0.0010,0.0000,0.0000,0.0000,0.0001,0.0002,0.0025,0.0001,0.0000,0.0000,0.0000,0.0000,0.0001,0.0011,0.0003,0.0000,0.0000,0.0000,0.0000,0.0000,0.0050,0.0000,0.0000,0.0000,0.0000,0.0000,0.0000,0.0000
olympus/pic.0166.jpg,0.0041,0.0037,0.0033,0.0001,0.0001,0.0000,0.0000,0.0006,0.0008,0.0019,0.3720,0.0001,0.0000,0.0000,0.0000,0.0000,0.0007,0.0015,0.5777,0.0037,0.0000,0.0000,0.0000,0.0000,0.0006,0.0012,0.0172,0.0011,0.0002,0.0000,0.0000,0.0000,0.0010,0.0006,0.0006,0.0002,0.0001,0.0000,0.0000,0.0000,0.0005,0.0003,0.0003,0.0000,0.0000,0.0000,0.0000,0.0000,0.0004,0.0003,0.0000,0.0000,0.0000,0.0000,0.0000,0.0000,0.0051,0.0000,0.0000,0.0000,0.0000,0.0000,0.0000,0.0000
olympus/pic.0167.jpg,0.0017,0.0007,0.0005,0.0001,0.0001,0.0000,0.0000,0.0009,0.0006,0.0008,0.0036,0.0002,0.0001,0.0000,0.0001,0.0000,0.0005,0.0025,0.8926,0.0100,0.0003,0.0003,0.0001,0.0000,0.0003,0.0005,0.0581,0.0161,0.0018,0.0001,0.0000,0.0000,0.0001,0.0002,0.0008,0.0024,0.0007,0.0000,0.0000,0.0000,0.0001,0.0001,0.0008,0.0001,0.0000,0.0000,0.0000,0.0000,0.0001,0.0003,0.0002,0.0000,0.0000,0.0000,0.0000,0.0000,0.0017,0.0000,0.0000,0.0000,0.0000,0.0000,0.0000,0.0000
olympus/pic.0168.jpg,0.0000,0.0000,0.0000,0.0000,0.0000,0.0000,0.0000,0.0000,0.0000,0.0012,0.0016,0.0001,0.0000,0.0000,0.0000,0.0000,0.0000,0.0057,0.2219,0.0290,0.0011,0.0000,0.0000,0.0000,0.0000,0.0270,0.2253,0.1364,0.0048,0.0000,0.0000,0.0000,0.0001,0.2334,0.0306,0.0025,0.0010,0.0000,0.0000,0.0000,0.0002,0.0588,0.0031,0.0000,0.0000,0.0000,0.0000,0.0000,0.0004,0.0158,0.0000,0.0000,0.0000,0.0000,0.0000,0.0000,0.0001,0.0001,0.0000,0.0000,0.0000,0.0000,0.0000,0.0000
olympus/pic.0169.jpg,0.0001,0.0055,0.0004,0.0000,0.0000,0.0000,0.0000,0.0000,0.0000,0.0015,0.0148,0.0001,0.0000,0.0000,0.0000,0.0000,0.0000,0.0005,0.3141,0.0009,0.0001,0.0000,0.0000,0.0000,0.0000,0.0035,0.3645,0.0233,0.0013,0.0000,0.0000,0.0000,0.0001,0.0360,0.1101,0.0065,0.0017,0.0000,0.0000,0.0000,0.0001,0.1046,0.0063,0.0000,0.0000,0.0000,0.0000,0.0000,0.0002,0.0020,0.0003,0.0000,0.0000,0.0000,0.0000,0.0000,0.0016,0.0000,0.0000,0.0000,0.0000,0.0000,0.0000,0.0000
olympus/pic.0170.jpg,0.0037,0.0032,0.0012,0.0002,0.0001,0.0001,0.0000,0.0008,0.0029,0.0063,0.0072,0.0023,0.0011,0.0000,0.0000,0.0000,0.0009,0.0095,0.5279,0.0025,0.0001,0.0001,0.0000,0.0000,0.0010,0.0382,0.2169,0.0009,0.0002,0.0000,0.0000,0.0000,0.0022,0.0494,0.0182,0.0006,0.0002,0.0000,0.0000,0.0000,0.0081,0.0550,0.0010,0.0000,0.0000,0.0000,0.0000,0.0000,0.0183,0.0100,0.0000,0.0000,0.0000,0.0000,0.0000,0.0000,0.0097,0.0000,0.0000,0.0000,0.0000,0.0000,0.0000,0.0000
olympus/pic.0171.jpg,0.0056,0.0061,0.0027,0.0011,0.0005,0.0001,0.0000,0.0003,0.0016,0.0067,0.0572,0.0100,0.0001,0.0000,0.0000,0.0000,0.0010,0.0069,0.6583,0.0037,0.0001,0.0000,0.0000,0.0000,0.0009,0.0246,0.1818,0.0023,0.0002,0.0000,0.0000,0.0000,0.0017,0.0080,0.0066,0.0007,0.0002,0.0000,0.0000,0.0000,0.0021,0.0033,0.0005,0.0000,0.0000,0.0000,0.0000,0.0000,0.0021,0.0005,0.0001,0.0000,0.0000,0.0000,0.0000,0.0000,0.0024,0.0000,0.0000,0.0000,0.0000,0.0000,0.0000,0.0000
olympus/pic.0172.jpg,0.0003,0.0002,0.0046,0.0002,0.0000,0.0000,0.0000,0.0002,0.0001,0.0002,0.0057,0.0004,0.0000,0.0000,0.0000,0.0000,0.0003,0.0006,0.4931,0.0015,0.0000,0.0000,0.0000,0.0000,0.0002,0.0104,0.4431,0.0045,0.0000,0.0000,0.0000,0.0000,0.0007,0.0071,0.0107,0.0036,0.0001,0.0000,0.0000,0.0000,0.0008,0.0027,0.0030,0.0000,0.0000,0.0000,0.0000,0.0000,0.0009,0.0012,0.0001,0.0000,0.0000,0.0000,0.0000,0.0000,0.0035,0.0000,0.0000,0.0000,0.0000,0.0000,0.0000,0.0000
olympus/pic.0173.jpg,0.0000,0.0000,0.0000,0.0000,0.0025,0.0012,0.0000,0.0000,0.0000,0.0000,0.0001,0.0029,0.0007,0.0000,0.0000,0.0000,0.0000,0.0003,0.8528,0.0020,0.0000,0.0000,0.0000,0.0000,0.0000,0.0014,0.1288,0.0001,0.0000,0.0000,0.0000,0.0000,0.0000,0.0023,0.0038,0.0000,0.0000,0.0000,0.0000,0.0000,0.0000,0.0003,0.0008,0.0000,0.0000,0.0000,0.0000,0.0000,0.0000,0.0000,0.0000,0.0000,0.0000,0.0000,0.0000,0.0000,0.0000,0.0000,0.0000,0.0000,0.0000,0.0000,0.0000,0.0000
olympus/pic.0174.jpg,0.0000,0.0000,0.0000,0.0000,0.0000,0.0001,0.0000,0.0000,0.0000,0.0000,0.0000,0.0000,0.0009,0.0004,0.0000,0.0000,0.0000,0.0000,0.0093,0.0012,0.0011,0.0000,0.0000,0.0000,0.0000,0.0000,0.0991,0.0030,0.0000,0.0000,0.0000,0.0000,0.0000,0.0012,0.8787,0.0006,0.0000,0.0000,0.0000,0.0000,0.0000,0.0027,0.0011,0.0000,0.0000,0.0000,0.0000,0.0000,0.0001,0.0003,0.0000,0.0000,0.0000,0.0000,0.0000,0.0000,0.0000,0.0000,0.0000,0.0000,0.0000,0.0000,0.0000,0.0000
olympus/pic.0175.jpg,0.0001,0.0000,0.0000,0.0007,0.0053,0.0020,0.0001,0.0001,0.0000,0.0000,0.0001,0.0046,0.0021,0.0000,0.0000,0.0000,0.0000,0.0002,0.8149,0.0014,0.0000,0.0000,0.0000,0.0000,0.0000,0.0006,0.0839,0.0001,0.0000,0.0000,0.0000,0.0000,0.0000,0.0108,0.0162,0.0001,0.0000,0.0000,0.0000,0.0000,0.0012,0.0411,0.0016,0.0000,0.0000,0.0000,0.0000,0.0000,0.0042,0.0056,0.0000,0.0000,0.0000,0.0000,0.0000,0.0000,0.0028,0.0000,0.0000,0.0000,0.0000,0.0000,0.0000,0.0000
olympus/pic.0176.jpg,0.0075,0.0034,0.0032,0.0008,0.0004,0.0001,0.0000,0.0002,0.0012,0.0018,0.0408,0.0095,0.0003,0.0000,0.0000,0.0000,0.0006,0.0038,0.8540,0.0030,0.0000,0.0000,0.0000,0.0000,0.0005,0.0035,0.0120,0.0001,0.0000,0.0000,0.0000,0.0000,0.0004,0.0118,0.0007,0.0000,0.0000,0.0000,0.0000,0.0000,0.0029,0.0091,0.0001,0.0000,0.0000,0.0000,0.0000,0.0000,0.0195,0.0008,0.0000,0.0000,0.0000,0.0000,0.0000,0.0000,0.0083,0.0000,0.0000,0.0000,0.0000,0.0000,0.0000,0.0000
olympus/pic.0177.jpg,0.0001,0.0000,0.0000,0.0000,0.0005,0.0008,0.0001,0.0001,0.0000,0.0000,0.0001,0.0004,0.0005,0.0000,0.0000,0.0000,0.0000,0.0002,0.5414,0.0006,0.0000,0.0000,0.0000,0.0000,0.0001,0.0783,0.1508,0.0178,0.0001,0.0000,0.0000,0.0000,0.0006,0.1778,0.0189,0.0007,0.0000,0.0000,0.0000,0.0000,0.0028,0.0017,0.0006,0.0000,0.0000,0.0000,0.0000,0.0000,0.0016,0.0005,0.0000,0.0000,0.0000,0.0000,0.0000,0.0000,0.0028,0.0000,0.0000,0.0000,0.0000,0.0000,0.0000,0.0000
olympus/pic.0178.jpg,0.0000,0.0000,0.0000,0.0000,0.0000,0.0000,0.0000,0.0000,0.0000,0.0000,0.0000,0.0000,0.0000,0.0000,0.0000,0.0000,0.0000,0.0000,0.3725,0.0056,0.0000,0.0000,0.0000,0.0000,0.0000,0.0000,0.5165,0.0095,0.0000,0.0000,0.0000,0.0000,0.0000,0.0084,0.0276,0.0000,0.0000,0.0000,0.0000,0.0000,0.0001,0.0289,0.0006,0.0000,0.0000,0.0000,0.0000,0.0000,0.0218,0.0068,0.0000,0.0000,0.0000,0.0000,0.0000,0.0000,0.0016,0.0000,0.0000,0.0000,0.0000,0.0000,0.0000,0.0000
olympus/pic.0179.jpg,0.0000,0.0000,0.0000,0.0000,0.0000,0.0000,0.0000,0.0000,0.0000,0.0000,0.0000,0.0000,0.0000,0.0000,0.0000,0.0000,0.0000,0.0000,0.9560,0.0000,0.0000,0.0000,0.0000,0.0000,0.0000,0.0000,0.0374,0.0000,0.0000,0.0000,0.0000,0.0000,0.0000,0.0010,0.0003,0.0000,0.0000,0.0000,0.0000,0.0000,0.0001,0.0006,0.0000,0.0000,0.0000,0.0000,0.0000,0.0000,0.0013,0.0000,0.0000,0.0000,0.0000,0.0000,0.0000,0.0000,0.0031,0.0000,0.0000,0.0000,0.0000,0.0000,0.0000,0.0000
olympus/pic.0180.jpg,0.0000,0.0000,0.0000,0.0000,0.0000,0.0000,0.0000,0.0000,0.0000,0.0000,0.0000,0.0000,0.0000,0.0000,0.0000,0.0000,0.0000,0.0000,0.6400,0.0000,0.0000,0.0000,0.0000,0.0000,0.0000,0.0000,0.3469,0.0000,0.0000,0.0000,0.0000,0.0000,0.0000,0.0005,0.0054,0.0000,0.0000,0.0000,0.0000,0.0000,0.0000,0.0063,0.0008,0.0000,0.0000,0.0000,0.0000,0.0000,0.0000,0.0001,0.0000,0.0000,0.0000,0.0000,0.0000,0.0000,0.0000,0.0000,0.0000,0.0000,0.0000,0.0000,0.0000,0.0000
olympus/pic.0181.jpg,0.0001,0.0001,0.0001,0.0001,0.0001,0.0001,0.0001,0.0003,0.0000,0.0000,0.0013,0.0038,0.0012,0.0001,0.0001,0.0000,0.0000,0.0000,0.7038,0.2468,0.0033,0.0002,0.0000,0.0000,0.0000,0.0000,0.0122,0.0167,0.0004,0.0000,0.0000,0.0000,0.0000,0.0007,0.0030,0.0000,0.0000,0.0000,0.0000,0.0000,0.0000,0.0046,0.0002,0.0000,0.0000,0.0000,0.0000,0.0000,0.0000,0.0006,0.0000,0.0000,0.0000,0.0000,0.0000,0.0000,0.0000,0.0000,0.0000,0.0000,0.0000,0.0000,0.0000,0.0000
olympus/pic.0182.jpg,0.0008,0.0003,0.0003,0.0000,0.0000,0.0000,0.0000,0.0000,0.0001,0.0005,0.0735,0.0001,0.0000,0.0000,0.0000,0.0000,0.0002,0.0029,0.4840,0.0004,0.0000,0.0000,0.0000,0.0000,0.0002,0.0079,0.3909,0.0012,0.0000,0.0000,0.0000,0.0000,0.0005,0.0110,0.0101,0.0001,0.0000,0.0000,0.0000,0.0000,0.0003,0.0032,0.0006,0.0000,0.0000,0.0000,0.0000,0.0000,0.0045,0.0010,0.0000,0.0000,0.0000,0.0000,0.0000,0.0000,0.0053,0.0000,0.0000,0.0000,0.0000,0.0000,0.0000,0.0000
olympus/pic.0183.jpg,0.0000,0.0000,0.0000,0.0000,0.0000,0.0000,0.0000,0.0000,0.0000,0.0000,0.0000,0.0000,0.0000,0.0000,0.0000,0.0000,0.0000,0.0000,0.1495,0.0000,0.0000,0.0000,0.0000,0.0000,0.0000,0.0006,0.4746,0.0000,0.0000,0.0000,0.0000,0.0000,0.0000,0.0121,0.2830,0.0000,0.0000,0.0000,0.0000,0.0000,0.0000,0.0549,0.0129,0.0000,0.0000,0.0000,0.0000,0.0000,0.0002,0.0123,0.0000,0.0000,0.0000,0.0000,0.0000,0.0000,0.0000,0.0000,0.0000,0.0000,0.0000,0.0000,0.0000,0.0000
olympus/pic.0184.jpg,0.0003,0.0001,0.0001,0.0001,0.0002,0.0002,0.0002,0.0151,0.0001,0.0000,0.0003,0.0009,0.0014,0.0010,0.0035,0.0002,0.0001,0.0004,0.4181,0.3154,0.0301,0.0107,0.0006,0.0000,0.0001,0.0010,0.0323,0.1013,0.0520,0.0004,0.0000,0.0000,0.0001,0.0024,0.0027,0.0018,0.0005,0.0000,0.0000,0.0000,0.0003,0.0021,0.0008,0.0000,0.0000,0.0000,0.0000,0.0000,0.0003,0.0006,0.0001,0.0000,0.0000,0.0000,0.0000,0.0000,0.0017,0.0000,0.0000,0.0000,0.0000,0.0000,0.0000,0.0000
olympus/pic.0185.jpg,0.0077,0.0103,0.0141,0.0014,0.0010,0.0007,0.0005,0.0045,0.0015,0.0158,0.0736,0.0094,0.0024,0.0003,0.0002,0.0000,0.0012,0.0266,0.5716,0.0578,0.0035,0.0005,0.0001,0.0000,0.0014,0.0421,0.0631,0.0415,0.0015,0.0000,0.0000,0.0000,0.0026,0.0281,0.0032,0.0009,0.0003,0.0000,0.0000,0.0000,0.0015,0.0043,0.0006,0.0000,0.0000,0.0000,0.0000,0.0000,0.0008,0.0005,0.0001,0.0000,0.0000,0.0000,0.0000,0.0000,0.0026,0.0000,0.0000,0.0000,0.0000,0.0000,0.0000,0.0000
olympus/pic.0186.jpg,0.0000,0.0000,0.0000,0.0000,0.0000,0.0000,0.0000,0.0005,0.0000,0.0000,0.0003,0.0002,0.0001,0.0000,0.0004,0.0000,0.0000,0.0000,0.3981,0.1042,0.0464,0.0220,0.0001,0.0000,0.0000,0.0013,0.0333,0.1824,0.1591,0.0012,0.0000,0.0000,0.0000,0.0057,0.0150,0.0005,0.0001,0.0000,0.0000,0.0000,0.0001,0.0098,0.0028,0.0000,0.0000,0.0000,0.0000,0.0000,0.0029,0.0073,0.0000,0.0000,0.0000,0.0000,0.0000,0.0000,0.0061,0.0000,0.0000,0.0000,0.0000,0.0000,0.0000,0.0000
olympus/pic.0187.jpg,0.0000,0.0000,0.0000,0.0000,0.0000,0.0000,0.0000,0.0000,0.0000,0.0000,0.0007,0.0001,0.0000,0.0000,0.0000,0.0000,0.0000,0.0001,0.7977,0.0001,0.0000,0.0000,0.0000,0.0000,0.0000,0.0002,0.2003,0.0000,0.0000,0.0000,0.0000,0.0000,0.0000,0.0001,0.0002,0.0000,0.0000,0.0000,0.0000,0.0000,0.0000,0.0000,0.0001,0.0000,0.0000,0.0000,0.0000,0.0000,0.0000,0.0000,0.0000,0.0000,0.0000,0.0000,0.0000,0.0000,0.0004,0.0000,0.0000,0.0000,0.0000,0.0000,0.0000,0.0000
olympus/pic.0188.jpg,0.0021,0.0016,0.0020,0.0026,0.0029,0.0014,0.0009,0.0048,0.0005,0.0018,0.0347,0.0255,0.0053,0.0008,0.0006,0.0000,0.0004,0.0040,0.6681,0.1850,0.0072,0.0008,0.0001,0.0000,0.0004,0.0037,0.0268,0.0073,0.0007,0.0000,0.0000,0.0000,0.0004,0.0021,0.0012,0.0005,0.0001,0.0000,0.0000,0.0000,0.0005,0.0008,0.0003,0.0000,0.0000,0.0000,0.0000,0.0000,0.0005,0.0002,0.0000,0.0000,0.0000,0.0000,0.0000,0.0000,0.0012,0.0000,0.0000,0.0000,0.0000,0.0000,0.0000,0.0000
olympus/pic.0189.jpg,0.0080,0.0044,0.0100,0.0128,0.0084,0.0026,0.0014,0.0109,0.0014,0.0034,0.2816,0.0654,0.0080,0.0011,0.0010,0.0001,0.0004,0.0082,0.4240,0.1045,0.0058,0.0013,0.0002,0.0000,0.0003,0.0005,0.0173,0.0139,0.0014,0.0001,0.0000,0.0000,0.0001,0.0001,0.0001,0.0004,0.0002,0.0000,0.0000,0.0000,0.0000,0.0000,0.0001,0.0000,0.0000,0.0000,0.0000,0.0000,0.0001,0.0000,0.0000,0.0000,0.0000,0.0000,0.0000,0.0000,0.0003,0.0000,0.0000,0.0000,0.0000,0.0000,0.0000,0.0000
olympus/pic.0190.jpg,0.0010,0.0005,0.0005,0.0004,0.0004,0.0002,0.0001,0.0011,0.0002,0.0010,0.0226,0.0019,0.0005,0.0001,0.0002,0.0000,0.0002,0.0013,0.8658,0.0734,0.0018,0.0004,0.0000,0.0000,0.0002,0.0013,0.0182,0.0041,0.0003,0.0000,0.0000,0.0000,0.0002,0.0004,0.0005,0.0002,0.0000,0.0000,0.0000,0.0000,0.0001,0.0001,0.0001,0.0000,0.0000,0.0000,0.0000,0.0000,0.0001,0.0001,0.0000,0.0000,0.0000,0.0000,0.0000,0.0000,0.0004,0.0000,0.0000,0.0000,0.0000,0.0000,0.0000,0.0000
olympus/pic.0191.jpg,0.0011,0.0009,0.0009,0.0005,0.0006,0.0003,0.0001,0.0017,0.0004,0.0052,0.0185,0.0028,0.0005,0.0001,0.0002,0.0000,0.0002,0.0028,0.7408,0.0956,0.0019,0.0005,0.0000,0.0000,0.0004,0.0073,0.0738,0.0276,0.0014,0.0000,0.0000,0.0000,0.0005,0.0030,0.0027,0.0017,0.0002,0.0000,0.0000,0.0000,0.0012,0.0006,0.0007,0.0000,0.0000,0.0000,0.0000,0.0000,0.0007,0.0004,0.0001,0.0000,0.0000,0.0000,0.0000,0.0000,0.0018,0.0000,0.0000,0.0000,0.0000,0.0000,0.0000,0.0000
olympus/pic.0192.jpg,0.0004,0.0001,0.0003,0.0001,0.0001,0.0000,0.0000,0.0006,0.0001,0.0001,0.0218,0.0002,0.0001,0.0000,0.0001,0.0000,0.0001,0.0015,0.6606,0.0097,0.0013,0.0004,0.0001,0.0000,0.0002,0.0073,0.2406,0.0028,0.0007,0.0000,0.0000,0.0000,0.0002,0.0068,0.0342,0.0003,0.0001,0.0000,0.0000,0.0000,0.0002,0.0025,0.0029,0.0000,0.0000,0.0000,0.0000,0.0000,0.0003,0.0010,0.0001,0.0000,0.0000,0.0000,0.0000,0.0000,0.0022,0.0000,0.0000,0.0000,0.0000,0.0000,0.0000,0.0000
olympus/pic.0193.jpg,0.0001,0.0000,0.0000,0.0000,0.0000,0.0000,0.0000,0.0001,0.0000,0.0000,0.0030,0.0001,0.0000,0.0000,0.0000,0.0000,0.0001,0.0003,0.8126,0.0021,0.0000,0.0000,0.0000,0.0000,0.0000,0.0007,0.1080,0.0104,0.0003,0.0000,0.0000,0.0000,0.0001,0.0042,0.0375,0.0014,0.0001,0.0000,0.0000,0.0000,0.0003,0.0056,0.0075,0.0000,0.0000,0.0000,0.0000,0.0000,0.0005,0.0020,0.0002,0.0000,0.0000,0.0000,0.0000,0.0000,0.0026,0.0000,0.0000,0.0000,0.0000,0.0000,0.0000,0.0000
olympus/pic.0194.jpg,0.0000,0.0000,0.0000,0.0000,0.0000,0.0000,0.0000,0.0001,0.0000,0.0000,0.0000,0.0000,0.0000,0.0000,0.0000,0.0000,0.0000,0.0000,0.7873,0.0001,0.0000,0.0000,0.0000,0.0000,0.0000,0.0003,0.2096,0.0000,0.0000,0.0000,0.0000,0.0000,0.0001,0.0003,0.0003,0.0000,0.0000,0.0000,0.0000,0.0000,0.0001,0.0001,0.0000,0.0000,0.0000,0.0000,0.0000,0.0000,0.0001,0.0001,0.0000,0.0000,0.0000,0.0000,0.0000,0.0000,0.0012,0.0000,0.0000,0.0000,0.0000,0.0000,0.0000,0.0000
olympus/pic.0195.jpg,0.0006,0.0001,0.0003,0.0001,0.0000,0.0002,0.0000,0.0013,0.0003,0.0009,0.0009,0.0007,0.0003,0.0000,0.0001,0.0000,0.0003,0.0012,0.4575,0.0702,0.0009,0.0006,0.0005,0.0000,0.0006,0.0023,0.2859,0.0265,0.0037,0.0001,0.0000,0.0000,0.0007,0.0039,0.0173,0.0358,0.0134,0.0000,0.0000,0.0000,0.0038,0.0106,0.0289,0.0000,0.0000,0.0000,0.0000,0.0000,0.0012,0.0108,0.0071,0.0000,0.0000,0.0000,0.0000,0.0000,0.0105,0.0000,0.0000,0.0000,0.0000,0.0000,0.0000,0.0000
olympus/pic.0196.jpg,0.0015,0.0004,0.0003,0.0001,0.0001,0.0001,0.0001,0.0008,0.0006,0.0005,0.0638,0.0003,0.0001,0.0000,0.0001,0.0000,0.0005,0.0013,0.4985,0.0155,0.0011,0.0003,0.0001,0.0000,0.0004,0.0014,0.3740,0.0013,0.0002,0.0000,0.0000,0.0000,0.0003,0.0038,0.0171,0.0003,0.0001,0.0000,0.0000,0.0000,0.0003,0.0039,0.0028,0.0000,0.0000,0.0000,0.0000,0.0000,0.0017,0.0017,0.0000,0.0000,0.0000,0.0000,0.0000,0.0000,0.0045,0.0000,0.0000,0.0000,0.0000,0.0000,0.0000,0.0000
olympus/pic.0197.jpg,0.0002,0.0001,0.0001,0.0003,0.0002,0.0001,0.0000,0.0014,0.0000,0.0000,0.0025,0.0130,0.0004,0.0000,0.0001,0.0000,0.0001,0.0002,0.1382,0.0196,0.0004,0.0002,0.0001,0.0000,0.0001,0.0003,0.6195,0.0108,0.0006,0.0000,0.0000,0.0000,0.0001,0.0007,0.1346,0.0060,0.0005,0.0000,0.0000,0.0000,0.0001,0.0011,0.0331,0.0001,0.0000,0.0000,0.0000,0.0000,0.0001,0.0051,0.0007,0.0000,0.0000,0.0000,0.0000,0.0000,0.0093,0.0001,0.0000,0.0000,0.0000,0.0000,0.0000,0.0000
olympus/pic.0198.jpg,0.0006,0.0005,0.0013,0.0054,0.0003,0.0000,0.0000,0.0002,0.0001,0.0001,0.0216,0.0607,0.0003,0.0000,0.0000,0.0000,0.0001,0.0002,0.2957,0.0148,0.0000,0.0000,0.0000,0.0000,0.0001,0.0002,0.4908,0.0102,0.0004,0.0000,0.0000,0.0000,0.0002,0.0009,0.0841,0.0030,0.0002,0.0000,0.0000,0.0000,0.0001,0.0006,0.0041,0.0000,0.0000,0.0000,0.0000,0.0000,0.0001,0.0011,0.0001,0.0000,0.0000,0.0000,0.0000,0.0000,0.0016,0.0000,0.0000,0.0000,0.0000,0.0000,0.0000,0.0000
olympus/pic.0199.jpg,0.0021,0.0013,0.0037,0.0037,0.0029,0.0003,0.0001,0.0006,0.0005,0.0010,0.0312,0.0345,0.0004,0.0000,0.0000,0.0000,0.0006,0.0025,0.7943,0.0081,0.0001,0.0000,0.0000,0.0000,0.0008,0.0026,0.0927,0.0009,0.0001,0.0000,0.0000,0.0000,0.0012,0.0025,0.0049,0.0006,0.0002,0.0000,0.0000,0.0000,0.0008,0.0005,0.0005,0.0000,0.0000,0.0000,0.0000,0.0000,0.0006,0.0003,0.0000,0.0000,0.0000,0.0000,0.0000,0.0000,0.0026,0.0000,0.0000,0.0000,0.0000,0.0000,0.0000,0.0000
olympus/pic.0200.jpg,0.0000,0.0000,0.0000,0.0000,0.0000,0.0000,0.0000,0.0000,0.0000,0.0000,0.0004,0.0000,0.0000,0.0000,0.0000,0.0000,0.0000,0.0001,0.6210,0.0024,0.0001,0.0000,0.0000,0.0000,0.0000,0.0003,0.2637,0.0012,0.0000,0.0000,0.0000,0.0000,0.0000,0.0061,0.0052,0.0001,0.0000,0.0000,0.0000,0.0000,0.0002,0.0193,0.0003,0.0000,0.0000,0.0000,0.0000,0.0000,0.0349,0.0270,0.0000,0.0000,0.0000,0.0000,0.0000,0.0000,0.0174,0.0000,0.0000,0.0000,0.0000,0.0000,0.0000,0.0000
olympus/pic.0201.jpg,0.0009,0.0008,0.0011,0.0007,0.0001,0.0001,0.0000,0.0006,0.0001,0.0002,0.1036,0.0264,0.0001,0.0000,0.0000,0.0000,0.0001,0.0008,0.7884,0.0056,0.0001,0.0001,0.0001,0.0000,0.0001,0.0004,0.0210,0.0466,0.0002,0.0000,0.0000,0.0000,0.0001,0.0001,0.0002,0.0004,0.0002,0.0000,0.0000,0.0000,0.0001,0.0000,0.0001,0.0000,0.0000,0.0000,0.0000,0.0000,0.0000,0.0000,0.0000,0.0000,0.0000,0.0000,0.0000,0.0000,0.0004,0.0000,0.0000,0.0000,0.0000,0.0000,0.0000,0.0000
olympus/pic.0202.jpg,0.0003,0.0001,0.0002,0.0001,0.0001,0.0001,0.0000,0.0004,0.0003,0.0002,0.0225,0.0002,0.0000,0.0000,0.0000,0.0000,0.0004,0.0023,0.8848,0.0009,0.0001,0.0001,0.0000,0.0000,0.0003,0.0011,0.0727,0.0013,0.0002,0.0000,0.0000,0.0000,0.0005,0.0012,0.0033,0.0006,0.0003,0.0000,0.0000,0.0000,0.0004,0.0007,0.0005,0.0000,0.0000,0.0000,0.0000,0.0000,0.0005,0.0004,0.0001,0.0000,0.0000,0.0000,0.0000,0.0000,0.0029,0.0000,0.0000,0.0000,0.0000,0.0000,0.0000,0.0000
olympus/pic.0203.jpg,0.0044,0.0013,0.0013,0.0006,0.0002,0.0001,0.0000,0.0007,0.0015,0.0012,0.0125,0.0016,0.0002,0.0000,0.0000,0.0000,0.0010,0.0033,0.4344,0.0043,0.0001,0.0001,0.0001,0.0000,0.0006,0.0025,0.3952,0.0591,0.0011,0.0000,0.0000,0.0000,0.0008,0.0012,0.0498,0.0076,0.0003,0.0000,0.0000,0.0000,0.0019,0.0003,0.0011,0.0000,0.0000,0.0000,0.0000,0.0000,0.0033,0.0007,0.0000,0.0000,0.0000,0.0000,0.0000,0.0000,0.0055,0.0000,0.0000,0.0000,0.0000,0.0000,0.0000,0.0000
olympus/pic.0204.jpg,0.0002,0.0000,0.0002,0.0102,0.0000,0.0000,0.0000,0.0001,0.0001,0.0000,0.0019,0.0061,0.0000,0.0000,0.0000,0.0000,0.0001,0.0001,0.2940,0.0043,0.0000,0.0000,0.0000,0.0000,0.0001,0.0034,0.3036,0.0030,0.0001,0.0000,0.0000,0.0000,0.0003,0.0954,0.1053,0.0009,0.0001,0.0000,0.0000,0.0000,0.0003,0.0832,0.0720,0.0000,0.0000,0.0000,0.0000,0.0000,0.0005,0.0078,0.0003,0.0000,0.0000,0.0000,0.0000,0.0000,0.0060,0.0001,0.0000,0.0000,0.0000,0.0000,0.0000,0.0000
olympus/pic.0205.jpg,0.0002,0.0001,0.0001,0.0001,0.0001,0.0000,0.0000,0.0001,0.0000,0.0001,0.0042,0.0005,0.0000,0.0000,0.0000,0.0000,0.0002,0.0349,0.7819,0.0003,0.0000,0.0000,0.0000,0.0000,0.0008,0.0349,0.1273,0.0045,0.0000,0.0000,0.0000,0.0000,0.0005,0.0012,0.0043,0.0001,0.0000,0.0000,0.0000,0.0000,0.0003,0.0016,0.0001,0.0000,0.0000,0.0000,0.0000,0.0000,0.0007,0.0001,0.0000,0.0000,0.0000,0.0000,0.0000,0.0000,0.0007,0.0000,0.0000,0.0000,0.0000,0.0000,0.0000,0.0000
olympus/pic.0206.jpg,0.0001,0.0000,0.0000,0.0000,0.0000,0.0000,0.0000,0.0001,0.0001,0.0000,0.0001,0.0000,0.0000,0.0000,0.0000,0.0000,0.0001,0.0003,0.7875,0.0023,0.0000,0.0001,0.0000,0.0000,0.0002,0.0041,0.1356,0.0043,0.0002,0.0000,0.0000,0.0000,0.0004,0.0271,0.0167,0.0005,0.0000,0.0000,0.0000,0.0000,0.0004,0.0139,0.0010,0.0000,0.0000,0.0000,0.0000,0.0000,0.0011,0.0013,0.0001,0.0000,0.0000,0.0000,0.0000,0.0000,0.0021,0.0000,0.0000,0.0000,0.0000,0.0000,0.0000,0.0000
olympus/pic.0207.jpg,0.0011,0.0008,0.0008,0.0002,0.0001,0.0000,0.0000,0.0001,0.0004,0.0013,0.0077,0.0061,0.0000,0.0000,0.0000,0.0000,0.0005,0.0055,0.8032,0.0007,0.0000,0.0000,0.0000,0.0000,0.0009,0.0663,0.0897,0.0002,0.0000,0.0000,0.0000,0.0000,0.0011,0.0033,0.0070,0.0001,0.0000,0.0000,0.0000,0.0000,0.0004,0.0004,0.0005,0.0000,0.0000,0.0000,0.0000,0.0000,0.0002,0.0003,0.0000,0.0000,0.0000,0.0000,0.0000,0.0000,0.0009,0.0000,0.0000,0.0000,0.0000,0.0000,0.0000,0.0000
olympus/pic.0208.jpg,0.0013,0.0007,0.0015,0.0011,0.0002,0.0001,0.0001,0.0009,0.0003,0.0039,0.0640,0.0024,0.0001,0.0000,0.0000,0.0000,0.0005,0.0038,0.3121,0.0146,0.0001,0.0001,0.0000,0.0000,0.0005,0.0060,0.2272,0.0027,0.0002,0.0000,0.0000,0.0000,0.0009,0.0943,0.1489,0.0018,0.0002,0.0000,0.0000,0.0000,0.0025,0.0512,0.0262,0.0000,0.0000,0.0000,0.0000,0.0000,0.0043,0.0084,0.0003,0.0000,0.0000,0.0000,0.0000,0.0000,0.0166,0.0001,0.0000,0.0000,0.0000,0.0000,0.0000,0.0000
olympus/pic.0209.jpg,0.0022,0.0014,0.0019,0.0006,0.0005,0.0005,0.0002,0.0211,0.0002,0.0006,0.3023,0.0025,0.0013,0.0003,0.0029,0.0002,0.0001,0.0005,0.4350,0.1453,0.0113,0.0097,0.0023,0.0000,0.0001,0.0001,0.0019,0.0312,0.0197,0.0017,0.0000,0.0000,0.0000,0.0001,0.0001,0.0005,0.0011,0.0000,0.0000,0.0000,0.0000,0.0000,0.0001,0.0000,0.0000,0.0000,0.0000,0.0000,0.0000,0.0000,0.0000,0.0000,0.0000,0.0000,0.0000,0.0000,0.0005,0.0000,0.0000,0.0000,0.0000,0.0000,0.0000,0.0000
olympus/pic.0210.jpg,0.0015,0.0007,0.0009,0.0005,0.0003,0.0002,0.0001,0.0026,0.0002,0.0006,0.0059,0.0034,0.0013,0.0004,0.0007,0.0001,0.0001,0.0005,0.6017,0.3067,0.0428,0.0019,0.0001,0.0000,0.0001,0.0003,0.0060,0.0161,0.0032,0.0001,0.0000,0.0000,0.0000,0.0002,0.0001,0.0004,0.0002,0.0000,0.0000,0.0000,0.0000,0.0000,0.0000,0.0000,0.0000,0.0000,0.0000,0.0000,0.0000,0.0000,0.0000,0.0000,0.0000,0.0000,0.0000,0.0000,0.0002,0.0000,0.0000,0.0000,0.0000,0.0000,0.0000,0.0000
olympus/pic.0211.jpg,0.0000,0.0000,0.0000,0.0000,0.0000,0.0000,0.0000,0.0020,0.0000,0.0000,0.0000,0.0000,0.0000,0.0001,0.0015,0.0000,0.0000,0.0000,0.1940,0.5679,0.0578,0.0076,0.0003,0.0000,0.0000,0.0000,0.1299,0.0231,0.0048,0.0001,0.0000,0.0000,0.0000,0.0002,0.0064,0.0011,0.0002,0.0000,0.0000,0.0000,0.0000,0.0001,0.0013,0.0000,0.0000,0.0000,0.0000,0.0000,0.0000,0.0005,0.0001,0.0000,0.0000,0.0000,0.0000,0.0000,0.0008,0.0000,0.0000,0.0000,0.0000,0.0000,0.0000,0.0000
olympus/pic.0212.jpg,0.0016,0.0006,0.0005,0.0001,0.0001,0.0000,0.0000,0.0002,0.0003,0.0007,0.0108,0.0008,0.0001,0.0000,0.0000,0.0000,0.0002,0.0009,0.9512,0.0231,0.0008,0.0000,0.0000,0.0000,0.0001,0.0005,0.0066,0.0003,0.0000,0.0000,0.0000,0.0000,0.0001,0.0001,0.0000,0.0000,0.0000,0.0000,0.0000,0.0000,0.0000,0.0000,0.0000,0.0000,0.0000,0.0000,0.0000,0.0000,0.0000,0.0000,0.0000,0.0000,0.0000,0.0000,0.0000,0.0000,0.0002,0.0000,0.0000,0.0000,0.0000,0.0000,0.0000,0.0000
olympus/pic.0213.jpg,0.0034,0.0019,0.0031,0.0029,0.0109,0.0108,0.0049,0.0142,0.0006,0.0017,0.0321,0.0325,0.0381,0.0046,0.0034,0.0002,0.0004,0.0015,0.6213,0.1212,0.0343,0.0059,0.0056,0.0000,0.0003,0.0003,0.0057,0.0224,0.0105,0.0014,0.0000,0.0000,0.0001,0.0001,0.0002,0.0010,0.0015,0.0000,0.0000,0.0000,0.0001,0.0000,0.0002,0.0000,0.0000,0.0000,0.0000,0.0000,0.0000,0.0000,0.0000,0.0000,0.0000,0.0000,0.0000,0.0000,0.0005,0.0000,0.0000,0.0000,0.0000,0.0000,0.0000,0.0000
olympus/pic.0214.jpg,0.0085,0.1114,0.0123,0.0016,0.0021,0.0013,0.0009,0.0066,0.0005,0.0556,0.0770,0.0163,0.0036,0.0007,0.0005,0.0001,0.0002,0.0018,0.5358,0.1117,0.0025,0.0007,0.0001,0.0000,0.0001,0.0004,0.0219,0.0165,0.0019,0.0001,0.0000,0.0000,0.0002,0.0005,0.0014,0.0012,0.0003,0.0000,0.0000,0.0000,0.0004,0.0003,0.0006,0.0000,0.0000,0.0000,0.0000,0.0000,0.0003,0.0003,0.0001,0.0000,0.0000,0.0000,0.0000,0.0000,0.0018,0.0000,0.0000,0.0000,0.0000,0.0000,0.0000,0.0000
olympus/pic.0215.jpg,0.0000,0.0000,0.0003,0.0000,0.0000,0.0000,0.0000,0.0002,0.0000,0.0000,0.0034,0.0031,0.0007,0.0001,0.0000,0.0000,0.0000,0.0000,0.3900,0.0138,0.0005,0.0001,0.0000,0.0000,0.0000,0.0003,0.4180,0.0582,0.0002,0.0000,0.0000,0.0000,0.0001,0.0066,0.0670,0.0156,0.0002,0.0000,0.0000,0.0000,0.0001,0.0035,0.0149,0.0003,0.0000,0.0000,0.0000,0.0000,0.0001,0.0010,0.0001,0.0000,0.0000,0.0000,0.0000,0.0000,0.0013,0.0000,0.0000,0.0000,0.0000,0.0000,0.0000,0.0000
olympus/pic.0216.jpg,0.0000,0.0000,0.0000,0.0000,0.0000,0.0000,0.0000,0.0000,0.0000,0.0000,0.0025,0.0017,0.0000,0.0000,0.0000,0.0000,0.0000,0.0000,0.4152,0.3713,0.0000,0.0000,0.0000,0.0000,0.0000,0.0000,0.0714,0.1378,0.0000,0.0000,0.0000,0.0000,0.0000,0.0000,0.0000,0.0000,0.0000,0.0000,0.0000,0.0000,0.0000,0.0000,0.0000,0.0000,0.0000,0.0000,0.0000,0.0000,0.0000,0.0000,0.0000,0.0000,0.0000,0.0000,0.0000,0.0000,0.0000,0.0000,0.0000,0.0000,0.0000,0.0000,0.0000,0.0000
olympus/pic.0217.jpg,0.0013,0.0011,0.0025,0.0006,0.0003,0.0002,0.0001,0.0010,0.0002,0.0003,0.0200,0.0015,0.0001,0.0000,0.0000,0.0000,0.0001,0.0006,0.7204,0.0085,0.0002,0.0001,0.0000,0.0000,0.0001,0.0007,0.2076,0.0072,0.0009,0.0000,0.0000,0.0000,0.0002,0.0007,0.0075,0.0041,0.0004,0.0000,0.0000,0.0000,0.0001,0.0003,0.0034,0.0001,0.0000,0.0000,0.0000,0.0000,0.0001,0.0016,0.0004,0.0000,0.0000,0.0000,0.0000,0.0000,0.0054,0.0000,0.0000,0.0000,0.0000,0.0000,0.0000,0.0000
olympus/pic.0218.jpg,0.0000,0.0000,0.0000,0.0000,0.0000,0.0000,0.0000,0.0000,0.0000,0.0000,0.0000,0.0000,0.0000,0.0000,0.0000,0.0000,0.0000,0.0000,0.0256,0.0001,0.0000,0.0000,0.0000,0.0000,0.0000,0.0000,0.1874,0.1673,0.0000,0.0000,0.0000,0.0000,0.0000,0.0003,0.4674,0.1296,0.0000,0.0000,0.0000,0.0000,0.0000,0.0004,0.0209,0.0001,0.0000,0.0000,0.0000,0.0000,0.0000,0.0006,0.0001,0.0000,0.0000,0.0000,0.0000,0.0000,0.0002,0.0000,0.0000,0.0000,0.0000,0.0000,0.0000,0.0000
olympus/pic.0219.jpg,0.0001,0.0000,0.0002,0.0002,0.0037,0.0002,0.0001,0.0012,0.0000,0.0000,0.0015,0.0062,0.0020,0.0001,0.0001,0.0000,0.0000,0.0000,0.5198,0.1693,0.0008,0.0004,0.0001,0.0000,0.0000,0.0005,0.0916,0.1772,0.0026,0.0000,0.0000,0.0000,0.0000,0.0039,0.0072,0.0067,0.0006,0.0000,0.0000,0.0000,0.0000,0.0006,0.0019,0.0001,0.0000,0.0000,0.0000,0.0000,0.0000,0.0005,0.0001,0.0000,0.0000,0.0000,0.0000,0.0000,0.0004,0.0000,0.0000,0.0000,0.0000,0.0000,0.0000,0.0000
olympus/pic.0220.jpg,0.0003,0.0358,0.0007,0.0052,0.0063,0.0005,0.0002,0.0029,0.0000,0.0150,0.0471,0.3377,0.0056,0.0002,0.0003,0.0000,0.0000,0.0002,0.3229,0.1115,0.0019,0.0004,0.0001,0.0000,0.0000,0.0016,0.0700,0.0126,0.0003,0.0000,0.0000,0.0000,0.0001,0.0042,0.0103,0.0006,0.0001,0.0000,0.0000,0.0000,0.0001,0.0022,0.0010,0.0000,0.0000,0.0000,0.0000,0.0000,0.0002,0.0005,0.0000,0.0000,0.0000,0.0000,0.0000,0.0000,0.0009,0.0000,0.0000,0.0000,0.0000,0.0000,0.0000,0.0000
olympus/pic.0221.jpg,0.0006,0.0003,0.0005,0.0002,0.0001,0.0001,0.0001,0.0006,0.0001,0.0002,0.0098,0.0018,0.0011,0.0002,0.0001,0.0000,0.0001,0.0007,0.7672,0.0352,0.0010,0.0001,0.0000,0.0000,0.0001,0.0017,0.0332,0.0007,0.0002,0.0000,0.0000,0.0000,0.0001,0.0194,0.0039,0.0001,0.0000,0.0000,0.0000,0.0000,0.0010,0.0373,0.0002,0.0000,0.0000,0.0000,0.0000,0.0000,0.0395,0.0280,0.0000,0.0000,0.0000,0.0000,0.0000,0.0000,0.0145,0.0000,0.0000,0.0000,0.0000,0.0000,0.0000,0.0000
olympus/pic.0222.jpg,0.0000,0.0000,0.0000,0.0001,0.0002,0.0001,0.0000,0.0003,0.0000,0.0000,0.0017,0.0033,0.0003,0.0000,0.0000,0.0000,0.0000,0.0000,0.5718,0.3490,0.0008,0.0001,0.0000,0.0000,0.0000,0.0000,0.0047,0.0647,0.0027,0.0000,0.0000,0.0000,0.0000,0.0000,0.0000,0.0001,0.0000,0.0000,0.0000,0.0000,0.0000,0.0000,0.0000,0.0000,0.0000,0.0000,0.0000,0.0000,0.0000,0.0000,0.0000,0.0000,0.0000,0.0000,0.0000,0.0000,0.0000,0.0000,0.0000,0.0000,0.0000,0.0000,0.0000,0.0000
olympus/pic.0223.jpg,0.0000,0.0000,0.0000,0.0000,0.0000,0.0000,0.0000,0.0000,0.0000,0.0000,0.2525,0.0000,0.0000,0.0000,0.0000,0.0000,0.0000,0.0000,0.6450,0.0001,0.0000,0.0000,0.0000,0.0000,0.0000,0.0000,0.1024,0.0000,0.0000,0.0000,0.0000,0.0000,0.0000,0.0000,0.0000,0.0000,0.0000,0.0000,0.0000,0.0000,0.0000,0.0000,0.0000,0.0000,0.0000,0.0000,0.0000,0.0000,0.0000,0.0000,0.0000,0.0000,0.0000,0.0000,0.0000,0.0000,0.0000,0.0000,0.0000,0.0000,0.0000,0.0000,0.0000,0.0000
olympus/pic.0224.jpg,0.0000,0.0001,0.0002,0.0000,0.0000,0.0000,0.0000,0.0000,0.0000,0.0001,0.0044,0.0001,0.0000,0.0000,0.0000,0.0000,0.0000,0.0003,0.9671,0.0009,0.0000,0.0000,0.0000,0.0000,0.0000,0.0001,0.0247,0.0000,0.0000,0.0000,0.0000,0.0000,0.0000,0.0008,0.0013,0.0000,0.0000,0.0000,0.0000,0.0000,0.0000,0.0000,0.0000,0.0000,0.0000,0.0000,0.0000,0.0000,0.0000,0.0000,0.0000,0.0000,0.0000,0.0000,0.0000,0.0000,0.0000,0.0000,0.0000,0.0000,0.0000,0.0000,0.0000,0.0000
olympus/pic.0225.jpg,0.0002,0.0002,0.0005,0.0002,0.0002,0.0001,0.0001,0.0004,0.0003,0.0006,0.0182,0.0026,0.0003,0.0000,0.0000,0.0000,0.0001,0.0010,0.9179,0.0500,0.0002,0.0000,0.0000,0.0000,0.0001,0.0001,0.0006,0.0059,0.0000,0.0000,0.0000,0.0000,0.0000,0.0000,0.0000,0.0000,0.0000,0.0000,0.0000,0.0000,0.0000,0.0000,0.0000,0.0000,0.0000,0.0000,0.0000,0.0000,0.0000,0.0000,0.0000,0.0000,0.0000,0.0000,0.0000,0.0000,0.0000,0.0000,0.0000,0.0000,0.0000,0.0000,0.0000,0.0000
olympus/pic.0226.jpg,0.0004,0.0003,0.0005,0.0005,0.0001,0.0000,0.0000,0.0000,0.0001,0.0001,0.0439,0.0035,0.0000,0.0000,0.0000,0.0000,0.0000,0.0020,0.7161,0.0013,0.0000,0.0000,0.0000,0.0000,0.0001,0.0009,0.1771,0.0001,0.0000,0.0000,0.0000,0.0000,0.0001,0.0038,0.0472,0.0001,0.0000,0.0000,0.0000,0.0000,0.0001,0.0007,0.0003,0.0000,0.0000,0.0000,0.0000,0.0000,0.0001,0.0002,0.0000,0.0000,0.0000,0.0000,0.0000,0.0000,0.0004,0.0000,0.0000,0.0000,0.0000,0.0000,0.0000,0.0000
olympus/pic.0227.jpg,0.0007,0.0002,0.0002,0.0000,0.0000,0.0000,0.0000,0.0001,0.0001,0.0001,0.0019,0.0011,0.0003,0.0000,0.0000,0.0000,0.0001,0.0008,0.9342,0.0018,0.0000,0.0000,0.0000,0.0000,0.0000,0.0010,0.0441,0.0093,0.0000,0.0000,0.0000,0.0000,0.0000,0.0008,0.0017,0.0004,0.0000,0.0000,0.0000,0.0000,0.0000,0.0001,0.0003,0.0000,0.0000,0.0000,0.0000,0.0000,0.0000,0.0001,0.0000,0.0000,0.0000,0.0000,0.0000,0.0000,0.0004,0.0000,0.0000,0.0000,0.0000,0.0000,0.0000,0.0000
olympus/pic.0228.jpg,0.0000,0.0000,0.0000,0.0000,0.0000,0.0000,0.0000,0.0000,0.0000,0.0000,0.0000,0.0000,0.0000,0.0000,0.0000,0.0000,0.0000,0.0000,1.0000,0.0000,0.0000,0.0000,0.0000,0.0000,0.0000,0.0000,0.0000,0.0000,0.0000,0.0000,0.0000,0.0000,0.0000,0.0000,0.0000,0.0000,0.0000,0.0000,0.0000,0.0000,0.0000,0.0000,0.0000,0.0000,0.0000,0.0000,0.0000,0.0000,0.0000,0.0000,0.0000,0.0000,0.0000,0.0000,0.0000,0.0000,0.0000,0.0000,0.0000,0.0000,0.0000,0.0000,0.0000,0.0000
olympus/pic.0229.jpg,0.0003,0.0002,0.0001,0.0000,0.0000,0.0000,0.0000,0.0000,0.0000,0.0003,0.0034,0.0000,0.0000,0.0000,0.0000,0.0000,0.0000,0.0004,0.9754,0.0000,0.0000,0.0000,0.0000,0.0000,0.0000,0.0013,0.0145,0.0000,0.0000,0.0000,0.0000,0.0000,0.0000,0.0023,0.0018,0.0000,0.0000,0.0000,0.0000,0.0000,0.0000,0.0000,0.0000,0.0000,0.0000,0.0000,0.0000,0.0000,0.0000,0.0000,0.0000,0.0000,0.0000,0.0000,0.0000,0.0000,0.0000,0.0000,0.0000,0.0000,0.0000,0.0000,0.0000,0.0000
olympus/pic.0230.jpg,0.0031,0.0066,0.0111,0.0040,0.0007,0.0001,0.0000,0.0003,0.0001,0.0008,0.0060,0.0236,0.0000,0.0000,0.0000,0.0000,0.0000,0.0000,0.1579,0.3193,0.0001,0.0000,0.0000,0.0000,0.0000,0.0002,0.4645,0.0002,0.0001,0.0000,0.0000,0.0000,0.0000,0.0001,0.0001,0.0002,0.0001,0.0000,0.0000,0.0000,0.0000,0.0000,0.0000,0.0000,0.0000,0.0000,0.0000,0.0000,0.0001,0.0000,0.0000,0.0000,0.0000,0.0000,0.0000,0.0000,0.0004,0.0000,0.0000,0.0000,0.0000,0.0000,0.0000,0.0000
olympus/pic.0231.jpg,0.0000,0.0000,0.0000,0.0000,0.0000,0.0000,0.0000,0.0000,0.0000,0.0000,0.1351,0.0000,0.0000,0.0000,0.0000,0.0000,0.0000,0.0000,0.6623,0.0000,0.0000,0.0000,0.0000,0.0000,0.0000,0.0000,0.2026,0.0000,0.0000,0.0000,0.0000,0.0000,0.0000,0.0000,0.0000,0.0000,0.0000,0.0000,0.0000,0.0000,0.0000,0.0000,0.0000,0.0000,0.0000,0.0000,0.0000,0.0000,0.0000,0.0000,0.0000,0.0000,0.0000,0.0000,0.0000,0.0000,0.0000,0.0000,0.0000,0.0000,0.0000,0.0000,0.0000,0.0000
olympus/pic.0232.jpg,0.0057,0.0105,0.0051,0.0001,0.0001,0.0000,0.0000,0.0004,0.0004,0.0115,0.0845,0.0006,0.0001,0.0000,0.0000,0.0000,0.0002,0.0012,0.8389,0.0026,0.0001,0.0000,0.0000,0.0000,0.0001,0.0006,0.0183,0.0003,0.0000,0.0000,0.0000,0.0000,0.0002,0.0039,0.0004,0.0002,0.0000,0.0000,0.0000,0.0000,0.0012,0.0042,0.0001,0.0000,0.0000,0.0000,0.0000,0.0000,0.0037,0.0003,0.0000,0.0000,0.0000,0.0000,0.0000,0.0000,0.0044,0.0000,0.0000,0.0000,0.0000,0.0000,0.0000,0.0000
olympus/pic.0233.jpg,0.0002,0.0000,0.0001,0.0001,0.0001,0.0001,0.0001,0.0006,0.0001,0.0002,0.0050,0.0069,0.0027,0.0005,0.0003,0.0000,0.0002,0.0058,0.4007,0.1554,0.0263,0.0016,0.0000,0.0000,0.0005,0.0442,0.1385,0.0132,0.0008,0.0000,0.0000,0.0000,0.0017,0.0654,0.0189,0.0004,0.0000,0.0000,0.0000,0.0000,0.0128,0.0341,0.0007,0.0000,0.0000,0.0000,0.0000,0.0000,0.0426,0.0027,0.0000,0.0000,0.0000,0.0000,0.0000,0.0000,0.0162,0.0000,0.0000,0.0000,0.0000,0.0000,0.0000,0.0000
olympus/pic.0234.jpg,0.0004,0.0002,0.0003,0.0001,0.0001,0.0001,0.0002,0.0050,0.0001,0.0001,0.0069,0.0012,0.0008,0.0004,0.0009,0.0000,0.0001,0.0005,0.7519,0.1228,0.0066,0.0020,0.0002,0.0000,0.0001,0.0011,0.0649,0.0182,0.0032,0.0001,0.0000,0.0000,0.0001,0.0021,0.0037,0.0013,0.0004,0.0000,0.0000,0.0000,0.0001,0.0005,0.0008,0.0000,0.0000,0.0000,0.0000,0.0000,0.0001,0.0004,0.0001,0.0000,0.0000,0.0000,0.0000,0.0000,0.0020,0.0000,0.0000,0.0000,0.0000,0.0000,0.0000,0.0000
olympus/pic.0235.jpg,0.0002,0.0001,0.0001,0.0002,0.0002,0.0001,0.0001,0.0074,0.0000,0.0001,0.0007,0.0008,0.0010,0.0005,0.0024,0.0001,0.0001,0.0012,0.1917,0.6633,0.0521,0.0109,0.0003,0.0000,0.0000,0.0002,0.0028,0.0401,0.0226,0.0001,0.0000,0.0000,0.0000,0.0000,0.0001,0.0002,0.0001,0.0000,0.0000,0.0000,0.0000,0.0000,0.0001,0.0000,0.0000,0.0000,0.0000,0.0000,0.0000,0.0000,0.0000,0.0000,0.0000,0.0000,0.0000,0.0000,0.0001,0.0000,0.0000,0.0000,0.0000,0.0000,0.0000,0.0000
olympus/pic.0236.jpg,0.0113,0.0064,0.0138,0.0429,0.0002,0.0002,0.0001,0.0009,0.0025,0.0496,0.0672,0.0624,0.0172,0.0005,0.0001,0.0000,0.0012,0.0243,0.1998,0.0595,0.0115,0.0001,0.0000,0.0000,0.0037,0.0585,0.0488,0.0433,0.0000,0.0000,0.0000,0.0000,0.0019,0.0446,0.0566,0.0004,0.0001,0.0000,0.0000,0.0000,0.0293,0.0736,0.0386,0.0000,0.0000,0.0000,0.0000,0.0000,0.0087,0.0186,0.0001,0.0000,0.0000,0.0000,0.0000,0.0000,0.0015,0.0000,0.0000,0.0000,0.0000,0.0000,0.0000,0.0000
olympus/pic.0237.jpg,0.0007,0.0003,0.0031,0.0001,0.0001,0.0000,0.0000,0.0004,0.0002,0.0001,0.0042,0.0001,0.0000,0.0000,0.0000,0.0000,0.0002,0.0008,0.6865,0.0023,0.0001,0.0001,0.0000,0.0000,0.0004,0.0010,0.0874,0.0113,0.0006,0.0000,0.0000,0.0000,0.0003,0.0095,0.0179,0.0152,0.0003,0.0000,0.0000,0.0000,0.0011,0.0182,0.0021,0.0001,0.0000,0.0000,0.0000,0.0000,0.0908,0.0193,0.0002,0.0000,0.0000,0.0000,0.0000,0.0000,0.0250,0.0000,0.0000,0.0000,0.0000,0.0000,0.0000,0.0000
olympus/pic.0238.jpg,0.0065,0.0014,0.0011,0.0008,0.0008,0.0004,0.0002,0.0019,0.0023,0.0158,0.0129,0.0030,0.0004,0.0000,0.0000,0.0000,0.0020,0.0103,0.8215,0.0037,0.0001,0.0001,0.0000,0.0000,0.0021,0.0189,0.0339,0.0007,0.0001,0.0000,0.0000,0.0000,0.0033,0.0236,0.0023,0.0003,0.0001,0.0000,0.0000,0.0000,0.0050,0.0089,0.0006,0.0000,0.0000,0.0000,0.0000,0.0000,0.0039,0.0007,0.0000,0.0000,0.0000,0.0000,0.0000,0.0000,0.0100,0.0000,0.0000,0.0000,0.0000,0.0000,0.0000,0.0000
olympus/pic.0239.jpg,0.0012,0.0022,0.0117,0.1380,0.0009,0.0000,0.0000,0.0003,0.0002,0.0025,0.1774,0.1522,0.0003,0.0000,0.0000,0.0000,0.0002,0.0008,0.2653,0.0623,0.0002,0.0000,0.0000,0.0000,0.0001,0.0006,0.1358,0.0232,0.0001,0.0000,0.0000,0.0000,0.0002,0.0003,0.0207,0.0012,0.0000,0.0000,0.0000,0.0000,0.0001,0.0001,0.0007,0.0000,0.0000,0.0000,0.0000,0.0000,0.0000,0.0002,0.0000,0.0000,0.0000,0.0000,0.0000,0.0000,0.0008,0.0000,0.0000,0.0000,0.0000,0.0000,0.0000,0.0000
olympus/pic.0240.jpg,0.0000,0.0000,0.0000,0.0000,0.0000,0.0000,0.0000,0.0003,0.0000,0.0000,0.0000,0.0000,0.0000,0.0000,0.0000,0.0000,0.0000,0.0000,0.8550,0.0228,0.0015,0.0003,0.0000,0.0000,0.0000,0.0001,0.1028,0.0114,0.0012,0.0000,0.0000,0.0000,0.0000,0.0002,0.0017,0.0007,0.0002,0.0000,0.0000,0.0000,0.0000,0.0001,0.0004,0.0000,0.0000,0.0000,0.0000,0.0000,0.0000,0.0002,0.0000,0.0000,0.0000,0.0000,0.0000,0.0000,0.0008,0.0000,0.0000,0.0000,0.0000,0.0000,0.0000,0.0000
olympus/pic.0241.jpg,0.0000,0.0000,0.0000,0.0000,0.0000,0.0000,0.0000,0.0000,0.0000,0.0000,0.0000,0.0000,0.0000,0.0000,0.0000,0.0000,0.0001,0.0002,0.4380,0.0000,0.0000,0.0000,0.0000,0.0000,0.0013,0.3620,0.0499,0.0002,0.0000,0.0000,0.0000,0.0000,0.0111,0.0935,0.0144,0.0009,0.0000,0.0000,0.0000,0.0000,0.0029,0.0197,0.0019,0.0000,0.0000,0.0000,0.0000,0.0000,0.0022,0.0004,0.0001,0.0000,0.0000,0.0000,0.0000,0.0000,0.0010,0.0000,0.0000,0.0000,0.0000,0.0000,0.0000,0.0000
olympus/pic.0242.jpg,0.0001,0.0001,0.0001,0.0000,0.0000,0.0000,0.0000,0.0001,0.0000,0.0000,0.0048,0.0002,0.0000,0.0000,0.0000,0.0000,0.0000,0.0001,0.3961,0.0519,0.0001,0.0000,0.0000,0.0000,0.0000,0.0077,0.2079,0.0157,0.0001,0.0000,0.0000,0.0000,0.0000,0.1353,0.1654,0.0002,0.0000,0.0000,0.0000,0.0000,0.0001,0.0119,0.0002,0.0000,0.0000,0.0000,0.0000,0.0000,0.0003,0.0004,0.0000,0.0000,0.0000,0.0000,0.0000,0.0000,0.0010,0.0000,0.0000,0.0000,0.0000,0.0000,0.0000,0.0000
olympus/pic.0243.jpg,0.0001,0.0008,0.0026,0.0005,0.0003,0.0002,0.0002,0.0008,0.0000,0.0035,0.1525,0.0056,0.0004,0.0000,0.0000,0.0000,0.0000,0.0004,0.1402,0.2296,0.0001,0.0000,0.0000,0.0000,0.0000,0.0038,0.0571,0.0004,0.0000,0.0000,0.0000,0.0000,0.0000,0.0652,0.0087,0.0000,0.0000,0.0000,0.0000,0.0000,0.0167,0.1022,0.0005,0.0000,0.0000,0.0000,0.0000,0.0000,0.1848,0.0051,0.0000,0.0000,0.0000,0.0000,0.0000,0.0000,0.0175,0.0000,0.0000,0.0000,0.0000,0.0000,0.0000,0.0000
olympus/pic.0244.jpg,0.0013,0.0003,0.0005,0.0001,0.0003,0.0002,0.0001,0.0014,0.0006,0.0004,0.0011,0.0006,0.0002,0.0000,0.0000,0.0000,0.0009,0.0035,0.9406,0.0028,0.0002,0.0001,0.0001,0.0000,0.0008,0.0031,0.0262,0.0013,0.0003,0.0000,0.0000,0.0000,0.0012,0.0008,0.0009,0.0006,0.0003,0.0000,0.0000,0.0000,0.0006,0.0004,0.0007,0.0000,0.0000,0.0000,0.0000,0.0000,0.0005,0.0006,0.0001,0.0000,0.0000,0.0000,0.0000,0.0000,0.0059,0.0000,0.0000,0.0000,0.0000,0.0000,0.0000,0.0000
olympus/pic.0245.jpg,0.0006,0.0001,0.0002,0.0001,0.0001,0.0000,0.0000,0.0002,0.0002,0.0001,0.0040,0.0004,0.0000,0.0000,0.0000,0.0000,0.0002,0.0012,0.3413,0.0078,0.0001,0.0000,0.0000,0.0000,0.0002,0.0106,0.3223,0.0079,0.0003,0.0000,0.0000,0.0000,0.0010,0.0268,0.0830,0.0029,0.0002,0.0000,0.0000,0.0000,0.0184,0.0224,0.0063,0.0000,0.0000,0.0000,0.0000,0.0000,0.0934,0.0058,0.0002,0.0000,0.0000,0.0000,0.0000,0.0000,0.0413,0.0000,0.0000,0.0000,0.0000,0.0000,0.0000,0.0000
olympus/pic.0246.jpg,0.0099,0.0023,0.0064,0.0055,0.0634,0.0007,0.0002,0.0022,0.0006,0.0032,0.0863,0.0592,0.0057,0.0000,0.0000,0.0000,0.0005,0.0024,0.4572,0.0343,0.0004,0.0002,0.0001,0.0000,0.0002,0.0060,0.1418,0.0753,0.0016,0.0000,0.0000,0.0000,0.0002,0.0088,0.0135,0.0056,0.0013,0.0000,0.0000,0.0000,0.0002,0.0003,0.0011,0.0000,0.0000,0.0000,0.0000,0.0000,0.0001,0.0003,0.0001,0.0000,0.0000,0.0000,0.0000,0.0000,0.0027,0.0000,0.0000,0.0000,0.0000,0.0000,0.0000,0.0000
olympus/pic.0247.jpg,0.0172,0.0013,0.0009,0.0003,0.0005,0.0003,0.0001,0.0036,0.0041,0.0010,0.0021,0.0011,0.0001,0.0000,0.0000,0.0000,0.0008,0.0105,0.9362,0.0020,0.0001,0.0001,0.0000,0.0000,0.0020,0.0030,0.0051,0.0009,0.0005,0.0000,0.0000,0.0000,0.0014,0.0007,0.0002,0.0000,0.0002,0.0000,0.0000,0.0000,0.0006,0.0001,0.0001,0.0000,0.0000,0.0000,0.0000,0.0000,0.0004,0.0001,0.0000,0.0000,0.0000,0.0000,0.0000,0.0000,0.0026,0.0000,0.0000,0.0000,0.0000,0.0000,0.0000,0.0000
olympus/pic.0248.jpg,0.0011,0.0006,0.0008,0.0005,0.0006,0.0006,0.0005,0.0078,0.0002,0.0004,0.0096,0.0061,0.0067,0.0029,0.0031,0.0001,0.0001,0.0006,0.0888,0.7963,0.0660,0.0049,0.0001,0.0000,0.0000,0.0000,0.0006,0.0005,0.0003,0.0000,0.0000,0.0000,0.0000,0.0000,0.0000,0.0000,0.0000,0.0000,0.0000,0.0000,0.0000,0.0000,0.0000,0.0000,0.0000,0.0000,0.0000,0.0000,0.0000,0.0000,0.0000,0.0000,0.0000,0.0000,0.0000,0.0000,0.0001,0.0000,0.0000,0.0000,0.0000,0.0000,0.0000,0.0000
olympus/pic.0249.jpg,0.0001,0.0001,0.0001,0.0000,0.0001,0.0001,0.0001,0.0022,0.0000,0.0000,0.0041,0.0008,0.0012,0.0003,0.0005,0.0000,0.0000,0.0001,0.8609,0.1023,0.0053,0.0012,0.0003,0.0000,0.0000,0.0001,0.0086,0.0097,0.0011,0.0001,0.0000,0.0000,0.0000,0.0000,0.0001,0.0002,0.0001,0.0000,0.0000,0.0000,0.0000,0.0000,0.0000,0.0000,0.0000,0.0000,0.0000,0.0000,0.0000,0.0000,0.0000,0.0000,0.0000,0.0000,0.0000,0.0000,0.0001,0.0000,0.0000,0.0000,0.0000,0.0000,0.0000,0.0000
olympus/pic.0250.jpg,0.0000,0.0000,0.0000,0.0062,0.0005,0.0002,0.0002,0.0140,0.0000,0.0000,0.0007,0.0087,0.0070,0.0046,0.0089,0.0001,0.0000,0.0000,0.0477,0.6774,0.1955,0.0244,0.0005,0.0000,0.0000,0.0000,0.0005,0.0014,0.0015,0.0000,0.0000,0.0000,0.0000,0.0000,0.0000,0.0000,0.0000,0.0000,0.0000,0.0000,0.0000,0.0000,0.0000,0.0000,0.0000,0.0000,0.0000,0.0000,0.0000,0.0000,0.0000,0.0000,0.0000,0.0000,0.0000,0.0000,0.0000,0.0000,0.0000,0.0000,0.0000,0.0000,0.0000,0.0000
olympus/pic.0251.jpg,0.0000,0.0000,0.0000,0.0001,0.0003,0.0003,0.0005,0.0311,0.0000,0.0000,0.0001,0.0017,0.0095,0.0071,0.0148,0.0004,0.0000,0.0000,0.0667,0.6592,0.1639,0.0331,0.0010,0.0000,0.0000,0.0002,0.0009,0.0023,0.0058,0.0001,0.0000,0.0000,0.0000,0.0004,0.0001,0.0001,0.0000,0.0000,0.0000,0.0000,0.0001,0.0001,0.0000,0.0000,0.0000,0.0000,0.0000,0.0000,0.0000,0.0000,0.0000,0.0000,0.0000,0.0000,0.0000,0.0000,0.0001,0.0000,0.0000,0.0000,0.0000,0.0000,0.0000,0.0000
olympus/pic.0252.jpg,0.0003,0.0000,0.0001,0.0000,0.0000,0.0000,0.0000,0.0071,0.0001,0.0000,0.0001,0.0001,0.0001,0.0000,0.0017,0.0001,0.0001,0.0005,0.5839,0.1231,0.0081,0.0070,0.0008,0.0000,0.0002,0.0045,0.0695,0.0957,0.0285,0.0006,0.0000,0.0000,0.0003,0.0227,0.0108,0.0050,0.0016,0.0000,0.0000,0.0000,0.0039,0.0067,0.0029,0.0001,0.0000,0.0000,0.0000,0.0000,0.0030,0.0019,0.0003,0.0000,0.0000,0.0000,0.0000,0.0000,0.0085,0.0000,0.0000,0.0000,0.0000,0.0000,0.0000,0.0000
olympus/pic.0253.jpg,0.0007,0.0001,0.0002,0.0001,0.0003,0.0002,0.0002,0.0173,0.0002,0.0001,0.0003,0.0009,0.0009,0.0005,0.0041,0.0003,0.0001,0.0007,0.4843,0.2141,0.0185,0.0116,0.0011,0.0000,0.0003,0.0141,0.0843,0.0862,0.0277,0.0006,0.0000,0.0000,0.0013,0.0085,0.0037,0.0022,0.0009,0.0000,0.0000,0.0000,0.0019,0.0010,0.0012,0.0000,0.0000,0.0000,0.0000,0.0000,0.0017,0.0008,0.0002,0.0000,0.0000,0.0000,0.0000,0.0000,0.0066,0.0000,0.0000,0.0000,0.0000,0.0000,0.0000,0.0000
olympus/pic.0254.jpg,0.0007,0.0002,0.0002,0.0027,0.0002,0.0002,0.0002,0.0137,0.0003,0.0003,0.0069,0.0032,0.0021,0.0012,0.0033,0.0003,0.0002,0.0015,0.5066,0.3383,0.0269,0.0089,0.0007,0.0000,0.0001,0.0022,0.0180,0.0401,0.0126,0.0004,0.0000,0.0000,0.0001,0.0028,0.0007,0.0015,0.0004,0.0000,0.0000,0.0000,0.0002,0.0002,0.0003,0.0000,0.0000,0.0000,0.0000,0.0000,0.0001,0.0001,0.0002,0.0000,0.0000,0.0000,0.0000,0.0000,0.0010,0.0000,0.0000,0.0000,0.0000,0.0000,0.0000,0.0000
olympus/pic.0255.jpg,0.0003,0.0000,0.0001,0.0000,0.0000,0.0000,0.0000,0.0005,0.0001,0.0001,0.0003,0.0002,0.0001,0.0000,0.0001,0.0000,0.0001,0.0006,0.8457,0.0662,0.0014,0.0003,0.0000,0.0000,0.0003,0.0053,0.0482,0.0196,0.0008,0.0000,0.0000,0.0000,0.0006,0.0026,0.0027,0.0004,0.0001,0.0000,0.0000,0.0000,0.0005,0.0004,0.0002,0.0000,0.0000,0.0000,0.0000,0.0000,0.0004,0.0002,0.0000,0.0000,0.0000,0.0000,0.0000,0.0000,0.0015,0.0000,0.0000,0.0000,0.0000,0.0000,0.0000,0.0000
olympus/pic.0256.jpg,0.0003,0.0001,0.0001,0.0002,0.0002,0.0001,0.0001,0.0084,0.0001,0.0001,0.0010,0.0009,0.0009,0.0006,0.0025,0.0002,0.0000,0.0004,0.5034,0.2895,0.0233,0.0082,0.0005,0.0000,0.0001,0.0003,0.0587,0.0725,0.0136,0.0003,0.0000,0.0000,0.0001,0.0005,0.0040,0.0034,0.0006,0.0000,0.0000,0.0000,0.0001,0.0005,0.0015,0.0001,0.0000,0.0000,0.0000,0.0000,0.0001,0.0007,0.0001,0.0000,0.0000,0.0000,0.0000,0.0000,0.0017,0.0000,0.0000,0.0000,0.0000,0.0000,0.0000,0.0000
olympus/pic.0257.jpg,0.0004,0.0002,0.0003,0.0041,0.0008,0.0016,0.0016,0.0416,0.0001,0.0001,0.0011,0.0111,0.0182,0.0070,0.0090,0.0006,0.0001,0.0002,0.2112,0.5035,0.0875,0.0151,0.0013,0.0000,0.0001,0.0003,0.0225,0.0398,0.0122,0.0002,0.0000,0.0000,0.0001,0.0005,0.0011,0.0018,0.0008,0.0000,0.0000,0.0000,0.0001,0.0002,0.0006,0.0000,0.0000,0.0000,0.0000,0.0000,0.0001,0.0003,0.0002,0.0000,0.0000,0.0000,0.0000,0.0000,0.0022,0.0000,0.0000,0.0000,0.0000,0.0000,0.0000,0.0000
olympus/pic.0258.jpg,0.0004,0.0001,0.0001,0.0001,0.0001,0.0000,0.0001,0.0009,0.0001,0.0001,0.0003,0.0003,0.0002,0.0001,0.0003,0.0000,0.0000,0.0002,0.9470,0.0405,0.0020,0.0005,0.0000,0.0000,0.0000,0.0000,0.0039,0.0022,0.0004,0.0000,0.0000,0.0000,0.0000,0.0000,0.0000,0.0001,0.0000,0.0000,0.0000,0.0000,0.0000,0.0000,0.0000,0.0000,0.0000,0.0000,0.0000,0.0000,0.0000,0.0000,0.0000,0.0000,0.0000,0.0000,0.0000,0.0000,0.0001,0.0000,0.0000,0.0000,0.0000,0.0000,0.0000,0.0000
olympus/pic.0259.jpg,0.0000,0.0000,0.0002,0.0093,0.0000,0.0000,0.0000,0.0057,0.0000,0.0000,0.0011,0.0024,0.0008,0.0013,0.0043,0.0001,0.0000,0.0000,0.2450,0.4171,0.1358,0.0143,0.0004,0.0000,0.0000,0.0001,0.0878,0.0560,0.0084,0.0002,0.0000,0.0000,0.0000,0.0001,0.0025,0.0031,0.0004,0.0000,0.0000,0.0000,0.0000,0.0001,0.0013,0.0001,0.0000,0.0000,0.0000,0.0000,0.0000,0.0005,0.0002,0.0000,0.0000,0.0000,0.0000,0.0000,0.0012,0.0000,0.0000,0.0000,0.0000,0.0000,0.0000,0.0000
olympus/pic.0260.jpg,0.0046,0.0015,0.0014,0.0005,0.0003,0.0001,0.0001,0.0030,0.0006,0.0011,0.0066,0.0007,0.0002,0.0001,0.0001,0.0000,0.0005,0.0011,0.5090,0.0743,0.0014,0.0007,0.0002,0.0000,0.0003,0.0006,0.1671,0.2081,0.0058,0.0002,0.0000,0.0000,0.0003,0.0003,0.0017,0.0016,0.0011,0.0000,0.0000,0.0000,0.0001,0.0001,0.0008,0.0000,0.0000,0.0000,0.0000,0.0000,0.0001,0.0004,0.0001,0.0000,0.0000,0.0000,0.0000,0.0000,0.0034,0.0000,0.0000,0.0000,0.0000,0.0000,0.0000,0.0000
olympus/pic.0261.jpg,0.0011,0.0003,0.0003,0.0001,0.0001,0.0001,0.0000,0.0013,0.0003,0.0004,0.0016,0.0009,0.0003,0.0001,0.0002,0.0000,0.0001,0.0012,0.5380,0.4156,0.0057,0.0007,0.0001,0.0000,0.0000,0.0001,0.0116,0.0174,0.0013,0.0000,0.0000,0.0000,0.0001,0.0000,0.0001,0.0003,0.0001,0.0000,0.0000,0.0000,0.0000,0.0000,0.0001,0.0000,0.0000,0.0000,0.0000,0.0000,0.0000,0.0000,0.0000,0.0000,0.0000,0.0000,0.0000,0.0000,0.0004,0.0000,0.0000,0.0000,0.0000,0.0000,0.0000,0.0000
olympus/pic.0262.jpg,0.0034,0.0011,0.0008,0.0002,0.0002,0.0001,0.0000,0.0008,0.0009,0.0020,0.0086,0.0017,0.0009,0.0001,0.0001,0.0000,0.0005,0.0028,0.7559,0.1930,0.0119,0.0002,0.0000,0.0000,0.0004,0.0005,0.0054,0.0067,0.0004,0.0000,0.0000,0.0000,0.0002,0.0001,0.0001,0.0001,0.0001,0.0000,0.0000,0.0000,0.0000,0.0000,0.0001,0.0000,0.0000,0.0000,0.0000,0.0000,0.0000,0.0000,0.0000,0.0000,0.0000,0.0000,0.0000,0.0000,0.0004,0.0000,0.0000,0.0000,0.0000,0.0000,0.0000,0.0000
olympus/pic.0263.jpg,0.0042,0.0026,0.0048,0.0062,0.0005,0.0001,0.0001,0.0011,0.0011,0.0955,0.0523,0.0035,0.0002,0.0000,0.0000,0.0000,0.0008,0.0039,0.4958,0.0062,0.0002,0.0001,0.0000,0.0000,0.0008,0.0052,0.1400,0.0033,0.0003,0.0000,0.0000,0.0000,0.0058,0.0150,0.1356,0.0011,0.0002,0.0000,0.0000,0.0000,0.0018,0.0025,0.0024,0.0000,0.0000,0.0000,0.0000,0.0000,0.0012,0.0021,0.0001,0.0000,0.0000,0.0000,0.0000,0.0000,0.0034,0.0000,0.0000,0.0000,0.0000,0.0000,0.0000,0.0000
olympus/pic.0264.jpg,0.0020,0.0003,0.0003,0.0001,0.0001,0.0001,0.0000,0.0013,0.0008,0.0004,0.0019,0.0005,0.0001,0.0000,0.0000,0.0000,0.0008,0.0030,0.9392,0.0059,0.0001,0.0001,0.0001,0.0000,0.0007,0.0016,0.0299,0.0010,0.0003,0.0000,0.0000,0.0000,0.0007,0.0013,0.0016,0.0005,0.0002,0.0000,0.0000,0.0000,0.0003,0.0004,0.0004,0.0000,0.0000,0.0000,0.0000,0.0000,0.0002,0.0003,0.0000,0.0000,0.0000,0.0000,0.0000,0.0000,0.0033,0.0000,0.0000,0.0000,0.0000,0.0000,0.0000,0.0000
olympus/pic.0265.jpg,0.0002,0.0002,0.0003,0.0007,0.0013,0.0006,0.0004,0.0027,0.0000,0.0000,0.0102,0.0178,0.0135,0.0005,0.0003,0.0000,0.0000,0.0001,0.6385,0.0502,0.0032,0.0005,0.0000,0.0000,0.0000,0.0001,0.2503,0.0069,0.0003,0.0000,0.0000,0.0000,0.0000,0.0000,0.0003,0.0003,0.0001,0.0000,0.0000,0.0000,0.0000,0.0000,0.0001,0.0000,0.0000,0.0000,0.0000,0.0000,0.0000,0.0000,0.0000,0.0000,0.0000,0.0000,0.0000,0.0000,0.0001,0.0000,0.0000,0.0000,0.0000,0.0000,0.0000,0.0000
olympus/pic.0266.jpg,0.0022,0.0007,0.0012,0.0006,0.0006,0.0004,0.0002,0.0131,0.0004,0.0006,0.0726,0.0788,0.0068,0.0009,0.0020,0.0002,0.0003,0.0010,0.4935,0.2697,0.0204,0.0046,0.0008,0.0000,0.0003,0.0007,0.0070,0.0100,0.0042,0.0003,0.0000,0.0000,0.0004,0.0004,0.0004,0.0008,0.0006,0.0000,0.0000,0.0000,0.0002,0.0001,0.0004,0.0000,0.0000,0.0000,0.0000,0.0000,0.0001,0.0002,0.0000,0.0000,0.0000,0.0000,0.0000,0.0000,0.0025,0.0000,0.0000,0.0000,0.0000,0.0000,0.0000,0.0000
olympus/pic.0267.jpg,0.0128,0.0086,0.0094,0.0040,0.0044,0.0022,0.0009,0.0161,0.0006,0.0045,0.0604,0.0350,0.0073,0.0014,0.0016,0.0001,0.0002,0.0015,0.6713,0.1371,0.0076,0.0019,0.0002,0.0000,0.0001,0.0002,0.0032,0.0045,0.0014,0.0001,0.0000,0.0000,0.0001,0.0000,0.0001,0.0002,0.0002,0.0000,0.0000,0.0000,0.0000,0.0000,0.0001,0.0000,0.0000,0.0000,0.0000,0.0000,0.0000,0.0000,0.0000,0.0000,0.0000,0.0000,0.0000,0.0000,0.0005,0.0000,0.0000,0.0000,0.0000,0.0000,0.0000,0.0000
olympus/pic.0268.jpg,0.0000,0.0000,0.0000,0.0001,0.0008,0.0011,0.0006,0.0019,0.0000,0.0000,0.0006,0.1265,0.0225,0.0009,0.0001,0.0000,0.0000,0.0000,0.3067,0.5331,0.0043,0.0001,0.0000,0.0000,0.0000,0.0000,0.0002,0.0001,0.0000,0.0000,0.0000,0.0000,0.0000,0.0000,0.0000,0.0000,0.0000,0.0000,0.0000,0.0000,0.0000,0.0000,0.0000,0.0000,0.0000,0.0000,0.0000,0.0000,0.0000,0.0000,0.0000,0.0000,0.0000,0.0000,0.0000,0.0000,0.0000,0.0000,0.0000,0.0000,0.0000,0.0000,0.0000,0.0000
olympus/pic.0269.jpg,0.0041,0.0033,0.0036,0.0011,0.0014,0.0005,0.0004,0.0196,0.0004,0.0010,0.0221,0.0044,0.0013,0.0005,0.0021,0.0001,0.0002,0.0013,0.6499,0.1340,0.0068,0.0059,0.0007,0.0000,0.0001,0.0003,0.0412,0.0641,0.0160,0.0005,0.0000,0.0000,0.0001,0.0001,0.0020,0.0046,0.0009,0.0000,0.0000,0.0000,0.0001,0.0001,0.0017,0.0001,0.0000,0.0000,0.0000,0.0000,0.0000,0.0008,0.0002,0.0000,0.0000,0.0000,0.0000,0.0000,0.0025,0.0000,0.0000,0.0000,0.0000,0.0000,0.0000,0.0000
olympus/pic.0270.jpg,0.0012,0.0013,0.0021,0.0005,0.0006,0.0002,0.0002,0.0046,0.0001,0.0010,0.0751,0.0143,0.0012,0.0003,0.0009,0.0000,0.0001,0.0004,0.6828,0.1269,0.0033,0.0021,0.0002,0.0000,0.0000,0.0001,0.0106,0.0605,0.0075,0.0001,0.0000,0.0000,0.0000,0.0000,0.0001,0.0008,0.0003,0.0000,0.0000,0.0000,0.0000,0.0000,0.0001,0.0000,0.0000,0.0000,0.0000,0.0000,0.0000,0.0001,0.0001,0.0000,0.0000,0.0000,0.0000,0.0000,0.0002,0.0000,0.0000,0.0000,0.0000,0.0000,0.0000,0.0000
olympus/pic.0271.jpg,0.0033,0.0022,0.0035,0.0031,0.0045,0.0025,0.0013,0.0310,0.0005,0.0004,0.0202,0.0175,0.0095,0.0028,0.0041,0.0007,0.0004,0.0029,0.4852,0.1522,0.0228,0.0074,0.0014,0.0000,0.0005,0.0050,0.1155,0.0390,0.0108,0.0005,0.0000,0.0000,0.0009,0.0065,0.0039,0.0055,0.0016,0.0000,0.0000,0.0000,0.0019,0.0044,0.0024,0.0001,0.0000,0.0000,0.0000,0.0000,0.0049,0.0019,0.0009,0.0000,0.0000,0.0000,0.0000,0.0000,0.0143,0.0000,0.0000,0.0000,0.0000,0.0000,0.0000,0.0000
olympus/pic.0272.jpg,0.0008,0.0002,0.0003,0.0004,0.0017,0.0033,0.0043,0.0546,0.0003,0.0002,0.0009,0.0562,0.0748,0.0166,0.0085,0.0004,0.0005,0.0039,0.0603,0.5285,0.1654,0.0071,0.0005,0.0000,0.0003,0.0006,0.0029,0.0023,0.0013,0.0001,0.0000,0.0000,0.0002,0.0001,0.0001,0.0003,0.0003,0.0000,0.0000,0.0000,0.0001,0.0000,0.0001,0.0000,0.0000,0.0000,0.0000,0.0000,0.0000,0.0001,0.0000,0.0000,0.0000,0.0000,0.0000,0.0000,0.0012,0.0000,0.0000,0.0000,0.0000,0.0000,0.0000,0.0000
olympus/pic.0273.jpg,0.0074,0.0037,0.0041,0.0016,0.0018,0.0045,0.0033,0.0345,0.0004,0.0014,0.0723,0.0074,0.0323,0.0171,0.0072,0.0001,0.0003,0.0007,0.4004,0.1112,0.0820,0.0112,0.0084,0.0000,0.0001,0.0002,0.0212,0.1065,0.0300,0.0029,0.0000,0.0000,0.0001,0.0001,0.0012,0.0105,0.0071,0.0000,0.0000,0.0000,0.0001,0.0001,0.0016,0.0002,0.0000,0.0000,0.0000,0.0000,0.0000,0.0006,0.0006,0.0000,0.0000,0.0000,0.0000,0.0000,0.0034,0.0000,0.0000,0.0000,0.0000,0.0000,0.0000,0.0000
olympus/pic.0274.jpg,0.0023,0.0016,0.0023,0.0011,0.0021,0.0039,0.0013,0.0111,0.0004,0.0006,0.3311,0.0194,0.0157,0.0021,0.0032,0.0004,0.0003,0.0013,0.3161,0.1607,0.0416,0.0093,0.0051,0.0000,0.0003,0.0006,0.0143,0.0326,0.0132,0.0024,0.0000,0.0000,0.0001,0.0002,0.0002,0.0008,0.0010,0.0000,0.0000,0.0000,0.0002,0.0000,0.0002,0.0000,0.0000,0.0000,0.0000,0.0000,0.0000,0.0001,0.0000,0.0000,0.0000,0.0000,0.0000,0.0000,0.0008,0.0000,0.0000,0.0000,0.0000,0.0000,0.0000,0.0000
olympus/pic.0275.jpg,0.0303,0.0158,0.0184,0.0064,0.0056,0.0108,0.0022,0.0311,0.0035,0.0094,0.2054,0.0306,0.0303,0.0027,0.0042,0.0002,0.0014,0.0061,0.3021,0.1143,0.0694,0.0088,0.0303,0.0000,0.0007,0.0020,0.0183,0.0163,0.0052,0.0047,0.0000,0.0000,0.0005,0.0012,0.0004,0.0018,0.0058,0.0000,0.0000,0.0000,0.0007,0.0002,0.0005,0.0000,0.0000,0.0000,0.0000,0.0000,0.0002,0.0002,0.0000,0.0000,0.0000,0.0000,0.0000,0.0000,0.0021,0.0000,0.0000,0.0000,0.0000,0.0000,0.0000,0.0000
olympus/pic.0276.jpg,0.0005,0.0002,0.0004,0.0002,0.0001,0.0001,0.0001,0.0009,0.0001,0.0002,0.0007,0.0005,0.0002,0.0000,0.0001,0.0000,0.0001,0.0008,0.5436,0.2129,0.0151,0.0004,0.0000,0.0000,0.0001,0.0032,0.0508,0.0187,0.0013,0.0000,0.0000,0.0000,0.0001,0.0121,0.0014,0.0004,0.0001,0.0000,0.0000,0.0000,0.0024,0.0342,0.0003,0.0000,0.0000,0.0000,0.0000,0.0000,0.0490,0.0025,0.0000,0.0000,0.0000,0.0000,0.0000,0.0000,0.0462,0.0000,0.0000,0.0000,0.0000,0.0000,0.0000,0.0000
olympus/pic.0277.jpg,0.0001,0.0000,0.0001,0.0000,0.0001,0.0004,0.0004,0.0047,0.0001,0.0000,0.0005,0.0038,0.0052,0.0022,0.0022,0.0001,0.0001,0.0002,0.6110,0.2182,0.0244,0.0034,0.0002,0.0000,0.0003,0.0017,0.0186,0.0024,0.0008,0.0000,0.0000,0.0000,0.0001,0.0024,0.0210,0.0001,0.0001,0.0000,0.0000,0.0000,0.0000,0.0297,0.0112,0.0000,0.0000,0.0000,0.0000,0.0000,0.0136,0.0205,0.0000,0.0000,0.0000,0.0000,0.0000,0.0000,0.0002,0.0000,0.0000,0.0000,0.0000,0.0000,0.0000,0.0000
olympus/pic.0278.jpg,0.0001,0.0000,0.0000,0.0000,0.0000,0.0000,0.0000,0.0000,0.0000,0.0001,0.0003,0.0000,0.0000,0.0000,0.0000,0.0000,0.0000,0.0002,0.9736,0.0001,0.0000,0.0000,0.0000,0.0000,0.0001,0.0009,0.0051,0.0000,0.0000,0.0000,0.0000,0.0000,0.0001,0.0034,0.0006,0.0000,0.0000,0.0000,0.0000,0.0000,0.0004,0.0034,0.0000,0.0000,0.0000,0.0000,0.0000,0.0000,0.0086,0.0003,0.0000,0.0000,0.0000,0.0000,0.0000,0.0000,0.0026,0.0000,0.0000,0.0000,0.0000,0.0000,0.0000,0.0000
olympus/pic.0279.jpg,0.0001,0.0001,0.0001,0.0001,0.0002,0.0002,0.0003,0.0129,0.0000,0.0000,0.0031,0.0028,0.0036,0.0021,0.0037,0.0002,0.0000,0.0001,0.3810,0.1913,0.0630,0.0080,0.0007,0.0000,0.0000,0.0021,0.1638,0.0517,0.0092,0.0003,0.0000,0.0000,0.0000,0.0053,0.0497,0.0195,0.0014,0.0000,0.0000,0.0000,0.0000,0.0116,0.0073,0.0001,0.0000,0.0000,0.0000,0.0000,0.0000,0.0018,0.0002,0.0000,0.0000,0.0000,0.0000,0.0000,0.0022,0.0000,0.0000,0.0000,0.0000,0.0000,0.0000,0.0000
olympus/pic.0280.jpg,0.0000,0.0000,0.0000,0.0002,0.0030,0.0048,0.0035,0.0110,0.0000,0.0000,0.0007,0.1280,0.0444,0.0049,0.0015,0.0001,0.0000,0.0014,0.0807,0.4624,0.0146,0.0012,0.0001,0.0000,0.0000,0.0073,0.0990,0.0020,0.0007,0.0000,0.0000,0.0000,0.0001,0.0557,0.0354,0.0003,0.0001,0.0000,0.0000,0.0000,0.0001,0.0354,0.0004,0.0000,0.0000,0.0000,0.0000,0.0000,0.0001,0.0003,0.0000,0.0000,0.0000,0.0000,0.0000,0.0000,0.0003,0.0000,0.0000,0.0000,0.0000,0.0000,0.0000,0.0000
olympus/pic.0281.jpg,0.0000,0.0000,0.0000,0.0000,0.0000,0.0000,0.0000,0.0000,0.0000,0.0000,0.0001,0.0002,0.0000,0.0000,0.0000,0.0000,0.0000,0.0000,0.6081,0.0019,0.0000,0.0000,0.0000,0.0000,0.0000,0.0027,0.0820,0.0002,0.0000,0.0000,0.0000,0.0000,0.0000,0.0726,0.0742,0.0001,0.0000,0.0000,0.0000,0.0000,0.0004,0.1224,0.0023,0.0000,0.0000,0.0000,0.0000,0.0000,0.0044,0.0219,0.0000,0.0000,0.0000,0.0000,0.0000,0.0000,0.0063,0.0000,0.0000,0.0000,0.0000,0.0000,0.0000,0.0000
olympus/pic.0282.jpg,0.0000,0.0000,0.0000,0.0000,0.0000,0.0000,0.0000,0.0008,0.0000,0.0000,0.0011,0.0006,0.0011,0.0006,0.0007,0.0001,0.0000,0.0001,0.5369,0.0551,0.0462,0.0023,0.0002,0.0000,0.0000,0.0015,0.2217,0.0070,0.0031,0.0001,0.0000,0.0000,0.0000,0.0168,0.0529,0.0006,0.0001,0.0000,0.0000,0.0000,0.0001,0.0465,0.0007,0.0000,0.0000,0.0000,0.0000,0.0000,0.0002,0.0015,0.0000,0.0000,0.0000,0.0000,0.0000,0.0000,0.0012,0.0000,0.0000,0.0000,0.0000,0.0000,0.0000,0.0000
olympus/pic.0283.jpg,0.0000,0.0000,0.0000,0.0000,0.0000,0.0000,0.0000,0.0001,0.0000,0.0000,0.0001,0.0002,0.0000,0.0000,0.0000,0.0000,0.0000,0.0004,0.3774,0.0019,0.0001,0.0000,0.0000,0.0000,0.0001,0.0023,0.0864,0.0013,0.0001,0.0000,0.0000,0.0000,0.0001,0.0508,0.0911,0.0018,0.0006,0.0000,0.0000,0.0000,0.0006,0.1745,0.0351,0.0000,0.0000,0.0000,0.0000,0.0000,0.0041,0.1549,0.0008,0.0000,0.0000,0.0000,0.0000,0.0000,0.0150,0.0003,0.0000,0.0000,0.0000,0.0000,0.0000,0.0000
olympus/pic.0284.jpg,0.0000,0.0000,0.0000,0.0000,0.0000,0.0000,0.0000,0.0002,0.0000,0.0000,0.0000,0.0000,0.0001,0.0000,0.0000,0.0000,0.0000,0.0000,0.4900,0.0016,0.0000,0.0000,0.0000,0.0000,0.0000,0.0003,0.0486,0.0028,0.0000,0.0000,0.0000,0.0000,0.0000,0.0132,0.2214,0.0010,0.0000,0.0000,0.0000,0.0000,0.0000,0.0614,0.1172,0.0000,0.0000,0.0000,0.0000,0.0000,0.0251,0.0129,0.0001,0.0000,0.0000,0.0000,0.0000,0.0000,0.0041,0.0000,0.0000,0.0000,0.0000,0.0000,0.0000,0.0000
olympus/pic.0285.jpg,0.0004,0.0002,0.0003,0.0003,0.0001,0.0000,0.0000,0.0003,0.0002,0.0000,0.0195,0.0014,0.0000,0.0000,0.0000,0.0000,0.0002,0.0006,0.6045,0.0077,0.0000,0.0000,0.0000,0.0000,0.0001,0.0011,0.3172,0.0020,0.0000,0.0000,0.0000,0.0000,0.0001,0.0007,0.0376,0.0007,0.0001,0.0000,0.0000,0.0000,0.0001,0.0003,0.0014,0.0000,0.0000,0.0000,0.0000,0.0000,0.0001,0.0007,0.0001,0.0000,0.0000,0.0000,0.0000,0.0000,0.0017,0.0000,0.0000,0.0000,0.0000,0.0000,0.0000,0.0000
olympus/pic.0286.jpg,0.0005,0.0001,0.0002,0.0001,0.0002,0.0005,0.0004,0.0114,0.0001,0.0001,0.0005,0.0035,0.0076,0.0028,0.0044,0.0003,0.0002,0.0004,0.4837,0.3144,0.0859,0.0101,0.0011,0.0000,0.0002,0.0003,0.0356,0.0232,0.0066,0.0002,0.0000,0.0000,0.0003,0.0002,0.0009,0.0009,0.0005,0.0000,0.0000,0.0000,0.0002,0.0001,0.0003,0.0000,0.0000,0.0000,0.0000,0.0000,0.0003,0.0001,0.0000,0.0000,0.0000,0.0000,0.0000,0.0000,0.0016,0.0000,0.0000,0.0000,0.0000,0.0000,0.0000,0.0000
olympus/pic.0287.jpg,0.0008,0.1631,0.0114,0.0001,0.0000,0.0000,0.0000,0.0001,0.0001,0.0301,0.0395,0.0001,0.0000,0.0000,0.0000,0.0000,0.0001,0.0022,0.4262,0.0002,0.0000,0.0000,0.0000,0.0000,0.0002,0.0710,0.0056,0.0000,0.0000,0.0000,0.0000,0.0000,0.0005,0.2466,0.0003,0.0000,0.0000,0.0000,0.0000,0.0000,0.0006,0.0007,0.0000,0.0000,0.0000,0.0000,0.0000,0.0000,0.0002,0.0000,0.0000,0.0000,0.0000,0.0000,0.0000,0.0000,0.0003,0.0000,0.0000,0.0000,0.0000,0.0000,0.0000,0.0000
olympus/pic.0288.jpg,0.0132,0.0420,0.0042,0.0012,0.0003,0.0001,0.0000,0.0002,0.0075,0.0393,0.1454,0.0049,0.0002,0.0000,0.0000,0.0000,0.0050,0.0097,0.7137,0.0013,0.0000,0.0000,0.0000,0.0000,0.0054,0.0012,0.0036,0.0000,0.0000,0.0000,0.0000,0.0000,0.0001,0.0002,0.0001,0.0000,0.0000,0.0000,0.0000,0.0000,0.0005,0.0000,0.0000,0.0000,0.0000,0.0000,0.0000,0.0000,0.0000,0.0000,0.0000,0.0000,0.0000,0.0000,0.0000,0.0000,0.0003,0.0000,0.0000,0.0000,0.0000,0.0000,0.0000,0.0000
olympus/pic.0289.jpg,0.0007,0.1360,0.0225,0.0004,0.0002,0.0004,0.0001,0.0021,0.0001,0.0090,0.0279,0.0037,0.0011,0.0002,0.0001,0.0000,0.0001,0.0005,0.7752,0.0137,0.0016,0.0002,0.0012,0.0000,0.0001,0.0002,0.0013,0.0003,0.0000,0.0001,0.0000,0.0000,0.0000,0.0000,0.0000,0.0001,0.0006,0.0000,0.0000,0.0000,0.0000,0.0000,0.0000,0.0000,0.0000,0.0000,0.0000,0.0000,0.0000,0.0000,0.0000,0.0000,0.0000,0.0000,0.0000,0.0000,0.0001,0.0000,0.0000,0.0000,0.0000,0.0000,0.0000,0.0000
olympus/pic.0290.jpg,0.0063,0.0037,0.0083,0.0232,0.0236,0.0053,0.0014,0.0065,0.0006,0.0011,0.0570,0.0961,0.0257,0.0018,0.0009,0.0000,0.0004,0.0019,0.5656,0.1209,0.0282,0.0013,0.0005,0.0000,0.0001,0.0004,0.0133,0.0031,0.0005,0.0002,0.0000,0.0000,0.0002,0.0002,0.0002,0.0002,0.0002,0.0000,0.0000,0.0000,0.0001,0.0000,0.0001,0.0000,0.0000,0.0000,0.0000,0.0000,0.0001,0.0001,0.0000,0.0000,0.0000,0.0000,0.0000,0.0000,0.0008,0.0000,0.0000,0.0000,0.0000,0.0000,0.0000,0.0000
olympus/pic.0291.jpg,0.0014,0.0978,0.0074,0.0001,0.0000,0.0001,0.0000,0.0001,0.0004,0.0119,0.0433,0.0001,0.0000,0.0000,0.0000,0.0000,0.0006,0.0103,0.6948,0.0011,0.0000,0.0000,0.0000,0.0000,0.0013,0.0189,0.0520,0.0009,0.0001,0.0000,0.0000,0.0000,0.0005,0.0551,0.0001,0.0003,0.0002,0.0000,0.0000,0.0000,0.0005,0.0000,0.0001,0.0000,0.0000,0.0000,0.0000,0.0000,0.0001,0.0000,0.0000,0.0000,0.0000,0.0000,0.0000,0.0000,0.0004,0.0000,0.0000,0.0000,0.0000,0.0000,0.0000,0.0000
olympus/pic.0292.jpg,0.0026,0.0019,0.0164,0.0087,0.0019,0.0053,0.0001,0.0011,0.0004,0.0026,0.3854,0.0636,0.0156,0.0001,0.0000,0.0000,0.0003,0.0025,0.4538,0.0177,0.0011,0.0000,0.0010,0.0000,0.0004,0.0013,0.0076,0.0026,0.0001,0.0000,0.0000,0.0000,0.0002,0.0012,0.0015,0.0002,0.0006,0.0000,0.0000,0.0000,0.0002,0.0007,0.0003,0.0000,0.0000,0.0000,0.0000,0.0000,0.0001,0.0003,0.0000,0.0000,0.0000,0.0000,0.0000,0.0000,0.0005,0.0000,0.0000,0.0000,0.0000,0.0000,0.0000,0.0000
olympus/pic.0293.jpg,0.0037,0.0016,0.0384,0.0006,0.0003,0.0000,0.0000,0.0005,0.0012,0.0012,0.0708,0.0016,0.0007,0.0000,0.0000,0.0000,0.0010,0.0035,0.4934,0.0010,0.0001,0.0001,0.0000,0.0000,0.0012,0.0035,0.1968,0.0010,0.0001,0.0000,0.0000,0.0000,0.0015,0.0055,0.1241,0.0009,0.0002,0.0000,0.0000,0.0000,0.0009,0.0104,0.0220,0.0000,0.0000,0.0000,0.0000,0.0000,0.0010,0.0040,0.0002,0.0000,0.0000,0.0000,0.0000,0.0000,0.0070,0.0000,0.0000,0.0000,0.0000,0.0000,0.0000,0.0000
olympus/pic.0294.jpg,0.0255,0.0324,0.0741,0.0157,0.0063,0.0067,0.0008,0.0040,0.0056,0.0338,0.2032,0.0387,0.0223,0.0010,0.0004,0.0000,0.0020,0.0104,0.2990,0.1541,0.0246,0.0012,0.0022,0.0000,0.0020,0.0036,0.0040,0.0116,0.0020,0.0012,0.0000,0.0000,0.0006,0.0021,0.0002,0.0017,0.0028,0.0000,0.0000,0.0000,0.0016,0.0003,0.0006,0.0000,0.0000,0.0000,0.0000,0.0000,0.0002,0.0002,0.0000,0.0000,0.0000,0.0000,0.0000,0.0000,0.0012,0.0000,0.0000,0.0000,0.0000,0.0000,0.0000,0.0000
olympus/pic.0295.jpg,0.0022,0.0049,0.0728,0.1119,0.0304,0.0031,0.0006,0.0006,0.0002,0.0014,0.1680,0.0639,0.0142,0.0003,0.0000,0.0000,0.0001,0.0008,0.4418,0.0109,0.0004,0.0000,0.0000,0.0000,0.0001,0.0025,0.0208,0.0006,0.0000,0.0000,0.0000,0.0000,0.0002,0.0223,0.0087,0.0001,0.0000,0.0000,0.0000,0.0000,0.0003,0.0135,0.0001,0.0000,0.0000,0.0000,0.0000,0.0000,0.0005,0.0008,0.0000,0.0000,0.0000,0.0000,0.0000,0.0000,0.0007,0.0000,0.0000,0.0000,0.0000,0.0000,0.0000,0.0000
olympus/pic.0296.jpg,0.0004,0.0000,0.0001,0.0000,0.0000,0.0000,0.0000,0.0001,0.0001,0.0001,0.0003,0.0001,0.0000,0.0000,0.0000,0.0000,0.0001,0.0004,0.4164,0.0008,0.0000,0.0000,0.0000,0.0000,0.0001,0.0003,0.5354,0.0078,0.0000,0.0000,0.0000,0.0000,0.0001,0.0001,0.0333,0.0026,0.0000,0.0000,0.0000,0.0000,0.0000,0.0000,0.0008,0.0000,0.0000,0.0000,0.0000,0.0000,0.0000,0.0000,0.0000,0.0000,0.0000,0.0000,0.0000,0.0000,0.0003,0.0000,0.0000,0.0000,0.0000,0.0000,0.0000,0.0000
olympus/pic.0297.jpg,0.0012,0.0009,0.0032,0.0003,0.0004,0.0002,0.0001,0.0008,0.0004,0.0014,0.0101,0.0020,0.0003,0.0000,0.0000,0.0000,0.0005,0.0039,0.5716,0.0057,0.0003,0.0001,0.0000,0.0000,0.0009,0.0127,0.2112,0.0065,0.0003,0.0000,0.0000,0.0000,0.0014,0.0247,0.0801,0.0037,0.0003,0.0000,0.0000,0.0000,0.0014,0.0214,0.0102,0.0000,0.0000,0.0000,0.0000,0.0000,0.0023,0.0059,0.0004,0.0000,0.0000,0.0000,0.0000,0.0000,0.0133,0.0000,0.0000,0.0000,0.0000,0.0000,0.0000,0.0000
olympus/pic.0298.jpg,0.0007,0.0002,0.0003,0.0002,0.0001,0.0000,0.0000,0.0002,0.0002,0.0030,0.0067,0.0004,0.0001,0.0000,0.0000,0.0000,0.0002,0.0026,0.5033,0.0036,0.0000,0.0000,0.0000,0.0000,0.0003,0.0095,0.2230,0.0026,0.0000,0.0000,0.0000,0.0000,0.0005,0.0646,0.1213,0.0016,0.0001,0.0000,0.0000,0.0000,0.0014,0.0362,0.0059,0.0000,0.0000,0.0000,0.0000,0.0000,0.0019,0.0033,0.0001,0.0000,0.0000,0.0000,0.0000,0.0000,0.0060,0.0001,0.0000,0.0000,0.0000,0.0000,0.0000,0.0000
olympus/pic.0299.jpg,0.0036,0.0017,0.0023,0.0010,0.0003,0.0001,0.0000,0.0022,0.0013,0.0005,0.1347,0.0013,0.0002,0.0000,0.0001,0.0000,0.0016,0.0036,0.7835,0.0062,0.0002,0.0003,0.0001,0.0000,0.0017,0.0033,0.0182,0.0035,0.0007,0.0000,0.0000,0.0000,0.0016,0.0032,0.0028,0.0016,0.0007,0.0000,0.0000,0.0000,0.0010,0.0044,0.0024,0.0000,0.0000,0.0000,0.0000,0.0000,0.0010,0.0009,0.0001,0.0000,0.0000,0.0000,0.0000,0.0000,0.0082,0.0000,0.0000,0.0000,0.0000,0.0000,0.0000,0.0000
olympus/pic.0300.jpg,0.0021,0.0005,0.0003,0.0001,0.0001,0.0000,0.0000,0.0002,0.0014,0.0004,0.0020,0.0002,0.0000,0.0000,0.0000,0.0000,0.0011,0.0041,0.9690,0.0002,0.0000,0.0000,0.0000,0.0000,0.0007,0.0008,0.0133,0.0000,0.0000,0.0000,0.0000,0.0000,0.0003,0.0006,0.0001,0.0000,0.0000,0.0000,0.0000,0.0000,0.0005,0.0006,0.0000,0.0000,0.0000,0.0000,0.0000,0.0000,0.0009,0.0000,0.0000,0.0000,0.0000,0.0000,0.0000,0.0000,0.0004,0.0000,0.0000,0.0000,0.0000,0.0000,0.0000,0.0000
olympus/pic.0301.jpg,0.0001,0.0000,0.0000,0.0000,0.0000,0.0000,0.0000,0.0000,0.0000,0.0001,0.0003,0.0000,0.0000,0.0000,0.0000,0.0000,0.0001,0.0001,0.1742,0.0000,0.0000,0.0000,0.0000,0.0000,0.0001,0.0004,0.3078,0.0002,0.0000,0.0000,0.0000,0.0000,0.0001,0.0060,0.4157,0.0003,0.0000,0.0000,0.0000,0.0000,0.0001,0.0190,0.0715,0.0000,0.0000,0.0000,0.0000,0.0000,0.0002,0.0014,0.0001,0.0000,0.0000,0.0000,0.0000,0.0000,0.0021,0.0000,0.0000,0.0000,0.0000,0.0000,0.0000,0.0000
olympus/pic.0302.jpg,0.0011,0.0003,0.0003,0.0001,0.0000,0.0000,0.0000,0.0001,0.0002,0.0005,0.0046,0.0001,0.0000,0.0000,0.0000,0.0000,0.0002,0.0022,0.1649,0.0003,0.0000,0.0001,0.0000,0.0000,0.0019,0.3243,0.2414,0.0006,0.0000,0.0000,0.0000,0.0000,0.0048,0.0079,0.1851,0.0011,0.0002,0.0000,0.0000,0.0000,0.0021,0.0044,0.0337,0.0000,0.0000,0.0000,0.0000,0.0000,0.0014,0.0067,0.0007,0.0000,0.0000,0.0000,0.0000,0.0000,0.0086,0.0000,0.0000,0.0000,0.0000,0.0000,0.0000,0.0000
olympus/pic.0303.jpg,0.0014,0.0003,0.0005,0.0003,0.0003,0.0002,0.0001,0.0016,0.0004,0.0001,0.0013,0.0009,0.0002,0.0000,0.0000,0.0000,0.0007,0.0012,0.9560,0.0035,0.0002,0.0001,0.0001,0.0000,0.0005,0.0020,0.0188,0.0009,0.0002,0.0000,0.0000,0.0000,0.0006,0.0012,0.0008,0.0004,0.0002,0.0000,0.0000,0.0000,0.0004,0.0004,0.0003,0.0000,0.0000,0.0000,0.0000,0.0000,0.0003,0.0002,0.0000,0.0000,0.0000,0.0000,0.0000,0.0000,0.0033,0.0000,0.0000,0.0000,0.0000,0.0000,0.0000,0.0000
olympus/pic.0304.jpg,0.0005,0.0004,0.0008,0.1189,0.3784,0.0010,0.0001,0.0002,0.0001,0.0007,0.0049,0.1569,0.0019,0.0000,0.0000,0.0000,0.0001,0.0012,0.2843,0.0225,0.0000,0.0000,0.0000,0.0000,0.0001,0.0004,0.0229,0.0009,0.0000,0.0000,0.0000,0.0000,0.0001,0.0017,0.0005,0.0000,0.0000,0.0000,0.0000,0.0000,0.0001,0.0000,0.0001,0.0000,0.0000,0.0000,0.0000,0.0000,0.0001,0.0000,0.0000,0.0000,0.0000,0.0000,0.0000,0.0000,0.0002,0.0000,0.0000,0.0000,0.0000,0.0000,0.0000,0.0000
olympus/pic.0305.jpg,0.0006,0.0002,0.0002,0.0000,0.0000,0.0000,0.0000,0.0002,0.0002,0.0042,0.0128,0.0003,0.0000,0.0000,0.0000,0.0000,0.0006,0.0071,0.7219,0.0011,0.0000,0.0000,0.0000,0.0000,0.0007,0.0028,0.1970,0.0010,0.0001,0.0000,0.0000,0.0000,0.0010,0.0005,0.0162,0.0010,0.0000,0.0000,0.0000,0.0000,0.0004,0.0003,0.0255,0.0000,0.0000,0.0000,0.0000,0.0000,0.0004,0.0006,0.0001,0.0000,0.0000,0.0000,0.0000,0.0000,0.0028,0.0000,0.0000,0.0000,0.0000,0.0000,0.0000,0.0000
olympus/pic.0306.jpg,0.0000,0.0000,0.0000,0.0000,0.0000,0.0001,0.0001,0.0006,0.0000,0.0000,0.0000,0.0005,0.0004,0.0001,0.0000,0.0000,0.0000,0.0000,0.4049,0.3321,0.0002,0.0001,0.0000,0.0000,0.0000,0.0000,0.0189,0.2406,0.0003,0.0000,0.0000,0.0000,0.0000,0.0000,0.0005,0.0003,0.0001,0.0000,0.0000,0.0000,0.0000,0.0000,0.0001,0.0000,0.0000,0.0000,0.0000,0.0000,0.0000,0.0000,0.0000,0.0000,0.0000,0.0000,0.0000,0.0000,0.0000,0.0000,0.0000,0.0000,0.0000,0.0000,0.0000,0.0000
olympus/pic.0307.jpg,0.0003,0.0002,0.0002,0.0000,0.0000,0.0000,0.0000,0.0000,0.0001,0.0004,0.0041,0.0001,0.0000,0.0000,0.0000,0.0000,0.0001,0.0006,0.5016,0.0001,0.0000,0.0000,0.0000,0.0000,0.0000,0.0827,0.2973,0.0474,0.0000,0.0000,0.0000,0.0000,0.0001,0.0561,0.0062,0.0016,0.0000,0.0000,0.0000,0.0000,0.0001,0.0003,0.0004,0.0000,0.0000,0.0000,0.0000,0.0000,0.0001,0.0001,0.0000,0.0000,0.0000,0.0000,0.0000,0.0000,0.0001,0.0000,0.0000,0.0000,0.0000,0.0000,0.0000,0.0000
olympus/pic.0308.jpg,0.0007,0.0001,0.0001,0.0000,0.0000,0.0000,0.0000,0.0001,0.0004,0.0002,0.0024,0.0001,0.0001,0.0000,0.0000,0.0000,0.0003,0.0066,0.6526,0.0044,0.0001,0.0000,0.0000,0.0000,0.0001,0.0973,0.1470,0.0518,0.0006,0.0000,0.0000,0.0000,0.0001,0.0302,0.0018,0.0010,0.0001,0.0000,0.0000,0.0000,0.0001,0.0001,0.0004,0.0000,0.0000,0.0000,0.0000,0.0000,0.0000,0.0001,0.0000,0.0000,0.0000,0.0000,0.0000,0.0000,0.0007,0.0000,0.0000,0.0000,0.0000,0.0000,0.0000,0.0000
olympus/pic.0309.jpg,0.0003,0.0001,0.0001,0.0000,0.0000,0.0000,0.0000,0.0000,0.0001,0.0002,0.0081,0.0000,0.0000,0.0000,0.0000,0.0000,0.0001,0.0077,0.2850,0.0006,0.0000,0.0000,0.0000,0.0000,0.0001,0.2268,0.2239,0.0686,0.0000,0.0000,0.0000,0.0000,0.0006,0.1251,0.0475,0.0004,0.0000,0.0000,0.0000,0.0000,0.0004,0.0007,0.0019,0.0000,0.0000,0.0000,0.0000,0.0000,0.0002,0.0004,0.0000,0.0000,0.0000,0.0000,0.0000,0.0000,0.0008,0.0000,0.0000,0.0000,0.0000,0.0000,0.0000,0.0000
olympus/pic.0310.jpg,0.0027,0.0018,0.0033,0.0048,0.0001,0.0000,0.0000,0.0003,0.0005,0.0020,0.1495,0.0167,0.0000,0.0000,0.0000,0.0000,0.0004,0.0029,0.4995,0.0006,0.0000,0.0001,0.0000,0.0000,0.0004,0.0259,0.1854,0.0094,0.0001,0.0000,0.0000,0.0000,0.0003,0.0248,0.0584,0.0004,0.0001,0.0000,0.0000,0.0000,0.0004,0.0029,0.0025,0.0000,0.0000,0.0000,0.0000,0.0000,0.0002,0.0007,0.0001,0.0000,0.0000,0.0000,0.0000,0.0000,0.0028,0.0000,0.0000,0.0000,0.0000,0.0000,0.0000,0.0000
olympus/pic.0311.jpg,0.0000,0.0000,0.0000,0.0000,0.0000,0.0000,0.0000,0.0000,0.0000,0.0000,0.0002,0.0000,0.0000,0.0000,0.0000,0.0000,0.0001,0.0107,0.9396,0.0000,0.0000,0.0000,0.0000,0.0000,0.0000,0.0283,0.0156,0.0000,0.0000,0.0000,0.0000,0.0000,0.0001,0.0013,0.0039,0.0000,0.0000,0.0000,0.0000,0.0000,0.0000,0.0000,0.0001,0.0000,0.0000,0.0000,0.0000,0.0000,0.0000,0.0000,0.0000,0.0000,0.0000,0.0000,0.0000,0.0000,0.0000,0.0000,0.0000,0.0000,0.0000,0.0000,0.0000,0.0000
olympus/pic.0312.jpg,0.0002,0.0002,0.0001,0.0000,0.0000,0.0000,0.0000,0.0002,0.0000,0.0001,0.0016,0.0004,0.0001,0.0000,0.0000,0.0000,0.0000,0.0086,0.3217,0.0428,0.0020,0.0001,0.0000,0.0000,0.0001,0.0201,0.2181,0.3513,0.0003,0.0000,0.0000,0.0000,0.0002,0.0225,0.0064,0.0003,0.0001,0.0000,0.0000,0.0000,0.0002,0.0011,0.0003,0.0000,0.0000,0.0000,0.0000,0.0000,0.0001,0.0002,0.0000,0.0000,0.0000,0.0000,0.0000,0.0000,0.0005,0.0000,0.0000,0.0000,0.0000,0.0000,0.0000,0.0000
olympus/pic.0313.jpg,0.0010,0.0004,0.0005,0.0001,0.0000,0.0000,0.0000,0.0001,0.0003,0.0008,0.0106,0.0017,0.0001,0.0000,0.0000,0.0000,0.0003,0.0089,0.2920,0.0537,0.0001,0.0000,0.0000,0.0000,0.0003,0.0202,0.2462,0.0140,0.0002,0.0000,0.0000,0.0000,0.0014,0.0839,0.0186,0.0002,0.0000,0.0000,0.0000,0.0000,0.0034,0.0878,0.0008,0.0000,0.0000,0.0000,0.0000,0.0000,0.0293,0.1156,0.0000,0.0000,0.0000,0.0000,0.0000,0.0000,0.0071,0.0002,0.0000,0.0000,0.0000,0.0000,0.0000,0.0000
olympus/pic.0314.jpg,0.0004,0.0004,0.0039,0.0016,0.0003,0.0007,0.0000,0.0003,0.0004,0.0005,0.1203,0.0063,0.0031,0.0000,0.0000,0.0000,0.0004,0.0057,0.5299,0.0078,0.0011,0.0001,0.0007,0.0000,0.0008,0.0639,0.1120,0.0437,0.0002,0.0000,0.0000,0.0000,0.0007,0.0274,0.0474,0.0029,0.0005,0.0000,0.0000,0.0000,0.0004,0.0035,0.0113,0.0000,0.0000,0.0000,0.0000,0.0000,0.0003,0.0001,0.0000,0.0000,0.0000,0.0000,0.0000,0.0000,0.0009,0.0000,0.0000,0.0000,0.0000,0.0000,0.0000,0.0000
olympus/pic.0315.jpg,0.0015,0.0004,0.0006,0.0003,0.0002,0.0003,0.0000,0.0015,0.0005,0.0007,0.0076,0.0034,0.0009,0.0000,0.0001,0.0000,0.0004,0.0009,0.4287,0.0157,0.0020,0.0002,0.0001,0.0000,0.0003,0.0019,0.2315,0.1739,0.0009,0.0000,0.0000,0.0000,0.0003,0.0043,0.0712,0.0115,0.0006,0.0000,0.0000,0.0000,0.0002,0.0056,0.0240,0.0001,0.0000,0.0000,0.0000,0.0000,0.0002,0.0025,0.0002,0.0000,0.0000,0.0000,0.0000,0.0000,0.0049,0.0000,0.0000,0.0000,0.0000,0.0000,0.0000,0.0000
olympus/pic.0316.jpg,0.0017,0.0018,0.0029,0.0006,0.0001,0.0000,0.0000,0.0001,0.0002,0.0009,0.0098,0.0032,0.0004,0.0000,0.0000,0.0000,0.0001,0.0013,0.9612,0.0027,0.0000,0.0000,0.0000,0.0000,0.0001,0.0023,0.0071,0.0009,0.0000,0.0000,0.0000,0.0000,0.0001,0.0006,0.0006,0.0001,0.0000,0.0000,0.0000,0.0000,0.0001,0.0000,0.0001,0.0000,0.0000,0.0000,0.0000,0.0000,0.0001,0.0000,0.0000,0.0000,0.0000,0.0000,0.0000,0.0000,0.0005,0.0000,0.0000,0.0000,0.0000,0.0000,0.0000,0.0000
olympus/pic.0317.jpg,0.0040,0.0045,0.0203,0.0090,0.0006,0.0002,0.0001,0.0012,0.0008,0.0023,0.0553,0.0289,0.0006,0.0000,0.0001,0.0000,0.0006,0.0030,0.5188,0.0155,0.0003,0.0001,0.0001,0.0000,0.0006,0.0071,0.2608,0.0287,0.0004,0.0000,0.0000,0.0000,0.0014,0.0081,0.0100,0.0021,0.0003,0.0000,0.0000,0.0000,0.0018,0.0059,0.0009,0.0000,0.0000,0.0000,0.0000,0.0000,0.0018,0.0008,0.0001,0.0000,0.0000,0.0000,0.0000,0.0000,0.0028,0.0000,0.0000,0.0000,0.0000,0.0000,0.0000,0.0000
olympus/pic.0318.jpg,0.0000,0.0009,0.0003,0.0000,0.0000,0.0000,0.0000,0.0000,0.0000,0.0023,0.0072,0.0000,0.0000,0.0000,0.0000,0.0000,0.0000,0.0014,0.4928,0.0050,0.0000,0.0000,0.0000,0.0000,0.0000,0.0132,0.2453,0.0021,0.0000,0.0000,0.0000,0.0000,0.0005,0.2132,0.0120,0.0030,0.0000,0.0000,0.0000,0.0000,0.0001,0.0004,0.0000,0.0000,0.0000,0.0000,0.0000,0.0000,0.0001,0.0000,0.0000,0.0000,0.0000,0.0000,0.0000,0.0000,0.0001,0.0000,0.0000,0.0000,0.0000,0.0000,0.0000,0.0000
olympus/pic.0319.jpg,0.0000,0.0000,0.0000,0.0000,0.0000,0.0000,0.0000,0.0000,0.0000,0.0000,0.0574,0.0000,0.0000,0.0000,0.0000,0.0000,0.0000,0.0000,0.3305,0.0000,0.0000,0.0000,0.0000,0.0000,0.0000,0.0000,0.5005,0.0037,0.0000,0.0000,0.0000,0.0000,0.0000,0.0000,0.1061,0.0017,0.0000,0.0000,0.0000,0.0000,0.0000,0.0000,0.0000,0.0000,0.0000,0.0000,0.0000,0.0000,0.0000,0.0000,0.0000,0.0000,0.0000,0.0000,0.0000,0.0000,0.0000,0.0000,0.0000,0.0000,0.0000,0.0000,0.0000,0.0000
olympus/pic.0320.jpg,0.0026,0.0044,0.0060,0.0314,0.0002,0.0001,0.0000,0.0009,0.0004,0.0021,0.0371,0.0263,0.0016,0.0000,0.0000,0.0000,0.0004,0.0021,0.3823,0.0130,0.0005,0.0001,0.0000,0.0000,0.0003,0.0063,0.2222,0.0130,0.0003,0.0000,0.0000,0.0000,0.0003,0.0054,0.1758,0.0022,0.0003,0.0000,0.0000,0.0000,0.0002,0.0018,0.0542,0.0000,0.0000,0.0000,0.0000,0.0000,0.0002,0.0014,0.0002,0.0000,0.0000,0.0000,0.0000,0.0000,0.0044,0.0000,0.0000,0.0000,0.0000,0.0000,0.0000,0.0000
olympus/pic.0321.jpg,0.0002,0.0018,0.0010,0.0004,0.0000,0.0001,0.0000,0.0004,0.0001,0.0005,0.0102,0.0005,0.0001,0.0000,0.0000,0.0000,0.0001,0.0006,0.6136,0.0010,0.0001,0.0000,0.0000,0.0000,0.0003,0.0064,0.1081,0.0006,0.0001,0.0000,0.0000,0.0000,0.0011,0.2109,0.0184,0.0003,0.0001,0.0000,0.0000,0.0000,0.0030,0.0122,0.0008,0.0000,0.0000,0.0000,0.0000,0.0000,0.0015,0.0007,0.0000,0.0000,0.0000,0.0000,0.0000,0.0000,0.0047,0.0000,0.0000,0.0000,0.0000,0.0000,0.0000,0.0000
olympus/pic.0322.jpg,0.0026,0.0015,0.0087,0.0034,0.0002,0.0001,0.0001,0.0012,0.0004,0.0008,0.0536,0.0035,0.0001,0.0000,0.0000,0.0000,0.0005,0.0015,0.8691,0.0031,0.0002,0.0001,0.0001,0.0000,0.0004,0.0021,0.0376,0.0010,0.0003,0.0000,0.0000,0.0000,0.0003,0.0014,0.0018,0.0004,0.0003,0.0000,0.0000,0.0000,0.0002,0.0007,0.0004,0.0000,0.0000,0.0000,0.0000,0.0000,0.0002,0.0002,0.0000,0.0000,0.0000,0.0000,0.0000,0.0000,0.0021,0.0000,0.0000,0.0000,0.0000,0.0000,0.0000,0.0000
olympus/pic.0323.jpg,0.0000,0.0000,0.0000,0.0000,0.0000,0.0000,0.0000,0.0001,0.0000,0.0000,0.0206,0.0000,0.0000,0.0000,0.0000,0.0000,0.0000,0.0000,0.2777,0.0008,0.0000,0.0000,0.0000,0.0000,0.0000,0.0002,0.4896,0.0614,0.0001,0.0000,0.0000,0.0000,0.0001,0.0051,0.0757,0.0032,0.0002,0.0000,0.0000,0.0000,0.0001,0.0363,0.0087,0.0001,0.0000,0.0000,0.0000,0.0000,0.0012,0.0144,0.0001,0.0000,0.0000,0.0000,0.0000,0.0000,0.0040,0.0000,0.0000,0.0000,0.0000,0.0000,0.0000,0.0000
olympus/pic.0324.jpg,0.0001,0.0003,0.0011,0.0000,0.0000,0.0000,0.0000,0.0002,0.0000,0.0005,0.0032,0.0002,0.0000,0.0000,0.0000,0.0000,0.0001,0.0004,0.3562,0.0038,0.0001,0.0001,0.0000,0.0000,0.0001,0.0004,0.2213,0.0359,0.0006,0.0000,0.0000,0.0000,0.0002,0.0149,0.1069,0.0062,0.0003,0.0000,0.0000,0.0000,0.0065,0.1911,0.0219,0.0001,0.0000,0.0000,0.0000,0.0000,0.0041,0.0153,0.0003,0.0000,0.0000,0.0000,0.0000,0.0000,0.0077,0.0001,0.0000,0.0000,0.0000,0.0000,0.0000,0.0000
olympus/pic.0325.jpg,0.0000,0.0000,0.0000,0.0000,0.0069,0.0036,0.0005,0.0005,0.0000,0.0000,0.0000,0.0812,0.1821,0.0008,0.0000,0.0000,0.0000,0.0000,0.5684,0.0250,0.0011,0.0000,0.0000,0.0000,0.0000,0.0001,0.0698,0.0005,0.0001,0.0000,0.0000,0.0000,0.0001,0.0031,0.0436,0.0002,0.0000,0.0000,0.0000,0.0000,0.0001,0.0094,0.0010,0.0000,0.0000,0.0000,0.0000,0.0000,0.0002,0.0009,0.0000,0.0000,0.0000,0.0000,0.0000,0.0000,0.0008,0.0000,0.0000,0.0000,0.0000,0.0000,0.0000,0.0000
olympus/pic.0326.jpg,0.0000,0.0000,0.0000,0.0000,0.0000,0.0000,0.0000,0.0000,0.0000,0.0000,0.0000,0.0000,0.0000,0.0000,0.0000,0.0000,0.0000,0.0000,0.0372,0.0001,0.0000,0.0000,0.0000,0.0000,0.0000,0.0001,0.1036,0.0002,0.0000,0.0000,0.0000,0.0000,0.0000,0.0037,0.7916,0.0001,0.0000,0.0000,0.0000,0.0000,0.0001,0.0348,0.0107,0.0000,0.0000,0.0000,0.0000,0.0000,0.0013,0.0126,0.0000,0.0000,0.0000,0.0000,0.0000,0.0000,0.0039,0.0000,0.0000,0.0000,0.0000,0.0000,0.0000,0.0000
olympus/pic.0327.jpg,0.0000,0.0001,0.0007,0.0000,0.0001,0.0001,0.0000,0.0001,0.0000,0.0001,0.0399,0.0004,0.0001,0.0000,0.0000,0.0000,0.0000,0.0001,0.4414,0.0175,0.0002,0.0000,0.0001,0.0000,0.0000,0.0006,0.2687,0.0217,0.0003,0.0000,0.0000,0.0000,0.0000,0.0461,0.0834,0.0021,0.0002,0.0000,0.0000,0.0000,0.0001,0.0537,0.0102,0.0000,0.0000,0.0000,0.0000,0.0000,0.0006,0.0081,0.0001,0.0000,0.0000,0.0000,0.0000,0.0000,0.0031,0.0000,0.0000,0.0000,0.0000,0.0000,0.0000,0.0000
olympus/pic.0328.jpg,0.0003,0.0001,0.0001,0.0003,0.0006,0.0005,0.0004,0.0103,0.0000,0.0001,0.0057,0.0048,0.0020,0.0006,0.0017,0.0001,0.0000,0.0001,0.6468,0.1580,0.0193,0.0053,0.0004,0.0000,0.0000,0.0006,0.0467,0.0426,0.0194,0.0003,0.0000,0.0000,0.0001,0.0036,0.0021,0.0013,0.0005,0.0000,0.0000,0.0000,0.0055,0.0031,0.0005,0.0000,0.0000,0.0000,0.0000,0.0000,0.0099,0.0005,0.0001,0.0000,0.0000,0.0000,0.0000,0.0000,0.0055,0.0000,0.0000,0.0000,0.0000,0.0000,0.0000,0.0000
olympus/pic.0329.jpg,0.0005,0.0002,0.0001,0.0001,0.0001,0.0001,0.0001,0.0115,0.0001,0.0001,0.0005,0.0008,0.0005,0.0003,0.0023,0.0001,0.0001,0.0003,0.5102,0.1736,0.0157,0.0098,0.0007,0.0000,0.0001,0.0006,0.0190,0.1642,0.0571,0.0007,0.0000,0.0000,0.0002,0.0025,0.0025,0.0034,0.0014,0.0000,0.0000,0.0000,0.0016,0.0031,0.0015,0.0001,0.0000,0.0000,0.0000,0.0000,0.0062,0.0009,0.0003,0.0000,0.0000,0.0000,0.0000,0.0000,0.0067,0.0000,0.0000,0.0000,0.0000,0.0000,0.0000,0.0000
olympus/pic.0330.jpg,0.0006,0.0003,0.0003,0.0003,0.0006,0.0004,0.0005,0.0283,0.0001,0.0000,0.0012,0.0028,0.0025,0.0013,0.0045,0.0002,0.0001,0.0002,0.3892,0.3208,0.0300,0.0114,0.0010,0.0000,0.0001,0.0003,0.0584,0.1038,0.0222,0.0005,0.0000,0.0000,0.0001,0.0019,0.0031,0.0033,0.0012,0.0000,0.0000,0.0000,0.0008,0.0012,0.0016,0.0001,0.0000,0.0000,0.0000,0.0000,0.0008,0.0009,0.0002,0.0000,0.0000,0.0000,0.0000,0.0000,0.0032,0.0000,0.0000,0.0000,0.0000,0.0000,0.0000,0.0000
olympus/pic.0331.jpg,0.0000,0.0000,0.0001,0.0004,0.0002,0.0002,0.0001,0.0018,0.0000,0.0000,0.0728,0.0238,0.0012,0.0002,0.0005,0.0000,0.0000,0.0001,0.3741,0.3792,0.0241,0.0015,0.0001,0.0000,0.0000,0.0008,0.0118,0.0738,0.0084,0.0000,0.0000,0.0000,0.0000,0.0023,0.0006,0.0006,0.0001,0.0000,0.0000,0.0000,0.0069,0.0014,0.0001,0.0000,0.0000,0.0000,0.0000,0.0000,0.0115,0.0001,0.0000,0.0000,0.0000,0.0000,0.0000,0.0000,0.0008,0.0000,0.0000,0.0000,0.0000,0.0000,0.0000,0.0000
olympus/pic.0332.jpg,0.0015,0.0016,0.0038,0.0011,0.0007,0.0004,0.0003,0.0060,0.0002,0.0007,0.0869,0.0284,0.0046,0.0010,0.0013,0.0000,0.0002,0.0009,0.5549,0.1876,0.0236,0.0034,0.0002,0.0000,0.0002,0.0011,0.0421,0.0221,0.0060,0.0001,0.0000,0.0000,0.0002,0.0015,0.0095,0.0016,0.0004,0.0000,0.0000,0.0000,0.0001,0.0004,0.0011,0.0000,0.0000,0.0000,0.0000,0.0000,0.0001,0.0006,0.0001,0.0000,0.0000,0.0000,0.0000,0.0000,0.0031,0.0000,0.0000,0.0000,0.0000,0.0000,0.0000,0.0000
olympus/pic.0333.jpg,0.0024,0.0024,0.0061,0.0021,0.0042,0.0021,0.0010,0.0262,0.0004,0.0006,0.0542,0.0279,0.0075,0.0017,0.0037,0.0004,0.0003,0.0010,0.5754,0.1644,0.0164,0.0068,0.0008,0.0000,0.0002,0.0006,0.0243,0.0426,0.0134,0.0003,0.0000,0.0000,0.0002,0.0010,0.0012,0.0016,0.0009,0.0000,0.0000,0.0000,0.0003,0.0006,0.0007,0.0001,0.0000,0.0000,0.0000,0.0000,0.0004,0.0005,0.0002,0.0000,0.0000,0.0000,0.0000,0.0000,0.0032,0.0000,0.0000,0.0000,0.0000,0.0000,0.0000,0.0000
olympus/pic.0334.jpg,0.0005,0.0003,0.0005,0.0007,0.0014,0.0013,0.0010,0.0096,0.0000,0.0002,0.0131,0.0533,0.0114,0.0028,0.0020,0.0001,0.0000,0.0003,0.2644,0.4654,0.0693,0.0121,0.0003,0.0000,0.0001,0.0010,0.0152,0.0629,0.0069,0.0001,0.0000,0.0000,0.0001,0.0003,0.0010,0.0011,0.0003,0.0000,0.0000,0.0000,0.0000,0.0000,0.0003,0.0000,0.0000,0.0000,0.0000,0.0000,0.0000,0.0001,0.0001,0.0000,0.0000,0.0000,0.0000,0.0000,0.0005,0.0000,0.0000,0.0000,0.0000,0.0000,0.0000,0.0000
olympus/pic.0335.jpg,0.0128,0.0069,0.0077,0.0026,0.0021,0.0006,0.0002,0.0106,0.0008,0.0035,0.0498,0.0101,0.0013,0.0004,0.0010,0.0001,0.0004,0.0033,0.6823,0.1181,0.0050,0.0026,0.0005,0.0000,0.0002,0.0006,0.0171,0.0415,0.0098,0.0002,0.0000,0.0000,0.0002,0.0003,0.0008,0.0023,0.0006,0.0000,0.0000,0.0000,0.0002,0.0001,0.0007,0.0001,0.0000,0.0000,0.0000,0.0000,0.0001,0.0003,0.0001,0.0000,0.0000,0.0000,0.0000,0.0000,0.0021,0.0000,0.0000,0.0000,0.0000,0.0000,0.0000,0.0000
olympus/pic.0336.jpg,0.0004,0.0004,0.0005,0.0002,0.0001,0.0002,0.0001,0.0004,0.0003,0.0014,0.0068,0.0019,0.0012,0.0002,0.0001,0.0000,0.0003,0.0017,0.4367,0.0079,0.0006,0.0002,0.0000,0.0000,0.0004,0.0102,0.2416,0.0103,0.0004,0.0000,0.0000,0.0000,0.0010,0.0248,0.1529,0.0043,0.0001,0.0000,0.0000,0.0000,0.0012,0.0233,0.0349,0.0000,0.0000,0.0000,0.0000,0.0000,0.0064,0.0143,0.0003,0.0000,0.0000,0.0000,0.0000,0.0000,0.0117,0.0001,0.0000,0.0000,0.0000,0.0000,0.0000,0.0000
olympus/pic.0337.jpg,0.0006,0.0003,0.0003,0.0004,0.0002,0.0000,0.0000,0.0001,0.0004,0.0003,0.0052,0.0009,0.0000,0.0000,0.0000,0.0000,0.0007,0.0026,0.5511,0.0012,0.0000,0.0000,0.0000,0.0000,0.0013,0.0018,0.3707,0.0003,0.0000,0.0000,0.0000,0.0000,0.0010,0.0032,0.0493,0.0001,0.0000,0.0000,0.0000,0.0000,0.0003,0.0011,0.0040,0.0000,0.0000,0.0000,0.0000,0.0000,0.0003,0.0007,0.0000,0.0000,0.0000,0.0000,0.0000,0.0000,0.0016,0.0000,0.0000,0.0000,0.0000,0.0000,0.0000,0.0000
olympus/pic.0338.jpg,0.0032,0.0013,0.0017,0.0003,0.0003,0.0001,0.0000,0.0007,0.0010,0.0013,0.0234,0.0010,0.0001,0.0000,0.0000,0.0000,0.0013,0.0039,0.4188,0.0025,0.0001,0.0001,0.0000,0.0000,0.0018,0.0175,0.2958,0.0181,0.0001,0.0000,0.0000,0.0000,0.0021,0.0197,0.1216,0.0029,0.0002,0.0000,0.0000,0.0000,0.0013,0.0063,0.0128,0.0000,0.0000,0.0000,0.0000,0.0000,0.0014,0.0286,0.0001,0.0000,0.0000,0.0000,0.0000,0.0000,0.0084,0.0001,0.0000,0.0000,0.0000,0.0000,0.0000,0.0000
olympus/pic.0339.jpg,0.0004,0.0001,0.0002,0.0001,0.0000,0.0000,0.0000,0.0000,0.0004,0.0003,0.0032,0.0001,0.0000,0.0000,0.0000,0.0000,0.0006,0.0022,0.5305,0.0019,0.0000,0.0000,0.0000,0.0000,0.0012,0.0020,0.3731,0.0003,0.0000,0.0000,0.0000,0.0000,0.0007,0.0037,0.0616,0.0000,0.0000,0.0000,0.0000,0.0000,0.0001,0.0071,0.0059,0.0000,0.0000,0.0000,0.0000,0.0000,0.0001,0.0036,0.0000,0.0000,0.0000,0.0000,0.0000,0.0000,0.0003,0.0000,0.0000,0.0000,0.0000,0.0000,0.0000,0.0000
olympus/pic.0340.jpg,0.0004,0.0002,0.0001,0.0001,0.0000,0.0000,0.0000,0.0001,0.0003,0.0002,0.0046,0.0002,0.0000,0.0000,0.0000,0.0000,0.0003,0.0012,0.5219,0.0034,0.0000,0.0000,0.0000,0.0000,0.0008,0.0040,0.3709,0.0007,0.0000,0.0000,0.0000,0.0000,0.0011,0.0074,0.0617,0.0001,0.0000,0.0000,0.0000,0.0000,0.0004,0.0088,0.0057,0.0000,0.0000,0.0000,0.0000,0.0000,0.0002,0.0040,0.0000,0.0000,0.0000,0.0000,0.0000,0.0000,0.0011,0.0000,0.0000,0.0000,0.0000,0.0000,0.0000,0.0000
olympus/pic.0341.jpg,0.0011,0.0005,0.0008,0.0002,0.0000,0.0000,0.0000,0.0000,0.0008,0.0010,0.0231,0.0002,0.0000,0.0000,0.0000,0.0000,0.0006,0.0035,0.7130,0.0001,0.0000,0.0000,0.0000,0.0000,0.0003,0.0012,0.1994,0.0001,0.0000,0.0000,0.0000,0.0000,0.0001,0.0025,0.0476,0.0007,0.0000,0.0000,0.0000,0.0000,0.0001,0.0004,0.0019,0.0000,0.0000,0.0000,0.0000,0.0000,0.0001,0.0001,0.0000,0.0000,0.0000,0.0000,0.0000,0.0000,0.0004,0.0000,0.0000,0.0000,0.0000,0.0000,0.0000,0.0000
olympus/pic.0342.jpg,0.0000,0.0000,0.0000,0.0000,0.0000,0.0000,0.0000,0.0000,0.0000,0.0000,0.0023,0.0005,0.0000,0.0000,0.0000,0.0000,0.0000,0.0000,0.4379,0.0042,0.0000,0.0000,0.0000,0.0000,0.0000,0.0004,0.2646,0.0086,0.0001,0.0000,0.0000,0.0000,0.0000,0.0058,0.1827,0.0326,0.0001,0.0000,0.0000,0.0000,0.0000,0.0099,0.0454,0.0001,0.0000,0.0000,0.0000,0.0000,0.0001,0.0033,0.0004,0.0000,0.0000,0.0000,0.0000,0.0000,0.0008,0.0000,0.0000,0.0000,0.0000,0.0000,0.0000,0.0000
olympus/pic.0343.jpg,0.0000,0.0000,0.0000,0.0000,0.0000,0.0000,0.0000,0.0000,0.0000,0.0000,0.0007,0.0001,0.0000,0.0000,0.0000,0.0000,0.0000,0.0001,0.4352,0.0002,0.0000,0.0000,0.0000,0.0000,0.0000,0.0002,0.3923,0.0302,0.0000,0.0000,0.0000,0.0000,0.0001,0.0016,0.1240,0.0016,0.0000,0.0000,0.0000,0.0000,0.0001,0.0017,0.0092,0.0000,0.0000,0.0000,0.0000,0.0000,0.0001,0.0016,0.0002,0.0000,0.0000,0.0000,0.0000,0.0000,0.0010,0.0000,0.0000,0.0000,0.0000,0.0000,0.0000,0.0000
olympus/pic.0344.jpg,0.0000,0.0000,0.0000,0.0000,0.0000,0.0000,0.0000,0.0000,0.0000,0.0000,0.0049,0.0002,0.0000,0.0000,0.0000,0.0000,0.0000,0.0005,0.5128,0.0005,0.0000,0.0000,0.0000,0.0000,0.0000,0.0013,0.1687,0.0041,0.0000,0.0000,0.0000,0.0000,0.0000,0.0020,0.0571,0.0040,0.0000,0.0000,0.0000,0.0000,0.0000,0.0443,0.1305,0.0000,0.0000,0.0000,0.0000,0.0000,0.0000,0.0690,0.0000,0.0000,0.0000,0.0000,0.0000,0.0000,0.0000,0.0000,0.0000,0.0000,0.0000,0.0000,0.0000,0.0000
olympus/pic.0345.jpg,0.0000,0.0000,0.0000,0.0000,0.0000,0.0000,0.0000,0.0000,0.0000,0.0000,0.0002,0.0000,0.0000,0.0000,0.0000,0.0000,0.0000,0.0000,0.9197,0.0000,0.0000,0.0000,0.0000,0.0000,0.0000,0.0000,0.0599,0.0077,0.0000,0.0000,0.0000,0.0000,0.0000,0.0001,0.0085,0.0028,0.0000,0.0000,0.0000,0.0000,0.0000,0.0001,0.0004,0.0000,0.0000,0.0000,0.0000,0.0000,0.0000,0.0002,0.0000,0.0000,0.0000,0.0000,0.0000,0.0000,0.0002,0.0000,0.0000,0.0000,0.0000,0.0000,0.0000,0.0000
olympus/pic.0346.jpg,0.0001,0.0002,0.0003,0.0000,0.0000,0.0000,0.0000,0.0000,0.0000,0.0000,0.0079,0.0001,0.0000,0.0000,0.0000,0.0000,0.0000,0.0000,0.9013,0.0019,0.0000,0.0000,0.0000,0.0000,0.0000,0.0001,0.0703,0.0058,0.0001,0.0000,0.0000,0.0000,0.0000,0.0000,0.0086,0.0021,0.0000,0.0000,0.0000,0.0000,0.0000,0.0000,0.0006,0.0000,0.0000,0.0000,0.0000,0.0000,0.0000,0.0001,0.0001,0.0000,0.0000,0.0000,0.0000,0.0000,0.0002,0.0000,0.0000,0.0000,0.0000,0.0000,0.0000,0.0000
olympus/pic.0347.jpg,0.0000,0.0000,0.0000,0.0000,0.0000,0.0000,0.0000,0.0001,0.0000,0.0000,0.0001,0.0000,0.0000,0.0000,0.0000,0.0000,0.0000,0.0002,0.2328,0.0010,0.0000,0.0000,0.0000,0.0000,0.0000,0.0022,0.2192,0.0268,0.0003,0.0000,0.0000,0.0000,0.0001,0.0124,0.3899,0.0122,0.0001,0.0000,0.0000,0.0000,0.0024,0.0299,0.0375,0.0000,0.0000,0.0000,0.0000,0.0000,0.0132,0.0095,0.0003,0.0000,0.0000,0.0000,0.0000,0.0000,0.0095,0.0001,0.0000,0.0000,0.0000,0.0000,0.0000,0.0000
olympus/pic.0348.jpg,0.0002,0.0001,0.0001,0.0001,0.0001,0.0000,0.0000,0.0002,0.0001,0.0002,0.0010,0.0007,0.0002,0.0000,0.0000,0.0000,0.0001,0.0008,0.5453,0.0103,0.0002,0.0001,0.0000,0.0000,0.0001,0.0016,0.2963,0.0290,0.0005,0.0000,0.0000,0.0000,0.0001,0.0022,0.0975,0.0023,0.0004,0.0000,0.0000,0.0000,0.0003,0.0011,0.0040,0.0000,0.0000,0.0000,0.0000,0.0000,0.0002,0.0015,0.0001,0.0000,0.0000,0.0000,0.0000,0.0000,0.0028,0.0000,0.0000,0.0000,0.0000,0.0000,0.0000,0.0000
olympus/pic.0349.jpg,0.0000,0.0000,0.0001,0.0000,0.0000,0.0000,0.0000,0.0000,0.0000,0.0000,0.0154,0.0004,0.0000,0.0000,0.0000,0.0000,0.0000,0.0001,0.4402,0.0008,0.0000,0.0000,0.0000,0.0000,0.0000,0.0003,0.4058,0.0010,0.0000,0.0000,0.0000,0.0000,0.0000,0.0012,0.1264,0.0000,0.0000,0.0000,0.0000,0.0000,0.0000,0.0018,0.0061,0.0000,0.0000,0.0000,0.0000,0.0000,0.0000,0.0001,0.0000,0.0000,0.0000,0.0000,0.0000,0.0000,0.0000,0.0000,0.0000,0.0000,0.0000,0.0000,0.0000,0.0000
olympus/pic.0350.jpg,0.0000,0.0000,0.0000,0.0000,0.0000,0.0000,0.0000,0.0000,0.0000,0.0000,0.0397,0.0003,0.0000,0.0000,0.0000,0.0000,0.0000,0.0002,0.4156,0.0007,0.0000,0.0000,0.0000,0.0000,0.0000,0.0008,0.4437,0.0040,0.0000,0.0000,0.0000,0.0000,0.0000,0.0017,0.0890,0.0004,0.0000,0.0000,0.0000,0.0000,0.0000,0.0015,0.0023,0.0000,0.0000,0.0000,0.0000,0.0000,0.0000,0.0002,0.0000,0.0000,0.0000,0.0000,0.0000,0.0000,0.0000,0.0000,0.0000,0.0000,0.0000,0.0000,0.0000,0.0000
olympus/pic.0351.jpg,0.0021,0.0012,0.0017,0.0005,0.0001,0.0000,0.0000,0.0002,0.0007,0.0038,0.0771,0.0065,0.0000,0.0000,0.0000,0.0000,0.0006,0.0060,0.5343,0.0076,0.0000,0.0000,0.0000,0.0000,0.0005,0.0049,0.2753,0.0022,0.0000,0.0000,0.0000,0.0000,0.0005,0.0097,0.0425,0.0003,0.0001,0.0000,0.0000,0.0000,0.0003,0.0091,0.0071,0.0000,0.0000,0.0000,0.0000,0.0000,0.0004,0.0024,0.0000,0.0000,0.0000,0.0000,0.0000,0.0000,0.0021,0.0000,0.0000,0.0000,0.0000,0.0000,0.0000,0.0000
olympus/pic.0352.jpg,0.0004,0.0002,0.0003,0.0002,0.0001,0.0000,0.0000,0.0000,0.0002,0.0003,0.0123,0.0039,0.0000,0.0000,0.0000,0.0000,0.0001,0.0020,0.3895,0.0034,0.0000,0.0000,0.0000,0.0000,0.0001,0.0026,0.4104,0.0008,0.0000,0.0000,0.0000,0.0000,0.0002,0.0155,0.1366,0.0009,0.0000,0.0000,0.0000,0.0000,0.0002,0.0118,0.0025,0.0000,0.0000,0.0000,0.0000,0.0000,0.0004,0.0023,0.0000,0.0000,0.0000,0.0000,0.0000,0.0000,0.0028,0.0000,0.0000,0.0000,0.0000,0.0000,0.0000,0.0000
olympus/pic.0353.jpg,0.0000,0.0000,0.0000,0.0000,0.0000,0.0000,0.0000,0.0000,0.0000,0.0000,0.0037,0.0000,0.0000,0.0000,0.0000,0.0000,0.0000,0.0001,0.3188,0.0002,0.0000,0.0000,0.0000,0.0000,0.0000,0.0003,0.4257,0.0030,0.0000,0.0000,0.0000,0.0000,0.0000,0.0017,0.2014,0.0009,0.0000,0.0000,0.0000,0.0000,0.0000,0.0071,0.0332,0.0000,0.0000,0.0000,0.0000,0.0000,0.0000,0.0026,0.0000,0.0000,0.0000,0.0000,0.0000,0.0000,0.0011,0.0000,0.0000,0.0000,0.0000,0.0000,0.0000,0.0000
olympus/pic.0354.jpg,0.0014,0.0008,0.0010,0.0008,0.0003,0.0000,0.0000,0.0003,0.0003,0.0006,0.0222,0.0022,0.0001,0.0000,0.0000,0.0000,0.0002,0.0007,0.4735,0.0021,0.0000,0.0000,0.0000,0.0000,0.0002,0.0008,0.4202,0.0001,0.0000,0.0000,0.0000,0.0000,0.0001,0.0047,0.0418,0.0004,0.0000,0.0000,0.0000,0.0000,0.0001,0.0098,0.0110,0.0000,0.0000,0.0000,0.0000,0.0000,0.0001,0.0030,0.0000,0.0000,0.0000,0.0000,0.0000,0.0000,0.0012,0.0000,0.0000,0.0000,0.0000,0.0000,0.0000,0.0000
olympus/pic.0355.jpg,0.0014,0.0008,0.0007,0.0003,0.0002,0.0001,0.0000,0.0003,0.0005,0.0019,0.0165,0.0068,0.0000,0.0000,0.0000,0.0000,0.0006,0.0059,0.3574,0.0158,0.0000,0.0000,0.0000,0.0000,0.0007,0.0494,0.4062,0.0018,0.0001,0.0000,0.0000,0.0000,0.0010,0.0284,0.0780,0.0006,0.0001,0.0000,0.0000,0.0000,0.0009,0.0080,0.0065,0.0000,0.0000,0.0000,0.0000,0.0000,0.0010,0.0027,0.0002,0.0000,0.0000,0.0000,0.0000,0.0000,0.0054,0.0000,0.0000,0.0000,0.0000,0.0000,0.0000,0.0000
olympus/pic.0356.jpg,0.0041,0.0022,0.0040,0.0010,0.0002,0.0000,0.0000,0.0002,0.0009,0.0013,0.1445,0.0095,0.0000,0.0000,0.0000,0.0000,0.0005,0.0018,0.6936,0.0037,0.0000,0.0000,0.0000,0.0000,0.0004,0.0012,0.0908,0.0004,0.0001,0.0000,0.0000,0.0000,0.0004,0.0035,0.0159,0.0002,0.0001,0.0000,0.0000,0.0000,0.0002,0.0072,0.0075,0.0000,0.0000,0.0000,0.0000,0.0000,0.0005,0.0016,0.0000,0.0000,0.0000,0.0000,0.0000,0.0000,0.0024,0.0000,0.0000,0.0000,0.0000,0.0000,0.0000,0.0000
olympus/pic.0357.jpg,0.0009,0.0004,0.0014,0.0044,0.0185,0.0029,0.0012,0.0232,0.0002,0.0001,0.0067,0.1158,0.0197,0.0043,0.0048,0.0006,0.0001,0.0010,0.2761,0.4074,0.0400,0.0076,0.0012,0.0000,0.0003,0.0009,0.0273,0.0179,0.0053,0.0002,0.0000,0.0000,0.0002,0.0007,0.0015,0.0013,0.0006,0.0000,0.0000,0.0000,0.0001,0.0002,0.0008,0.0000,0.0000,0.0000,0.0000,0.0000,0.0002,0.0005,0.0002,0.0000,0.0000,0.0000,0.0000,0.0000,0.0032,0.0000,0.0000,0.0000,0.0000,0.0000,0.0000,0.0000
olympus/pic.0358.jpg,0.0006,0.0001,0.0015,0.0017,0.0053,0.0020,0.0011,0.0148,0.0001,0.0002,0.0223,0.0555,0.0133,0.0023,0.0027,0.0003,0.0003,0.0010,0.2746,0.4781,0.0266,0.0048,0.0012,0.0000,0.0002,0.0015,0.0487,0.0180,0.0049,0.0008,0.0000,0.0000,0.0003,0.0012,0.0031,0.0018,0.0010,0.0000,0.0000,0.0000,0.0003,0.0005,0.0012,0.0000,0.0000,0.0000,0.0000,0.0000,0.0003,0.0008,0.0001,0.0000,0.0000,0.0000,0.0000,0.0000,0.0049,0.0000,0.0000,0.0000,0.0000,0.0000,0.0000,0.0000
olympus/pic.0359.jpg,0.0079,0.0004,0.0013,0.0005,0.0032,0.0189,0.0027,0.1830,0.0002,0.0004,0.0039,0.0042,0.0082,0.0024,0.0102,0.0007,0.0002,0.0004,0.2062,0.2288,0.0563,0.0232,0.0161,0.0000,0.0001,0.0008,0.0910,0.0436,0.0192,0.0032,0.0000,0.0000,0.0002,0.0014,0.0144,0.0090,0.0144,0.0000,0.0000,0.0000,0.0003,0.0015,0.0061,0.0002,0.0000,0.0000,0.0000,0.0000,0.0002,0.0029,0.0008,0.0000,0.0000,0.0000,0.0000,0.0000,0.0115,0.0001,0.0000,0.0000,0.0000,0.0000,0.0000,0.0000
olympus/pic.0360.jpg,0.1365,0.0006,0.0016,0.0002,0.0004,0.0140,0.0005,0.0574,0.0006,0.0055,0.0092,0.0020,0.0052,0.0010,0.0066,0.0007,0.0028,0.0013,0.2299,0.1910,0.0405,0.0175,0.0070,0.0000,0.0013,0.0031,0.1172,0.0400,0.0135,0.0016,0.0000,0.0000,0.0005,0.0061,0.0207,0.0101,0.0117,0.0000,0.0000,0.0000,0.0039,0.0034,0.0078,0.0002,0.0000,0.0000,0.0000,0.0000,0.0008,0.0041,0.0007,0.0000,0.0000,0.0000,0.0000,0.0000,0.0214,0.0001,0.0000,0.0000,0.0000,0.0000,0.0000,0.0000
olympus/pic.0361.jpg,0.0000,0.0000,0.0001,0.0000,0.0000,0.0000,0.0000,0.0001,0.0000,0.0001,0.1138,0.0033,0.0000,0.0000,0.0000,0.0000,0.0000,0.0004,0.7247,0.0263,0.0002,0.0000,0.0000,0.0000,0.0000,0.0009,0.1123,0.0051,0.0000,0.0000,0.0000,0.0000,0.0000,0.0024,0.0089,0.0002,0.0000,0.0000,0.0000,0.0000,0.0000,0.0006,0.0001,0.0000,0.0000,0.0000,0.0000,0.0000,0.0000,0.0001,0.0000,0.0000,0.0000,0.0000,0.0000,0.0000,0.0003,0.0000,0.0000,0.0000,0.0000,0.0000,0.0000,0.0000
olympus/pic.0362.jpg,0.0159,0.0209,0.1201,0.1074,0.0460,0.0182,0.0036,0.0120,0.0006,0.0021,0.1145,0.1413,0.0155,0.0005,0.0002,0.0000,0.0003,0.0012,0.2723,0.0801,0.0016,0.0002,0.0003,0.0000,0.0002,0.0008,0.0202,0.0004,0.0001,0.0001,0.0000,0.0000,0.0001,0.0008,0.0005,0.0002,0.0002,0.0000,0.0000,0.0000,0.0001,0.0002,0.0001,0.0000,0.0000,0.0000,0.0000,0.0000,0.0001,0.0001,0.0000,0.0000,0.0000,0.0000,0.0000,0.0000,0.0014,0.0000,0.0000,0.0000,0.0000,0.0000,0.0000,0.0000
olympus/pic.0363.jpg,0.0000,0.0000,0.0000,0.0000,0.0000,0.0000,0.0000,0.0000,0.0000,0.0000,0.0003,0.0002,0.0000,0.0000,0.0000,0.0000,0.0000,0.0001,0.7122,0.0210,0.0000,0.0000,0.0000,0.0000,0.0001,0.0344,0.1912,0.0002,0.0000,0.0000,0.0000,0.0000,0.0002,0.0245,0.0146,0.0000,0.0000,0.0000,0.0000,0.0000,0.0001,0.0001,0.0002,0.0000,0.0000,0.0000,0.0000,0.0000,0.0001,0.0001,0.0000,0.0000,0.0000,0.0000,0.0000,0.0000,0.0003,0.0000,0.0000,0.0000,0.0000,0.0000,0.0000,0.0000
olympus/pic.0364.jpg,0.0000,0.0000,0.0000,0.0000,0.0013,0.0023,0.0024,0.0053,0.0000,0.0000,0.0000,0.0456,0.0284,0.0030,0.0010,0.0000,0.0000,0.0000,0.4989,0.3863,0.0120,0.0015,0.0001,0.0000,0.0000,0.0000,0.0040,0.0059,0.0011,0.0000,0.0000,0.0000,0.0000,0.0000,0.0006,0.0002,0.0000,0.0000,0.0000,0.0000,0.0000,0.0000,0.0000,0.0000,0.0000,0.0000,0.0000,0.0000,0.0000,0.0000,0.0000,0.0000,0.0000,0.0000,0.0000,0.0000,0.0000,0.0000,0.0000,0.0000,0.0000,0.0000,0.0000,0.0000
olympus/pic.0365.jpg,0.0008,0.0007,0.0011,0.0008,0.0009,0.0013,0.0008,0.0086,0.0001,0.0004,0.0170,0.0462,0.0312,0.0037,0.0030,0.0001,0.0000,0.0004,0.2858,0.4427,0.1045,0.0083,0.0004,0.0000,0.0000,0.0001,0.0033,0.0285,0.0082,0.0001,0.0000,0.0000,0.0000,0.0000,0.0001,0.0003,0.0002,0.0000,0.0000,0.0000,0.0000,0.0000,0.0001,0.0000,0.0000,0.0000,0.0000,0.0000,0.0000,0.0000,0.0000,0.0000,0.0000,0.0000,0.0000,0.0000,0.0003,0.0000,0.0000,0.0000,0.0000,0.0000,0.0000,0.0000
olympus/pic.0366.jpg,0.0059,0.0050,0.0096,0.0014,0.0009,0.0005,0.0002,0.0051,0.0009,0.0104,0.2770,0.0056,0.0026,0.0005,0.0006,0.0001,0.0006,0.0051,0.5776,0.0600,0.0043,0.0017,0.0003,0.0000,0.0002,0.0006,0.0037,0.0116,0.0046,0.0002,0.0000,0.0000,0.0002,0.0001,0.0002,0.0006,0.0005,0.0000,0.0000,0.0000,0.0001,0.0001,0.0002,0.0000,0.0000,0.0000,0.0000,0.0000,0.0001,0.0001,0.0000,0.0000,0.0000,0.0000,0.0000,0.0000,0.0011,0.0000,0.0000,0.0000,0.0000,0.0000,0.0000,0.0000
olympus/pic.0367.jpg,0.0043,0.0042,0.0104,0.0009,0.0014,0.0010,0.0012,0.0289,0.0016,0.0020,0.0570,0.0051,0.0095,0.0052,0.0036,0.0003,0.0005,0.0078,0.5604,0.2491,0.0166,0.0027,0.0002,0.0000,0.0003,0.0007,0.0163,0.0022,0.0022,0.0001,0.0000,0.0000,0.0004,0.0003,0.0004,0.0003,0.0003,0.0000,0.0000,0.0000,0.0001,0.0001,0.0002,0.0000,0.0000,0.0000,0.0000,0.0000,0.0001,0.0001,0.0001,0.0000,0.0000,0.0000,0.0000,0.0000,0.0019,0.0000,0.0000,0.0000,0.0000,0.0000,0.0000,0.0000
olympus/pic.0368.jpg,0.0002,0.0002,0.0002,0.0011,0.0016,0.0016,0.0015,0.0745,0.0000,0.0000,0.0009,0.0183,0.0132,0.0086,0.0098,0.0012,0.0001,0.0001,0.3831,0.4258,0.0408,0.0111,0.0012,0.0000,0.0000,0.0001,0.0012,0.0016,0.0012,0.0001,0.0000,0.0000,0.0000,0.0000,0.0000,0.0002,0.0001,0.0000,0.0000,0.0000,0.0000,0.0000,0.0001,0.0000,0.0000,0.0000,0.0000,0.0000,0.0000,0.0000,0.0000,0.0000,0.0000,0.0000,0.0000,0.0000,0.0003,0.0000,0.0000,0.0000,0.0000,0.0000,0.0000,0.0000
olympus/pic.0369.jpg,0.0003,0.0003,0.0004,0.0001,0.0001,0.0000,0.0001,0.0056,0.0000,0.0001,0.0042,0.0002,0.0005,0.0005,0.0024,0.0000,0.0000,0.0001,0.7910,0.1288,0.0225,0.0055,0.0002,0.0000,0.0000,0.0000,0.0319,0.0029,0.0009,0.0000,0.0000,0.0000,0.0000,0.0000,0.0002,0.0004,0.0001,0.0000,0.0000,0.0000,0.0000,0.0000,0.0001,0.0000,0.0000,0.0000,0.0000,0.0000,0.0000,0.0001,0.0000,0.0000,0.0000,0.0000,0.0000,0.0000,0.0003,0.0000,0.0000,0.0000,0.0000,0.0000,0.0000,0.0000
olympus/pic.0370.jpg,0.0002,0.0002,0.0004,0.0001,0.0001,0.0001,0.0001,0.0148,0.0001,0.0001,0.0032,0.0004,0.0006,0.0004,0.0036,0.0004,0.0000,0.0001,0.5395,0.3107,0.0281,0.0113,0.0009,0.0000,0.0000,0.0001,0.0367,0.0285,0.0088,0.0004,0.0000,0.0000,0.0000,0.0001,0.0021,0.0030,0.0007,0.0000,0.0000,0.0000,0.0000,0.0001,0.0013,0.0001,0.0000,0.0000,0.0000,0.0000,0.0000,0.0005,0.0004,0.0000,0.0000,0.0000,0.0000,0.0000,0.0019,0.0000,0.0000,0.0000,0.0000,0.0000,0.0000,0.0000
olympus/pic.0371.jpg,0.0002,0.0002,0.0003,0.0001,0.0000,0.0001,0.0001,0.0167,0.0000,0.0000,0.0036,0.0003,0.0005,0.0005,0.0042,0.0005,0.0000,0.0001,0.5041,0.3398,0.0311,0.0126,0.0011,0.0000,0.0000,0.0000,0.0329,0.0308,0.0107,0.0004,0.0000,0.0000,0.0000,0.0000,0.0015,0.0030,0.0006,0.0000,0.0000,0.0000,0.0000,0.0001,0.0011,0.0001,0.0000,0.0000,0.0000,0.0000,0.0000,0.0004,0.0004,0.0000,0.0000,0.0000,0.0000,0.0000,0.0017,0.0000,0.0000,0.0000,0.0000,0.0000,0.0000,0.0000
olympus/pic.0372.jpg,0.0001,0.0001,0.0003,0.0002,0.0035,0.0014,0.0002,0.0134,0.0000,0.0000,0.0021,0.0092,0.0011,0.0004,0.0032,0.0002,0.0000,0.0000,0.3301,0.4974,0.0389,0.0100,0.0007,0.0000,0.0000,0.0001,0.0438,0.0276,0.0074,0.0003,0.0000,0.0000,0.0000,0.0001,0.0021,0.0023,0.0006,0.0000,0.0000,0.0000,0.0000,0.0000,0.0010,0.0001,0.0000,0.0000,0.0000,0.0000,0.0000,0.0005,0.0003,0.0000,0.0000,0.0000,0.0000,0.0000,0.0015,0.0000,0.0000,0.0000,0.0000,0.0000,0.0000,0.0000
olympus/pic.0373.jpg,0.0002,0.0001,0.0001,0.0000,0.0000,0.0000,0.0000,0.0003,0.0000,0.0001,0.0039,0.0001,0.0000,0.0000,0.0000,0.0000,0.0001,0.0003,0.9872,0.0007,0.0000,0.0000,0.0000,0.0000,0.0000,0.0003,0.0047,0.0002,0.0001,0.0000,0.0000,0.0000,0.0001,0.0002,0.0002,0.0001,0.0000,0.0000,0.0000,0.0000,0.0001,0.0000,0.0000,0.0000,0.0000,0.0000,0.0000,0.0000,0.0001,0.0000,0.0000,0.0000,0.0000,0.0000,0.0000,0.0000,0.0005,0.0000,0.0000,0.0000,0.0000,0.0000,0.0000,0.0000
olympus/pic.0374.jpg,0.0002,0.0001,0.0000,0.0000,0.0000,0.0001,0.0000,0.0003,0.0000,0.0001,0.0098,0.0001,0.0000,0.0000,0.0000,0.0000,0.0000,0.0001,0.9832,0.0004,0.0000,0.0000,0.0000,0.0000,0.0000,0.0002,0.0038,0.0004,0.0001,0.0000,0.0000,0.0000,0.0000,0.0001,0.0001,0.0001,0.0000,0.0000,0.0000,0.0000,0.0000,0.0000,0.0001,0.0000,0.0000,0.0000,0.0000,0.0000,0.0000,0.0000,0.0000,0.0000,0.0000,0.0000,0.0000,0.0000,0.0005,0.0000,0.0000,0.0000,0.0000,0.0000,0.0000,0.0000
olympus/pic.0375.jpg,0.0005,0.0002,0.0003,0.0127,0.0015,0.0002,0.0001,0.0005,0.0002,0.0001,0.0010,0.0063,0.0001,0.0000,0.0000,0.0000,0.0003,0.0004,0.9718,0.0008,0.0000,0.0000,0.0000,0.0000,0.0001,0.0003,0.0016,0.0001,0.0000,0.0000,0.0000,0.0000,0.0002,0.0001,0.0001,0.0000,0.0000,0.0000,0.0000,0.0000,0.0001,0.0000,0.0000,0.0000,0.0000,0.0000,0.0000,0.0000,0.0000,0.0000,0.0000,0.0000,0.0000,0.0000,0.0000,0.0000,0.0004,0.0000,0.0000,0.0000,0.0000,0.0000,0.0000,0.0000
olympus/pic.0376.jpg,0.0000,0.0000,0.0000,0.0000,0.0000,0.0000,0.0000,0.0000,0.0000,0.0000,0.0000,0.0000,0.0000,0.0000,0.0000,0.0000,0.0000,0.0001,0.3482,0.0001,0.0000,0.0000,0.0000,0.0000,0.0000,0.0001,0.2464,0.0000,0.0000,0.0000,0.0000,0.0000,0.0000,0.0033,0.3918,0.0000,0.0000,0.0000,0.0000,0.0000,0.0000,0.0044,0.0031,0.0000,0.0000,0.0000,0.0000,0.0000,0.0001,0.0007,0.0000,0.0000,0.0000,0.0000,0.0000,0.0000,0.0015,0.0000,0.0000,0.0000,0.0000,0.0000,0.0000,0.0000
olympus/pic.0377.jpg,0.0000,0.0000,0.0000,0.0000,0.0000,0.0000,0.0000,0.0000,0.0000,0.0000,0.0000,0.0000,0.0000,0.0000,0.0000,0.0000,0.0000,0.0000,0.1426,0.0003,0.0000,0.0000,0.0000,0.0000,0.0000,0.0000,0.3435,0.0004,0.0000,0.0000,0.0000,0.0000,0.0000,0.0059,0.4720,0.0001,0.0000,0.0000,0.0000,0.0000,0.0000,0.0205,0.0105,0.0000,0.0000,0.0000,0.0000,0.0000,0.0001,0.0028,0.0001,0.0000,0.0000,0.0000,0.0000,0.0000,0.0011,0.0000,0.0000,0.0000,0.0000,0.0000,0.0000,0.0000
olympus/pic.0378.jpg,0.0000,0.0000,0.0000,0.0000,0.0001,0.0002,0.0001,0.0006,0.0000,0.0000,0.0000,0.0010,0.0327,0.0002,0.0000,0.0000,0.0000,0.0000,0.0483,0.0035,0.0004,0.0000,0.0000,0.0000,0.0000,0.0000,0.4110,0.0012,0.0000,0.0000,0.0000,0.0000,0.0000,0.0029,0.4585,0.0001,0.0000,0.0000,0.0000,0.0000,0.0000,0.0150,0.0203,0.0000,0.0000,0.0000,0.0000,0.0000,0.0000,0.0024,0.0001,0.0000,0.0000,0.0000,0.0000,0.0000,0.0013,0.0000,0.0000,0.0000,0.0000,0.0000,0.0000,0.0000
olympus/pic.0379.jpg,0.0000,0.0000,0.0000,0.0000,0.0000,0.0000,0.0000,0.0000,0.0000,0.0000,0.0000,0.0000,0.0000,0.0000,0.0000,0.0000,0.0000,0.0000,0.0241,0.0000,0.0000,0.0000,0.0000,0.0000,0.0000,0.0000,0.8183,0.0001,0.0000,0.0000,0.0000,0.0000,0.0000,0.0021,0.1117,0.0000,0.0000,0.0000,0.0000,0.0000,0.0000,0.0150,0.0045,0.0000,0.0000,0.0000,0.0000,0.0000,0.0080,0.0111,0.0003,0.0000,0.0000,0.0000,0.0000,0.0000,0.0047,0.0000,0.0000,0.0000,0.0000,0.0000,0.0000,0.0000
olympus/pic.0380.jpg,0.0017,0.0005,0.0009,0.0005,0.0008,0.0006,0.0005,0.0245,0.0005,0.0006,0.0219,0.0020,0.0020,0.0013,0.0033,0.0002,0.0007,0.0026,0.6899,0.1198,0.0148,0.0063,0.0007,0.0000,0.0013,0.0042,0.0342,0.0118,0.0066,0.0002,0.0000,0.0000,0.0012,0.0110,0.0029,0.0015,0.0012,0.0000,0.0000,0.0000,0.0018,0.0104,0.0010,0.0000,0.0000,0.0000,0.0000,0.0000,0.0045,0.0020,0.0002,0.0000,0.0000,0.0000,0.0000,0.0000,0.0072,0.0000,0.0000,0.0000,0.0000,0.0000,0.0000,0.0000
olympus/pic.0381.jpg,0.0001,0.0001,0.0002,0.0000,0.0000,0.0000,0.0000,0.0000,0.0001,0.0001,0.0338,0.0002,0.0000,0.0000,0.0000,0.0000,0.0000,0.0002,0.7905,0.0039,0.0001,0.0000,0.0000,0.0000,0.0000,0.0017,0.1151,0.0033,0.0002,0.0000,0.0000,0.0000,0.0001,0.0114,0.0231,0.0009,0.0000,0.0000,0.0000,0.0000,0.0013,0.0086,0.0019,0.0000,0.0000,0.0000,0.0000,0.0000,0.0020,0.0003,0.0000,0.0000,0.0000,0.0000,0.0000,0.0000,0.0008,0.0000,0.0000,0.0000,0.0000,0.0000,0.0000,0.0000
olympus/pic.0382.jpg,0.0010,0.0005,0.0007,0.0001,0.0000,0.0000,0.0000,0.0001,0.0001,0.0003,0.0186,0.0001,0.0000,0.0000,0.0000,0.0000,0.0001,0.0006,0.7491,0.0047,0.0000,0.0000,0.0000,0.0000,0.0001,0.0013,0.1583,0.0042,0.0001,0.0000,0.0000,0.0000,0.0001,0.0038,0.0274,0.0007,0.0001,0.0000,0.0000,0.0000,0.0007,0.0025,0.0165,0.0000,0.0000,0.0000,0.0000,0.0000,0.0009,0.0047,0.0016,0.0000,0.0000,0.0000,0.0000,0.0000,0.0009,0.0000,0.0000,0.0000,0.0000,0.0000,0.0000,0.0000
olympus/pic.0383.jpg,0.0073,0.0018,0.0013,0.0005,0.0019,0.0011,0.0006,0.0290,0.0007,0.0013,0.0037,0.0109,0.0045,0.0029,0.0032,0.0002,0.0002,0.0026,0.6451,0.1989,0.0133,0.0048,0.0003,0.0000,0.0003,0.0006,0.0221,0.0187,0.0098,0.0001,0.0000,0.0000,0.0003,0.0003,0.0014,0.0018,0.0009,0.0000,0.0000,0.0000,0.0002,0.0001,0.0013,0.0001,0.0000,0.0000,0.0000,0.0000,0.0002,0.0008,0.0002,0.0000,0.0000,0.0000,0.0000,0.0000,0.0048,0.0000,0.0000,0.0000,0.0000,0.0000,0.0000,0.0000
olympus/pic.0384.jpg,0.0003,0.0002,0.0002,0.0001,0.0001,0.0001,0.0001,0.0006,0.0001,0.0007,0.0032,0.0022,0.0007,0.0001,0.0001,0.0000,0.0001,0.0019,0.7332,0.2282,0.0057,0.0004,0.0000,0.0000,0.0000,0.0000,0.0146,0.0059,0.0006,0.0000,0.0000,0.0000,0.0000,0.0000,0.0000,0.0001,0.0000,0.0000,0.0000,0.0000,0.0000,0.0000,0.0000,0.0000,0.0000,0.0000,0.0000,0.0000,0.0000,0.0000,0.0000,0.0000,0.0000,0.0000,0.0000,0.0000,0.0001,0.0000,0.0000,0.0000,0.0000,0.0000,0.0000,0.0000
olympus/pic.0385.jpg,0.0105,0.0026,0.0283,0.0097,0.0011,0.0009,0.0001,0.0034,0.0011,0.0021,0.1193,0.0092,0.0011,0.0000,0.0001,0.0000,0.0012,0.0034,0.7325,0.0162,0.0012,0.0005,0.0002,0.0000,0.0008,0.0027,0.0244,0.0089,0.0021,0.0000,0.0000,0.0000,0.0010,0.0016,0.0013,0.0011,0.0006,0.0000,0.0000,0.0000,0.0007,0.0006,0.0007,0.0000,0.0000,0.0000,0.0000,0.0000,0.0006,0.0004,0.0001,0.0000,0.0000,0.0000,0.0000,0.0000,0.0079,0.0000,0.0000,0.0000,0.0000,0.0000,0.0000,0.0000
olympus/pic.0386.jpg,0.0000,0.0000,0.0000,0.0001,0.0000,0.0000,0.0000,0.0000,0.0000,0.0000,0.0003,0.0011,0.0000,0.0000,0.0000,0.0000,0.0000,0.0000,0.3395,0.0016,0.0000,0.0000,0.0000,0.0000,0.0000,0.0002,0.1756,0.0005,0.0000,0.0000,0.0000,0.0000,0.0001,0.0121,0.4164,0.0000,0.0000,0.0000,0.0000,0.0000,0.0002,0.0074,0.0402,0.0000,0.0000,0.0000,0.0000,0.0000,0.0004,0.0011,0.0001,0.0000,0.0000,0.0000,0.0000,0.0000,0.0032,0.0000,0.0000,0.0000,0.0000,0.0000,0.0000,0.0000
olympus/pic.0387.jpg,0.0000,0.0000,0.0000,0.0001,0.0000,0.0000,0.0000,0.0000,0.0000,0.0000,0.0019,0.0106,0.0000,0.0000,0.0000,0.0000,0.0000,0.0000,0.5637,0.0122,0.0000,0.0000,0.0000,0.0000,0.0000,0.0001,0.1035,0.0010,0.0000,0.0000,0.0000,0.0000,0.0000,0.0042,0.2699,0.0002,0.0000,0.0000,0.0000,0.0000,0.0001,0.0031,0.0238,0.0000,0.0000,0.0000,0.0000,0.0000,0.0004,0.0007,0.0000,0.0000,0.0000,0.0000,0.0000,0.0000,0.0043,0.0000,0.0000,0.0000,0.0000,0.0000,0.0000,0.0000
olympus/pic.0388.jpg,0.0002,0.0000,0.0000,0.0000,0.0000,0.0000,0.0000,0.0003,0.0000,0.0000,0.0001,0.0009,0.0001,0.0000,0.0000,0.0000,0.0000,0.0001,0.5353,0.0089,0.0000,0.0000,0.0000,0.0000,0.0000,0.0004,0.1109,0.0007,0.0000,0.0000,0.0000,0.0000,0.0001,0.0054,0.2969,0.0001,0.0000,0.0000,0.0000,0.0000,0.0002,0.0058,0.0261,0.0000,0.0000,0.0000,0.0000,0.0000,0.0006,0.0015,0.0000,0.0000,0.0000,0.0000,0.0000,0.0000,0.0053,0.0000,0.0000,0.0000,0.0000,0.0000,0.0000,0.0000
olympus/pic.0389.jpg,0.0026,0.0014,0.0036,0.0011,0.0006,0.0007,0.0002,0.0094,0.0005,0.0008,0.0652,0.0230,0.0146,0.0003,0.0013,0.0001,0.0003,0.0020,0.3576,0.2954,0.0203,0.0050,0.0008,0.0000,0.0003,0.0014,0.0693,0.0918,0.0183,0.0007,0.0000,0.0000,0.0003,0.0011,0.0018,0.0025,0.0017,0.0000,0.0000,0.0000,0.0002,0.0003,0.0007,0.0000,0.0000,0.0000,0.0000,0.0000,0.0002,0.0004,0.0002,0.0000,0.0000,0.0000,0.0000,0.0000,0.0020,0.0000,0.0000,0.0000,0.0000,0.0000,0.0000,0.0000
olympus/pic.0390.jpg,0.0008,0.0004,0.0013,0.0014,0.0009,0.0006,0.0004,0.0136,0.0001,0.0003,0.0207,0.0163,0.0154,0.0008,0.0025,0.0002,0.0001,0.0007,0.2735,0.3136,0.0372,0.0107,0.0015,0.0000,0.0001,0.0004,0.0594,0.1640,0.0433,0.0014,0.0000,0.0000,0.0001,0.0004,0.0018,0.0073,0.0039,0.0000,0.0000,0.0000,0.0001,0.0002,0.0014,0.0002,0.0000,0.0000,0.0000,0.0000,0.0001,0.0005,0.0003,0.0000,0.0000,0.0000,0.0000,0.0000,0.0022,0.0000,0.0000,0.0000,0.0000,0.0000,0.0000,0.0000
olympus/pic.0391.jpg,0.0020,0.0020,0.0040,0.0010,0.0009,0.0004,0.0002,0.0021,0.0001,0.0004,0.0360,0.0310,0.0013,0.0003,0.0002,0.0000,0.0000,0.0004,0.8005,0.0987,0.0016,0.0004,0.0000,0.0000,0.0000,0.0001,0.0124,0.0027,0.0004,0.0000,0.0000,0.0000,0.0000,0.0000,0.0001,0.0001,0.0001,0.0000,0.0000,0.0000,0.0000,0.0000,0.0000,0.0000,0.0000,0.0000,0.0000,0.0000,0.0000,0.0000,0.0000,0.0000,0.0000,0.0000,0.0000,0.0000,0.0002,0.0000,0.0000,0.0000,0.0000,0.0000,0.0000,0.0000
olympus/pic.0392.jpg,0.0013,0.0008,0.0017,0.0074,0.0073,0.0030,0.0015,0.0093,0.0001,0.0003,0.0155,0.0524,0.0137,0.0019,0.0012,0.0001,0.0001,0.0003,0.5238,0.3101,0.0109,0.0015,0.0002,0.0000,0.0000,0.0001,0.0269,0.0062,0.0008,0.0000,0.0000,0.0000,0.0001,0.0000,0.0004,0.0003,0.0002,0.0000,0.0000,0.0000,0.0000,0.0000,0.0002,0.0000,0.0000,0.0000,0.0000,0.0000,0.0000,0.0001,0.0000,0.0000,0.0000,0.0000,0.0000,0.0000,0.0006,0.0000,0.0000,0.0000,0.0000,0.0000,0.0000,0.0000
olympus/pic.0393.jpg,0.0019,0.0020,0.0027,0.0027,0.0015,0.0006,0.0003,0.0025,0.0001,0.0005,0.0764,0.0587,0.0021,0.0002,0.0002,0.0000,0.0000,0.0005,0.7307,0.1066,0.0011,0.0002,0.0000,0.0000,0.0001,0.0001,0.0065,0.0010,0.0003,0.0000,0.0000,0.0000,0.0000,0.0000,0.0001,0.0000,0.0001,0.0000,0.0000,0.0000,0.0000,0.0000,0.0000,0.0000,0.0000,0.0000,0.0000,0.0000,0.0000,0.0000,0.0000,0.0000,0.0000,0.0000,0.0000,0.0000,0.0001,0.0000,0.0000,0.0000,0.0000,0.0000,0.0000,0.0000
olympus/pic.0394.jpg,0.0071,0.0052,0.0078,0.0045,0.0042,0.0018,0.0008,0.0081,0.0005,0.0016,0.0710,0.0452,0.0066,0.0008,0.0006,0.0000,0.0002,0.0015,0.6786,0.1395,0.0037,0.0005,0.0001,0.0000,0.0002,0.0004,0.0059,0.0014,0.0004,0.0000,0.0000,0.0000,0.0001,0.0001,0.0002,0.0001,0.0001,0.0000,0.0000,0.0000,0.0001,0.0000,0.0001,0.0000,0.0000,0.0000,0.0000,0.0000,0.0000,0.0000,0.0000,0.0000,0.0000,0.0000,0.0000,0.0000,0.0006,0.0000,0.0000,0.0000,0.0000,0.0000,0.0000,0.0000
olympus/pic.0395.jpg,0.0002,0.0003,0.0008,0.0001,0.0000,0.0000,0.0000,0.0004,0.0000,0.0002,0.0744,0.0003,0.0001,0.0000,0.0001,0.0000,0.0001,0.0003,0.4402,0.1406,0.0002,0.0001,0.0000,0.0000,0.0001,0.0006,0.2082,0.0220,0.0005,0.0000,0.0000,0.0000,0.0001,0.0008,0.0840,0.0015,0.0003,0.0000,0.0000,0.0000,0.0001,0.0057,0.0135,0.0000,0.0000,0.0000,0.0000,0.0000,0.0002,0.0010,0.0001,0.0000,0.0000,0.0000,0.0000,0.0000,0.0028,0.0000,0.0000,0.0000,0.0000,0.0000,0.0000,0.0000
olympus/pic.0396.jpg,0.0003,0.0001,0.0001,0.0002,0.0001,0.0000,0.0000,0.0003,0.0001,0.0001,0.0019,0.0007,0.0001,0.0000,0.0000,0.0000,0.0000,0.0012,0.9550,0.0006,0.0000,0.0000,0.0000,0.0000,0.0000,0.0029,0.0035,0.0001,0.0000,0.0000,0.0000,0.0000,0.0001,0.0036,0.0002,0.0000,0.0000,0.0000,0.0000,0.0000,0.0022,0.0033,0.0000,0.0000,0.0000,0.0000,0.0000,0.0000,0.0177,0.0001,0.0000,0.0000,0.0000,0.0000,0.0000,0.0000,0.0054,0.0000,0.0000,0.0000,0.0000,0.0000,0.0000,0.0000
olympus/pic.0397.jpg,0.0001,0.0001,0.0003,0.0000,0.0000,0.0000,0.0000,0.0002,0.0000,0.0000,0.0876,0.0002,0.0000,0.0000,0.0000,0.0000,0.0000,0.0001,0.4973,0.0471,0.0001,0.0001,0.0000,0.0000,0.0001,0.0006,0.3048,0.0071,0.0003,0.0000,0.0000,0.0000,0.0001,0.0032,0.0269,0.0010,0.0003,0.0000,0.0000,0.0000,0.0011,0.0056,0.0014,0.0000,0.0000,0.0000,0.0000,0.0000,0.0098,0.0011,0.0001,0.0000,0.0000,0.0000,0.0000,0.0000,0.0034,0.0000,0.0000,0.0000,0.0000,0.0000,0.0000,0.0000
olympus/pic.0398.jpg,0.0008,0.0008,0.0009,0.0001,0.0000,0.0000,0.0000,0.0000,0.0001,0.0010,0.0180,0.0002,0.0000,0.0000,0.0000,0.0000,0.0001,0.0008,0.8333,0.0004,0.0000,0.0000,0.0000,0.0000,0.0001,0.0013,0.0815,0.0005,0.0000,0.0000,0.0000,0.0000,0.0001,0.0023,0.0471,0.0001,0.0000,0.0000,0.0000,0.0000,0.0010,0.0012,0.0003,0.0000,0.0000,0.0000,0.0000,0.0000,0.0046,0.0001,0.0000,0.0000,0.0000,0.0000,0.0000,0.0000,0.0035,0.0000,0.0000,0.0000,0.0000,0.0000,0.0000,0.0000
olympus/pic.0399.jpg,0.0003,0.0001,0.0003,0.0006,0.0006,0.0004,0.0004,0.0032,0.0001,0.0001,0.0155,0.0304,0.0030,0.0006,0.0006,0.0000,0.0000,0.0003,0.5304,0.2058,0.0237,0.0016,0.0002,0.0000,0.0000,0.0013,0.1361,0.0147,0.0025,0.0001,0.0000,0.0000,0.0001,0.0028,0.0084,0.0017,0.0004,0.0000,0.0000,0.0000,0.0012,0.0022,0.0012,0.0000,0.0000,0.0000,0.0000,0.0000,0.0049,0.0007,0.0002,0.0000,0.0000,0.0000,0.0000,0.0000,0.0035,0.0000,0.0000,0.0000,0.0000,0.0000,0.0000,0.0000
olympus/pic.0400.jpg,0.0002,0.0000,0.0000,0.0000,0.0000,0.0000,0.0000,0.0000,0.0002,0.0003,0.0006,0.0002,0.0000,0.0000,0.0000,0.0000,0.0002,0.0035,0.8999,0.0018,0.0000,0.0000,0.0000,0.0000,0.0002,0.0027,0.0712,0.0118,0.0004,0.0000,0.0000,0.0000,0.0001,0.0005,0.0018,0.0019,0.0001,0.0000,0.0000,0.0000,0.0001,0.0002,0.0004,0.0000,0.0000,0.0000,0.0000,0.0000,0.0001,0.0003,0.0000,0.0000,0.0000,0.0000,0.0000,0.0000,0.0012,0.0000,0.0000,0.0000,0.0000,0.0000,0.0000,0.0000
olympus/pic.0401.jpg,0.0027,0.0062,0.0076,0.0003,0.0006,0.0002,0.0000,0.0024,0.0003,0.0112,0.0620,0.0030,0.0002,0.0000,0.0000,0.0000,0.0002,0.0013,0.7891,0.0023,0.0001,0.0001,0.0000,0.0000,0.0002,0.0009,0.0979,0.0015,0.0002,0.0000,0.0000,0.0000,0.0002,0.0007,0.0021,0.0005,0.0006,0.0000,0.0000,0.0000,0.0002,0.0004,0.0005,0.0000,0.0000,0.0000,0.0000,0.0000,0.0002,0.0003,0.0000,0.0000,0.0000,0.0000,0.0000,0.0000,0.0035,0.0000,0.0000,0.0000,0.0000,0.0000,0.0000,0.0000
olympus/pic.0402.jpg,0.0000,0.0000,0.0000,0.0001,0.0000,0.0000,0.0000,0.0000,0.0000,0.0004,0.0016,0.0010,0.0000,0.0000,0.0000,0.0000,0.0000,0.0002,0.3954,0.0000,0.0000,0.0000,0.0000,0.0000,0.0000,0.0132,0.1890,0.0047,0.0000,0.0000,0.0000,0.0000,0.0000,0.2808,0.0992,0.0000,0.0000,0.0000,0.0000,0.0000,0.0000,0.0129,0.0003,0.0000,0.0000,0.0000,0.0000,0.0000,0.0002,0.0006,0.0000,0.0000,0.0000,0.0000,0.0000,0.0000,0.0003,0.0000,0.0000,0.0000,0.0000,0.0000,0.0000,0.0000
olympus/pic.0403.jpg,0.0000,0.0002,0.0006,0.0000,0.0000,0.0000,0.0000,0.0000,0.0000,0.0006,0.0548,0.0001,0.0000,0.0000,0.0000,0.0000,0.0000,0.0003,0.7838,0.0010,0.0000,0.0000,0.0000,0.0000,0.0000,0.0008,0.0923,0.0085,0.0000,0.0000,0.0000,0.0000,0.0000,0.0067,0.0371,0.0005,0.0000,0.0000,0.0000,0.0000,0.0001,0.0095,0.0005,0.0000,0.0000,0.0000,0.0000,0.0000,0.0001,0.0021,0.0000,0.0000,0.0000,0.0000,0.0000,0.0000,0.0002,0.0000,0.0000,0.0000,0.0000,0.0000,0.0000,0.0000
olympus/pic.0404.jpg,0.0008,0.0137,0.0001,0.0000,0.0000,0.0000,0.0000,0.0000,0.0000,0.0015,0.0023,0.0000,0.0000,0.0000,0.0000,0.0000,0.0000,0.0000,0.8653,0.0011,0.0000,0.0000,0.0000,0.0000,0.0000,0.0000,0.0171,0.0610,0.0002,0.0000,0.0000,0.0000,0.0000,0.0000,0.0003,0.0359,0.0001,0.0000,0.0000,0.0000,0.0000,0.0000,0.0002,0.0000,0.0000,0.0000,0.0000,0.0000,0.0000,0.0001,0.0000,0.0000,0.0000,0.0000,0.0000,0.0000,0.0002,0.0000,0.0000,0.0000,0.0000,0.0000,0.0000,0.0000
olympus/pic.0405.jpg,0.0015,0.0031,0.0009,0.0012,0.0028,0.0034,0.0043,0.1227,0.0001,0.0039,0.0086,0.0100,0.0267,0.0189,0.0255,0.0013,0.0002,0.0004,0.1054,0.4479,0.1321,0.0336,0.0022,0.0000,0.0002,0.0004,0.0016,0.0278,0.0086,0.0003,0.0000,0.0000,0.0002,0.0001,0.0002,0.0008,0.0008,0.0000,0.0000,0.0000,0.0001,0.0000,0.0002,0.0000,0.0000,0.0000,0.0000,0.0000,0.0001,0.0001,0.0001,0.0000,0.0000,0.0000,0.0000,0.0000,0.0014,0.0000,0.0000,0.0000,0.0000,0.0000,0.0000,0.0000
olympus/pic.0406.jpg,0.0036,0.0118,0.0058,0.0031,0.0015,0.0018,0.0001,0.0017,0.0005,0.0050,0.0963,0.0363,0.0024,0.0000,0.0000,0.0000,0.0005,0.0010,0.3345,0.0294,0.0007,0.0001,0.0002,0.0000,0.0005,0.0019,0.3581,0.0636,0.0004,0.0000,0.0000,0.0000,0.0003,0.0036,0.0095,0.0171,0.0010,0.0000,0.0000,0.0000,0.0004,0.0008,0.0017,0.0000,0.0000,0.0000,0.0000,0.0000,0.0002,0.0010,0.0002,0.0000,0.0000,0.0000,0.0000,0.0000,0.0035,0.0001,0.0000,0.0000,0.0000,0.0000,0.0000,0.0000
olympus/pic.0407.jpg,0.0001,0.0003,0.0000,0.0000,0.0000,0.0008,0.0001,0.0000,0.0001,0.0201,0.0008,0.0007,0.0009,0.0002,0.0000,0.0000,0.0002,0.0006,0.7452,0.0015,0.0000,0.0000,0.0000,0.0000,0.0001,0.0002,0.1150,0.1067,0.0002,0.0000,0.0000,0.0000,0.0001,0.0027,0.0020,0.0004,0.0000,0.0000,0.0000,0.0000,0.0000,0.0000,0.0003,0.0000,0.0000,0.0000,0.0000,0.0000,0.0000,0.0001,0.0000,0.0000,0.0000,0.0000,0.0000,0.0000,0.0004,0.0000,0.0000,0.0000,0.0000,0.0000,0.0000,0.0000
olympus/pic.0408.jpg,0.0048,0.0030,0.0035,0.0014,0.0018,0.0010,0.0007,0.0083,0.0003,0.0011,0.1153,0.0165,0.0035,0.0006,0.0011,0.0000,0.0004,0.0014,0.3716,0.3377,0.0284,0.0033,0.0003,0.0000,0.0002,0.0003,0.0013,0.0729,0.0179,0.0001,0.0000,0.0000,0.0001,0.0001,0.0001,0.0001,0.0002,0.0000,0.0000,0.0000,0.0001,0.0000,0.0000,0.0000,0.0000,0.0000,0.0000,0.0000,0.0001,0.0000,0.0000,0.0000,0.0000,0.0000,0.0000,0.0000,0.0005,0.0000,0.0000,0.0000,0.0000,0.0000,0.0000,0.0000
olympus/pic.0409.jpg,0.0055,0.0019,0.0030,0.0022,0.0042,0.0030,0.0014,0.0285,0.0008,0.0012,0.2710,0.0141,0.0055,0.0008,0.0027,0.0004,0.0007,0.0018,0.4240,0.1808,0.0132,0.0057,0.0012,0.0000,0.0005,0.0007,0.0105,0.0055,0.0036,0.0003,0.0000,0.0000,0.0003,0.0003,0.0004,0.0005,0.0006,0.0000,0.0000,0.0000,0.0003,0.0001,0.0002,0.0000,0.0000,0.0000,0.0000,0.0000,0.0001,0.0001,0.0001,0.0000,0.0000,0.0000,0.0000,0.0000,0.0024,0.0000,0.0000,0.0000,0.0000,0.0000,0.0000,0.0000
olympus/pic.0410.jpg,0.0065,0.0013,0.0009,0.0005,0.0007,0.0003,0.0002,0.0034,0.0009,0.0022,0.0228,0.0330,0.0022,0.0004,0.0005,0.0000,0.0004,0.0028,0.4295,0.2993,0.0065,0.0007,0.0001,0.0000,0.0003,0.0036,0.0488,0.0431,0.0022,0.0000,0.0000,0.0000,0.0007,0.0051,0.0005,0.0001,0.0001,0.0000,0.0000,0.0000,0.0252,0.0027,0.0001,0.0000,0.0000,0.0000,0.0000,0.0000,0.0497,0.0001,0.0000,0.0000,0.0000,0.0000,0.0000,0.0000,0.0030,0.0000,0.0000,0.0000,0.0000,0.0000,0.0000,0.0000
olympus/pic.0411.jpg,0.0010,0.0005,0.0011,0.0011,0.0017,0.0011,0.0009,0.0145,0.0001,0.0002,0.0088,0.0324,0.0078,0.0018,0.0027,0.0002,0.0001,0.0006,0.3873,0.3338,0.0408,0.0051,0.0006,0.0000,0.0001,0.0007,0.0095,0.0688,0.0235,0.0002,0.0000,0.0000,0.0002,0.0087,0.0101,0.0005,0.0002,0.0000,0.0000,0.0000,0.0002,0.0281,0.0015,0.0000,0.0000,0.0000,0.0000,0.0000,0.0003,0.0013,0.0001,0.0000,0.0000,0.0000,0.0000,0.0000,0.0020,0.0000,0.0000,0.0000,0.0000,0.0000,0.0000,0.0000
olympus/pic.0412.jpg,0.0031,0.0022,0.0013,0.0027,0.0087,0.0051,0.0011,0.0059,0.0026,0.0012,0.1529,0.0054,0.0057,0.0003,0.0006,0.0001,0.0008,0.0045,0.4814,0.1431,0.0085,0.0014,0.0003,0.0000,0.0006,0.0030,0.1037,0.0068,0.0022,0.0001,0.0000,0.0000,0.0010,0.0095,0.0079,0.0006,0.0003,0.0000,0.0000,0.0000,0.0044,0.0075,0.0011,0.0000,0.0000,0.0000,0.0000,0.0000,0.0029,0.0012,0.0001,0.0000,0.0000,0.0000,0.0000,0.0000,0.0080,0.0000,0.0000,0.0000,0.0000,0.0000,0.0000,0.0000
olympus/pic.0413.jpg,0.0005,0.0002,0.0003,0.0001,0.0001,0.0001,0.0000,0.0031,0.0001,0.0001,0.0007,0.0007,0.0003,0.0001,0.0004,0.0001,0.0001,0.0005,0.3445,0.4726,0.0019,0.0012,0.0001,0.0000,0.0002,0.0004,0.0582,0.0983,0.0051,0.0001,0.0000,0.0000,0.0002,0.0003,0.0023,0.0031,0.0007,0.0000,0.0000,0.0000,0.0001,0.0001,0.0008,0.0000,0.0000,0.0000,0.0000,0.0000,0.0001,0.0004,0.0002,0.0000,0.0000,0.0000,0.0000,0.0000,0.0015,0.0000,0.0000,0.0000,0.0000,0.0000,0.0000,0.0000
olympus/pic.0414.jpg,0.0010,0.0002,0.0002,0.0000,0.0001,0.0001,0.0000,0.0015,0.0006,0.0010,0.0115,0.0001,0.0000,0.0000,0.0003,0.0000,0.0007,0.0065,0.5367,0.0076,0.0008,0.0014,0.0002,0.0000,0.0008,0.0116,0.2229,0.0077,0.0065,0.0003,0.0000,0.0000,0.0242,0.0300,0.0129,0.0007,0.0005,0.0000,0.0000,0.0000,0.0809,0.0096,0.0022,0.0000,0.0000,0.0000,0.0000,0.0000,0.0131,0.0007,0.0000,0.0000,0.0000,0.0000,0.0000,0.0000,0.0049,0.0000,0.0000,0.0000,0.0000,0.0000,0.0000,0.0000
olympus/pic.0415.jpg,0.0004,0.0001,0.0002,0.0001,0.0001,0.0001,0.0001,0.0018,0.0002,0.0001,0.0008,0.0008,0.0005,0.0001,0.0003,0.0000,0.0003,0.0008,0.4303,0.3881,0.0251,0.0007,0.0001,0.0000,0.0006,0.0405,0.0260,0.0045,0.0007,0.0000,0.0000,0.0000,0.0015,0.0688,0.0004,0.0002,0.0001,0.0000,0.0000,0.0000,0.0014,0.0002,0.0002,0.0000,0.0000,0.0000,0.0000,0.0000,0.0011,0.0001,0.0000,0.0000,0.0000,0.0000,0.0000,0.0000,0.0023,0.0000,0.0000,0.0000,0.0000,0.0000,0.0000,0.0000
olympus/pic.0416.jpg,0.0038,0.0025,0.0027,0.0006,0.0004,0.0003,0.0002,0.0128,0.0011,0.0053,0.0705,0.0022,0.0012,0.0006,0.0020,0.0001,0.0003,0.0099,0.6552,0.0937,0.0081,0.0047,0.0005,0.0000,0.0005,0.0076,0.0260,0.0051,0.0050,0.0003,0.0000,0.0000,0.0009,0.0263,0.0015,0.0003,0.0003,0.0000,0.0000,0.0000,0.0092,0.0163,0.0002,0.0000,0.0000,0.0000,0.0000,0.0000,0.0176,0.0007,0.0001,0.0000,0.0000,0.0000,0.0000,0.0000,0.0035,0.0000,0.0000,0.0000,0.0000,0.0000,0.0000,0.0000
olympus/pic.0417.jpg,0.0018,0.0007,0.0006,0.0003,0.0021,0.0011,0.0007,0.0435,0.0004,0.0004,0.0035,0.0089,0.0061,0.0024,0.0039,0.0001,0.0001,0.0020,0.4852,0.3250,0.0166,0.0071,0.0009,0.0000,0.0001,0.0007,0.0271,0.0342,0.0158,0.0004,0.0000,0.0000,0.0002,0.0009,0.0013,0.0015,0.0005,0.0000,0.0000,0.0000,0.0002,0.0003,0.0006,0.0000,0.0000,0.0000,0.0000,0.0000,0.0002,0.0004,0.0001,0.0000,0.0000,0.0000,0.0000,0.0000,0.0023,0.0000,0.0000,0.0000,0.0000,0.0000,0.0000,0.0000
olympus/pic.0418.jpg,0.0017,0.0013,0.0010,0.0003,0.0009,0.0004,0.0003,0.0152,0.0003,0.0021,0.0247,0.0057,0.0017,0.0009,0.0034,0.0001,0.0001,0.0013,0.2980,0.5285,0.0225,0.0079,0.0004,0.0000,0.0001,0.0010,0.0418,0.0239,0.0060,0.0001,0.0000,0.0000,0.0001,0.0043,0.0008,0.0009,0.0004,0.0000,0.0000,0.0000,0.0003,0.0002,0.0003,0.0000,0.0000,0.0000,0.0000,0.0000,0.0001,0.0001,0.0001,0.0000,0.0000,0.0000,0.0000,0.0000,0.0010,0.0000,0.0000,0.0000,0.0000,0.0000,0.0000,0.0000
olympus/pic.0419.jpg,0.0017,0.0009,0.0010,0.0007,0.0006,0.0003,0.0002,0.0022,0.0004,0.0021,0.2160,0.0226,0.0015,0.0002,0.0003,0.0000,0.0002,0.0044,0.5865,0.1228,0.0018,0.0007,0.0001,0.0000,0.0003,0.0020,0.0145,0.0123,0.0014,0.0001,0.0000,0.0000,0.0002,0.0002,0.0003,0.0004,0.0002,0.0000,0.0000,0.0000,0.0001,0.0001,0.0001,0.0000,0.0000,0.0000,0.0000,0.0000,0.0001,0.0001,0.0000,0.0000,0.0000,0.0000,0.0000,0.0000,0.0006,0.0000,0.0000,0.0000,0.0000,0.0000,0.0000,0.0000
olympus/pic.0421.jpg,0.0100,0.0032,0.0054,0.0011,0.0009,0.0004,0.0002,0.0086,0.0036,0.0021,0.0533,0.0063,0.0043,0.0017,0.0014,0.0001,0.0019,0.0058,0.7127,0.1153,0.0230,0.0023,0.0003,0.0000,0.0018,0.0012,0.0201,0.0035,0.0019,0.0000,0.0000,0.0000,0.0010,0.0006,0.0008,0.0005,0.0003,0.0000,0.0000,0.0000,0.0002,0.0003,0.0004,0.0000,0.0000,0.0000,0.0000,0.0000,0.0003,0.0002,0.0001,0.0000,0.0000,0.0000,0.0000,0.0000,0.0027,0.0000,0.0000,0.0000,0.0000,0.0000,0.0000,0.0000
olympus/pic.0422.jpg,0.0008,0.0012,0.0026,0.0018,0.0024,0.0015,0.0007,0.0023,0.0001,0.0003,0.0348,0.1251,0.0186,0.0006,0.0003,0.0000,0.0000,0.0003,0.3652,0.4070,0.0127,0.0006,0.0001,0.0000,0.0000,0.0001,0.0036,0.0148,0.0014,0.0000,0.0000,0.0000,0.0000,0.0000,0.0001,0.0005,0.0002,0.0000,0.0000,0.0000,0.0000,0.0000,0.0001,0.0000,0.0000,0.0000,0.0000,0.0000,0.0000,0.0000,0.0000,0.0000,0.0000,0.0000,0.0000,0.0000,0.0002,0.0000,0.0000,0.0000,0.0000,0.0000,0.0000,0.0000
olympus/pic.0423.jpg,0.0001,0.0003,0.0002,0.0000,0.0000,0.0000,0.0000,0.0001,0.0000,0.0003,0.1188,0.0393,0.0022,0.0001,0.0001,0.0000,0.0000,0.0000,0.3352,0.4531,0.0145,0.0003,0.0000,0.0000,0.0000,0.0000,0.0114,0.0211,0.0007,0.0000,0.0000,0.0000,0.0000,0.0001,0.0011,0.0004,0.0000,0.0000,0.0000,0.0000,0.0000,0.0000,0.0002,0.0000,0.0000,0.0000,0.0000,0.0000,0.0000,0.0001,0.0000,0.0000,0.0000,0.0000,0.0000,0.0000,0.0001,0.0000,0.0000,0.0000,0.0000,0.0000,0.0000,0.0000
olympus/pic.0424.jpg,0.0004,0.0001,0.0002,0.0001,0.0001,0.0002,0.0003,0.0060,0.0001,0.0001,0.0302,0.0013,0.0037,0.0019,0.0022,0.0001,0.0001,0.0004,0.6121,0.2030,0.0380,0.0047,0.0002,0.0000,0.0002,0.0008,0.0515,0.0218,0.0040,0.0000,0.0000,0.0000,0.0002,0.0012,0.0054,0.0023,0.0003,0.0000,0.0000,0.0000,0.0001,0.0006,0.0015,0.0001,0.0000,0.0000,0.0000,0.0000,0.0002,0.0008,0.0002,0.0000,0.0000,0.0000,0.0000,0.0000,0.0034,0.0000,0.0000,0.0000,0.0000,0.0000,0.0000,0.0000
olympus/pic.0425.jpg,0.0090,0.0019,0.0012,0.0003,0.0002,0.0001,0.0000,0.0017,0.0013,0.0054,0.0130,0.0012,0.0002,0.0001,0.0002,0.0000,0.0008,0.0110,0.6491,0.1498,0.0054,0.0012,0.0001,0.0000,0.0006,0.0013,0.0062,0.1284,0.0075,0.0001,0.0000,0.0000,0.0006,0.0003,0.0003,0.0005,0.0002,0.0000,0.0000,0.0000,0.0003,0.0000,0.0001,0.0000,0.0000,0.0000,0.0000,0.0000,0.0001,0.0001,0.0000,0.0000,0.0000,0.0000,0.0000,0.0000,0.0004,0.0000,0.0000,0.0000,0.0000,0.0000,0.0000,0.0000
olympus/pic.0426.jpg,0.0119,0.0057,0.0052,0.0016,0.0014,0.0007,0.0003,0.0060,0.0030,0.0031,0.4066,0.0041,0.0016,0.0003,0.0005,0.0000,0.0016,0.0051,0.4664,0.0472,0.0040,0.0009,0.0002,0.0000,0.0011,0.0021,0.0092,0.0023,0.0008,0.0001,0.0000,0.0000,0.0015,0.0010,0.0003,0.0002,0.0002,0.0000,0.0000,0.0000,0.0007,0.0001,0.0002,0.0000,0.0000,0.0000,0.0000,0.0000,0.0003,0.0001,0.0000,0.0000,0.0000,0.0000,0.0000,0.0000,0.0021,0.0000,0.0000,0.0000,0.0000,0.0000,0.0000,0.0000
olympus/pic.0427.jpg,0.0054,0.0023,0.0024,0.0012,0.0010,0.0005,0.0002,0.0058,0.0013,0.0014,0.0680,0.0043,0.0010,0.0004,0.0008,0.0000,0.0005,0.0058,0.7803,0.0772,0.0067,0.0017,0.0002,0.0000,0.0005,0.0016,0.0169,0.0045,0.0018,0.0001,0.0000,0.0000,0.0004,0.0006,0.0008,0.0006,0.0003,0.0000,0.0000,0.0000,0.0003,0.0001,0.0004,0.0000,0.0000,0.0000,0.0000,0.0000,0.0003,0.0001,0.0000,0.0000,0.0000,0.0000,0.0000,0.0000,0.0022,0.0000,0.0000,0.0000,0.0000,0.0000,0.0000,0.0000
olympus/pic.0428.jpg,0.0052,0.0031,0.0072,0.0033,0.0017,0.0007,0.0005,0.0060,0.0012,0.0022,0.1229,0.0085,0.0026,0.0005,0.0009,0.0001,0.0012,0.0042,0.6055,0.1885,0.0080,0.0014,0.0002,0.0000,0.0013,0.0023,0.0065,0.0031,0.0010,0.0001,0.0000,0.0000,0.0023,0.0024,0.0002,0.0002,0.0002,0.0000,0.0000,0.0000,0.0020,0.0004,0.0001,0.0000,0.0000,0.0000,0.0000,0.0000,0.0006,0.0001,0.0000,0.0000,0.0000,0.0000,0.0000,0.0000,0.0015,0.0000,0.0000,0.0000,0.0000,0.0000,0.0000,0.0000
olympus/pic.0429.jpg,0.0052,0.0034,0.0058,0.0085,0.0067,0.0030,0.0015,0.0100,0.0007,0.0037,0.1002,0.0699,0.0072,0.0008,0.0008,0.0001,0.0004,0.0038,0.5687,0.1749,0.0069,0.0015,0.0002,0.0000,0.0002,0.0016,0.0034,0.0026,0.0017,0.0000,0.0000,0.0000,0.0003,0.0014,0.0002,0.0001,0.0001,0.0000,0.0000,0.0000,0.0011,0.0004,0.0001,0.0000,0.0000,0.0000,0.0000,0.0000,0.0013,0.0001,0.0000,0.0000,0.0000,0.0000,0.0000,0.0000,0.0013,0.0000,0.0000,0.0000,0.0000,0.0000,0.0000,0.0000
olympus/pic.0430.jpg,0.0030,0.0042,0.0070,0.0084,0.0086,0.0044,0.0024,0.0105,0.0005,0.0022,0.0845,0.0877,0.0119,0.0015,0.0009,0.0001,0.0002,0.0040,0.5485,0.1862,0.0118,0.0014,0.0001,0.0000,0.0001,0.0011,0.0022,0.0015,0.0010,0.0000,0.0000,0.0000,0.0001,0.0011,0.0001,0.0001,0.0000,0.0000,0.0000,0.0000,0.0005,0.0003,0.0000,0.0000,0.0000,0.0000,0.0000,0.0000,0.0006,0.0000,0.0000,0.0000,0.0000,0.0000,0.0000,0.0000,0.0010,0.0000,0.0000,0.0000,0.0000,0.0000,0.0000,0.0000
olympus/pic.0431.jpg,0.0036,0.0042,0.0081,0.0125,0.0070,0.0027,0.0014,0.0066,0.0006,0.0040,0.1118,0.0777,0.0097,0.0015,0.0007,0.0000,0.0002,0.0031,0.5620,0.1548,0.0124,0.0015,0.0001,0.0000,0.0003,0.0016,0.0019,0.0045,0.0016,0.0000,0.0000,0.0000,0.0003,0.0011,0.0001,0.0001,0.0000,0.0000,0.0000,0.0000,0.0007,0.0002,0.0000,0.0000,0.0000,0.0000,0.0000,0.0000,0.0008,0.0000,0.0000,0.0000,0.0000,0.0000,0.0000,0.0000,0.0005,0.0000,0.0000,0.0000,0.0000,0.0000,0.0000,0.0000
olympus/pic.0432.jpg,0.0028,0.0024,0.0042,0.0032,0.0033,0.0020,0.0015,0.0083,0.0005,0.0022,0.0639,0.0420,0.0107,0.0018,0.0012,0.0001,0.0003,0.0049,0.5293,0.2783,0.0192,0.0023,0.0001,0.0000,0.0001,0.0023,0.0039,0.0023,0.0013,0.0000,0.0000,0.0000,0.0002,0.0014,0.0001,0.0001,0.0001,0.0000,0.0000,0.0000,0.0014,0.0003,0.0000,0.0000,0.0000,0.0000,0.0000,0.0000,0.0016,0.0000,0.0000,0.0000,0.0000,0.0000,0.0000,0.0000,0.0005,0.0000,0.0000,0.0000,0.0000,0.0000,0.0000,0.0000
olympus/pic.0433.jpg,0.0008,0.0002,0.0006,0.0002,0.0000,0.0001,0.0000,0.0013,0.0001,0.0002,0.2070,0.0014,0.0001,0.0000,0.0000,0.0000,0.0001,0.0002,0.7165,0.0020,0.0001,0.0001,0.0001,0.0000,0.0000,0.0004,0.0270,0.0008,0.0001,0.0000,0.0000,0.0000,0.0000,0.0045,0.0015,0.0004,0.0003,0.0000,0.0000,0.0000,0.0005,0.0065,0.0003,0.0000,0.0000,0.0000,0.0000,0.0000,0.0052,0.0005,0.0000,0.0000,0.0000,0.0000,0.0000,0.0000,0.0208,0.0000,0.0000,0.0000,0.0000,0.0000,0.0000,0.0000
olympus/pic.0434.jpg,0.0009,0.0002,0.0003,0.0001,0.0000,0.0001,0.0000,0.0003,0.0002,0.0001,0.0009,0.0002,0.0001,0.0000,0.0000,0.0000,0.0003,0.0012,0.8977,0.0006,0.0000,0.0000,0.0000,0.0000,0.0002,0.0010,0.0415,0.0005,0.0000,0.0000,0.0000,0.0000,0.0002,0.0010,0.0281,0.0010,0.0000,0.0000,0.0000,0.0000,0.0002,0.0031,0.0167,0.0000,0.0000,0.0000,0.0000,0.0000,0.0003,0.0011,0.0000,0.0000,0.0000,0.0000,0.0000,0.0000,0.0018,0.0000,0.0000,0.0000,0.0000,0.0000,0.0000,0.0000
olympus/pic.0435.jpg,0.0000,0.0000,0.0000,0.0000,0.0000,0.0000,0.0000,0.0000,0.0000,0.0000,0.0000,0.0000,0.0000,0.0000,0.0000,0.0000,0.0000,0.0000,0.7745,0.0000,0.0000,0.0000,0.0000,0.0000,0.0000,0.0001,0.0841,0.0000,0.0000,0.0000,0.0000,0.0000,0.0000,0.0029,0.0723,0.0000,0.0000,0.0000,0.0000,0.0000,0.0002,0.0020,0.0001,0.0000,0.0000,0.0000,0.0000,0.0000,0.0039,0.0003,0.0000,0.0000,0.0000,0.0000,0.0000,0.0000,0.0594,0.0000,0.0000,0.0000,0.0000,0.0000,0.0000,0.0000
olympus/pic.0436.jpg,0.0000,0.0000,0.0000,0.0005,0.0000,0.0000,0.0000,0.0000,0.0000,0.0013,0.0178,0.0704,0.0000,0.0000,0.0000,0.0000,0.0000,0.0022,0.7202,0.0114,0.0000,0.0000,0.0000,0.0000,0.0000,0.0020,0.1303,0.0062,0.0000,0.0000,0.0000,0.0000,0.0000,0.0023,0.0341,0.0000,0.0000,0.0000,0.0000,0.0000,0.0000,0.0006,0.0001,0.0000,0.0000,0.0000,0.0000,0.0000,0.0000,0.0000,0.0000,0.0000,0.0000,0.0000,0.0000,0.0000,0.0001,0.0000,0.0000,0.0000,0.0000,0.0000,0.0000,0.0000
olympus/pic.0437.jpg,0.0015,0.0017,0.0051,0.0027,0.0003,0.0000,0.0000,0.0005,0.0003,0.0005,0.0820,0.0125,0.0000,0.0000,0.0000,0.0000,0.0002,0.0021,0.8300,0.0035,0.0000,0.0001,0.0000,0.0000,0.0001,0.0014,0.0264,0.0022,0.0011,0.0000,0.0000,0.0000,0.0001,0.0096,0.0070,0.0003,0.0003,0.0000,0.0000,0.0000,0.0004,0.0050,0.0002,0.0000,0.0000,0.0000,0.0000,0.0000,0.0008,0.0003,0.0000,0.0000,0.0000,0.0000,0.0000,0.0000,0.0014,0.0000,0.0000,0.0000,0.0000,0.0000,0.0000,0.0000
olympus/pic.0438.jpg,0.0013,0.0012,0.0054,0.0004,0.0002,0.0001,0.0000,0.0007,0.0003,0.0006,0.0271,0.0006,0.0001,0.0000,0.0000,0.0000,0.0002,0.0007,0.3287,0.0034,0.0001,0.0001,0.0000,0.0000,0.0003,0.0012,0.2883,0.0025,0.0002,0.0000,0.0000,0.0000,0.0003,0.0012,0.3201,0.0009,0.0002,0.0000,0.0000,0.0000,0.0003,0.0009,0.0075,0.0000,0.0000,0.0000,0.0000,0.0000,0.0003,0.0012,0.0001,0.0000,0.0000,0.0000,0.0000,0.0000,0.0033,0.0000,0.0000,0.0000,0.0000,0.0000,0.0000,0.0000
olympus/pic.0439.jpg,0.0050,0.0014,0.0011,0.0004,0.0005,0.0002,0.0001,0.0012,0.0019,0.0048,0.0248,0.0011,0.0002,0.0000,0.0000,0.0000,0.0016,0.0047,0.7562,0.0063,0.0001,0.0002,0.0001,0.0000,0.0016,0.0057,0.1191,0.0025,0.0004,0.0000,0.0000,0.0000,0.0019,0.0093,0.0130,0.0013,0.0006,0.0000,0.0000,0.0000,0.0013,0.0097,0.0035,0.0001,0.0000,0.0000,0.0000,0.0000,0.0020,0.0044,0.0003,0.0000,0.0000,0.0000,0.0000,0.0000,0.0113,0.0000,0.0000,0.0000,0.0000,0.0000,0.0000,0.0000
olympus/pic.0440.jpg,0.0000,0.0000,0.0000,0.0000,0.0000,0.0000,0.0000,0.0000,0.0000,0.0000,0.0000,0.0000,0.0000,0.0000,0.0000,0.0000,0.0000,0.0000,0.9829,0.0000,0.0000,0.0000,0.0000,0.0000,0.0000,0.0000,0.0057,0.0001,0.0000,0.0000,0.0000,0.0000,0.0000,0.0003,0.0002,0.0000,0.0000,0.0000,0.0000,0.0000,0.0004,0.0012,0.0000,0.0000,0.0000,0.0000,0.0000,0.0000,0.0075,0.0003,0.0000,0.0000,0.0000,0.0000,0.0000,0.0000,0.0013,0.0000,0.0000,0.0000,0.0000,0.0000,0.0000,0.0000
olympus/pic.0441.jpg,0.0005,0.0002,0.0000,0.0183,0.0000,0.0000,0.0000,0.0001,0.0000,0.0003,0.0032,0.0138,0.0000,0.0000,0.0000,0.0000,0.0002,0.0002,0.8903,0.0003,0.0000,0.0000,0.0000,0.0000,0.0002,0.0011,0.0043,0.0001,0.0000,0.0000,0.0000,0.0000,0.0028,0.0028,0.0116,0.0004,0.0000,0.0000,0.0000,0.0000,0.0167,0.0009,0.0255,0.0000,0.0000,0.0000,0.0000,0.0000,0.0009,0.0014,0.0001,0.0000,0.0000,0.0000,0.0000,0.0000,0.0039,0.0000,0.0000,0.0000,0.0000,0.0000,0.0000,0.0000
olympus/pic.0442.jpg,0.0001,0.0001,0.0000,0.0000,0.0002,0.0016,0.0003,0.0001,0.0000,0.0002,0.0003,0.0017,0.0149,0.0029,0.0001,0.0000,0.0000,0.0001,0.9429,0.0136,0.0032,0.0002,0.0000,0.0000,0.0000,0.0001,0.0121,0.0037,0.0003,0.0000,0.0000,0.0000,0.0000,0.0002,0.0000,0.0002,0.0000,0.0000,0.0000,0.0000,0.0000,0.0000,0.0000,0.0000,0.0000,0.0000,0.0000,0.0000,0.0001,0.0000,0.0000,0.0000,0.0000,0.0000,0.0000,0.0000,0.0004,0.0000,0.0000,0.0000,0.0000,0.0000,0.0000,0.0000
olympus/pic.0443.jpg,0.0002,0.0000,0.0007,0.0003,0.0003,0.0002,0.0000,0.0001,0.0000,0.0002,0.0053,0.0021,0.0002,0.0000,0.0000,0.0000,0.0000,0.0002,0.7354,0.0551,0.0037,0.0001,0.0000,0.0000,0.0000,0.0000,0.0910,0.0052,0.0003,0.0005,0.0000,0.0000,0.0000,0.0000,0.0982,0.0001,0.0000,0.0000,0.0000,0.0000,0.0000,0.0000,0.0003,0.0000,0.0000,0.0000,0.0000,0.0000,0.0000,0.0000,0.0000,0.0000,0.0000,0.0000,0.0000,0.0000,0.0000,0.0000,0.0000,0.0000,0.0000,0.0000,0.0000,0.0000
olympus/pic.0444.jpg,0.0005,0.0003,0.0002,0.0001,0.0000,0.0000,0.0000,0.0001,0.0001,0.0001,0.0009,0.0001,0.0000,0.0000,0.0000,0.0000,0.0000,0.0003,0.6277,0.0041,0.0000,0.0000,0.0000,0.0000,0.0000,0.0002,0.2774,0.0091,0.0003,0.0000,0.0000,0.0000,0.0000,0.0016,0.0132,0.0037,0.0001,0.0000,0.0000,0.0000,0.0003,0.0100,0.0148,0.0000,0.0000,0.0000,0.0000,0.0000,0.0018,0.0215,0.0019,0.0000,0.0000,0.0000,0.0000,0.0000,0.0095,0.0002,0.0000,0.0000,0.0000,0.0000,0.0000,0.0000
olympus/pic.0445.jpg,0.0003,0.0002,0.0002,0.0000,0.0000,0.0000,0.0000,0.0000,0.0000,0.0001,0.0209,0.0000,0.0000,0.0000,0.0000,0.0000,0.0000,0.0002,0.9509,0.0001,0.0000,0.0000,0.0000,0.0000,0.0000,0.0045,0.0191,0.0000,0.0000,0.0000,0.0000,0.0000,0.0000,0.0031,0.0002,0.0000,0.0000,0.0000,0.0000,0.0000,0.0000,0.0000,0.0000,0.0000,0.0000,0.0000,0.0000,0.0000,0.0000,0.0000,0.0000,0.0000,0.0000,0.0000,0.0000,0.0000,0.0000,0.0000,0.0000,0.0000,0.0000,0.0000,0.0000,0.0000
olympus/pic.0446.jpg,0.0000,0.0000,0.0000,0.0000,0.0000,0.0000,0.0000,0.0001,0.0000,0.0000,0.0001,0.0000,0.0000,0.0000,0.0000,0.0000,0.0000,0.0000,0.9988,0.0001,0.0000,0.0000,0.0000,0.0000,0.0000,0.0000,0.0006,0.0000,0.0000,0.0000,0.0000,0.0000,0.0000,0.0000,0.0000,0.0000,0.0000,0.0000,0.0000,0.0000,0.0000,0.0000,0.0000,0.0000,0.0000,0.0000,0.0000,0.0000,0.0000,0.0000,0.0000,0.0000,0.0000,0.0000,0.0000,0.0000,0.0002,0.0000,0.0000,0.0000,0.0000,0.0000,0.0000,0.0000
olympus/pic.0447.jpg,0.0009,0.0005,0.0008,0.0004,0.0005,0.0003,0.0003,0.0166,0.0002,0.0002,0.0143,0.0033,0.0017,0.0014,0.0062,0.0002,0.0001,0.0008,0.4805,0.3566,0.0728,0.0169,0.0005,0.0000,0.0004,0.0006,0.0065,0.0073,0.0060,0.0002,0.0000,0.0000,0.0002,0.0001,0.0005,0.0006,0.0001,0.0000,0.0000,0.0000,0.0001,0.0000,0.0003,0.0000,0.0000,0.0000,0.0000,0.0000,0.0001,0.0001,0.0000,0.0000,0.0000,0.0000,0.0000,0.0000,0.0009,0.0000,0.0000,0.0000,0.0000,0.0000,0.0000,0.0000
olympus/pic.0448.jpg,0.0024,0.0011,0.0025,0.0032,0.0054,0.0022,0.0012,0.0154,0.0002,0.0003,0.0196,0.0324,0.0141,0.0025,0.0028,0.0001,0.0002,0.0008,0.5192,0.2276,0.1057,0.0099,0.0007,0.0000,0.0001,0.0003,0.0037,0.0115,0.0053,0.0003,0.0000,0.0000,0.0001,0.0012,0.0009,0.0003,0.0004,0.0000,0.0000,0.0000,0.0001,0.0014,0.0002,0.0000,0.0000,0.0000,0.0000,0.0000,0.0005,0.0026,0.0000,0.0000,0.0000,0.0000,0.0000,0.0000,0.0015,0.0000,0.0000,0.0000,0.0000,0.0000,0.0000,0.0000
olympus/pic.0449.jpg,0.0023,0.0009,0.0012,0.0007,0.0021,0.0013,0.0007,0.0078,0.0005,0.0007,0.0080,0.0184,0.0043,0.0008,0.0011,0.0001,0.0001,0.0011,0.6814,0.2006,0.0102,0.0025,0.0004,0.0000,0.0003,0.0003,0.0165,0.0251,0.0038,0.0001,0.0000,0.0000,0.0001,0.0002,0.0026,0.0013,0.0003,0.0000,0.0000,0.0000,0.0000,0.0002,0.0005,0.0000,0.0000,0.0000,0.0000,0.0000,0.0000,0.0002,0.0001,0.0000,0.0000,0.0000,0.0000,0.0000,0.0013,0.0000,0.0000,0.0000,0.0000,0.0000,0.0000,0.0000
olympus/pic.0450.jpg,0.0002,0.0000,0.0001,0.0002,0.0002,0.0002,0.0001,0.0019,0.0001,0.0001,0.0036,0.0036,0.0004,0.0001,0.0002,0.0000,0.0001,0.0005,0.8321,0.0369,0.0009,0.0004,0.0001,0.0000,0.0001,0.0016,0.0837,0.0189,0.0007,0.0000,0.0000,0.0000,0.0002,0.0010,0.0026,0.0021,0.0003,0.0000,0.0000,0.0000,0.0002,0.0005,0.0010,0.0000,0.0000,0.0000,0.0000,0.0000,0.0003,0.0007,0.0001,0.0000,0.0000,0.0000,0.0000,0.0000,0.0040,0.0000,0.0000,0.0000,0.0000,0.0000,0.0000,0.0000
olympus/pic.0451.jpg,0.0001,0.0001,0.0001,0.0000,0.0000,0.0000,0.0000,0.0002,0.0000,0.0000,0.0007,0.0002,0.0002,0.0001,0.0002,0.0000,0.0000,0.0000,0.4762,0.4614,0.0361,0.0009,0.0000,0.0000,0.0000,0.0000,0.0088,0.0135,0.0007,0.0000,0.0000,0.0000,0.0000,0.0000,0.0001,0.0002,0.0000,0.0000,0.0000,0.0000,0.0000,0.0000,0.0000,0.0000,0.0000,0.0000,0.0000,0.0000,0.0000,0.0000,0.0000,0.0000,0.0000,0.0000,0.0000,0.0000,0.0001,0.0000,0.0000,0.0000,0.0000,0.0000,0.0000,0.0000
olympus/pic.0452.jpg,0.0017,0.0013,0.0018,0.0006,0.0006,0.0003,0.0002,0.0053,0.0003,0.0025,0.2288,0.0122,0.0017,0.0003,0.0007,0.0001,0.0002,0.0014,0.4823,0.1676,0.0028,0.0021,0.0002,0.0000,0.0001,0.0002,0.0274,0.0475,0.0046,0.0001,0.0000,0.0000,0.0001,0.0001,0.0005,0.0015,0.0005,0.0000,0.0000,0.0000,0.0000,0.0000,0.0005,0.0000,0.0000,0.0000,0.0000,0.0000,0.0000,0.0003,0.0001,0.0000,0.0000,0.0000,0.0000,0.0000,0.0012,0.0000,0.0000,0.0000,0.0000,0.0000,0.0000,0.0000
olympus/pic.0453.jpg,0.0007,0.0004,0.0007,0.0009,0.0018,0.0010,0.0004,0.0034,0.0001,0.0001,0.0043,0.0132,0.0073,0.0009,0.0007,0.0000,0.0002,0.0007,0.3724,0.1503,0.0074,0.0013,0.0001,0.0000,0.0003,0.0039,0.1945,0.0575,0.0040,0.0001,0.0000,0.0000,0.0005,0.0331,0.0529,0.0046,0.0004,0.0000,0.0000,0.0000,0.0016,0.0385,0.0103,0.0001,0.0000,0.0000,0.0000,0.0000,0.0036,0.0123,0.0004,0.0000,0.0000,0.0000,0.0000,0.0000,0.0128,0.0001,0.0000,0.0000,0.0000,0.0000,0.0000,0.0000
olympus/pic.0454.jpg,0.0009,0.0002,0.0004,0.0002,0.0006,0.0132,0.0003,0.0287,0.0002,0.0001,0.0025,0.0039,0.0060,0.0001,0.0005,0.0000,0.0002,0.0005,0.3796,0.0216,0.0099,0.0028,0.0092,0.0000,0.0002,0.0022,0.3056,0.0371,0.0044,0.0002,0.0000,0.0000,0.0006,0.0147,0.0306,0.0123,0.0048,0.0000,0.0000,0.0000,0.0011,0.0227,0.0125,0.0003,0.0000,0.0000,0.0000,0.0000,0.0033,0.0293,0.0008,0.0000,0.0000,0.0000,0.0000,0.0000,0.0360,0.0002,0.0000,0.0000,0.0000,0.0000,0.0000,0.0000
olympus/pic.0455.jpg,0.0104,0.0064,0.0089,0.0022,0.0014,0.0028,0.0003,0.0096,0.0020,0.0325,0.1182,0.0066,0.0037,0.0003,0.0010,0.0001,0.0014,0.0211,0.6273,0.0531,0.0070,0.0025,0.0014,0.0000,0.0010,0.0035,0.0300,0.0073,0.0029,0.0005,0.0000,0.0000,0.0009,0.0030,0.0065,0.0015,0.0033,0.0000,0.0000,0.0000,0.0020,0.0027,0.0059,0.0000,0.0000,0.0000,0.0000,0.0000,0.0021,0.0011,0.0000,0.0000,0.0000,0.0000,0.0000,0.0000,0.0056,0.0000,0.0000,0.0000,0.0000,0.0000,0.0000,0.0000
olympus/pic.0456.jpg,0.0007,0.0002,0.0003,0.0001,0.0000,0.0000,0.0000,0.0000,0.0002,0.0002,0.0011,0.0001,0.0000,0.0000,0.0000,0.0000,0.0001,0.0008,0.9489,0.0001,0.0000,0.0000,0.0000,0.0000,0.0001,0.0014,0.0044,0.0000,0.0000,0.0000,0.0000,0.0000,0.0001,0.0027,0.0001,0.0000,0.0000,0.0000,0.0000,0.0000,0.0010,0.0043,0.0000,0.0000,0.0000,0.0000,0.0000,0.0000,0.0290,0.0012,0.0000,0.0000,0.0000,0.0000,0.0000,0.0000,0.0029,0.0000,0.0000,0.0000,0.0000,0.0000,0.0000,0.0000
olympus/pic.0457.jpg,0.0135,0.0090,0.0412,0.0044,0.0002,0.0001,0.0000,0.0004,0.0024,0.0144,0.2088,0.0087,0.0000,0.0000,0.0000,0.0000,0.0008,0.0067,0.6597,0.0032,0.0000,0.0000,0.0000,0.0000,0.0008,0.0033,0.0053,0.0090,0.0001,0.0000,0.0000,0.0000,0.0008,0.0019,0.0002,0.0005,0.0000,0.0000,0.0000,0.0000,0.0025,0.0004,0.0000,0.0000,0.0000,0.0000,0.0000,0.0000,0.0014,0.0000,0.0000,0.0000,0.0000,0.0000,0.0000,0.0000,0.0002,0.0000,0.0000,0.0000,0.0000,0.0000,0.0000,0.0000
olympus/pic.0458.jpg,0.0003,0.0001,0.0002,0.0002,0.0009,0.0021,0.0029,0.0257,0.0001,0.0000,0.0005,0.0256,0.0524,0.0150,0.0078,0.0002,0.0001,0.0005,0.1636,0.4739,0.1396,0.0086,0.0004,0.0000,0.0002,0.0007,0.0145,0.0526,0.0021,0.0001,0.0000,0.0000,0.0001,0.0002,0.0009,0.0060,0.0003,0.0000,0.0000,0.0000,0.0001,0.0001,0.0003,0.0000,0.0000,0.0000,0.0000,0.0000,0.0000,0.0001,0.0001,0.0000,0.0000,0.0000,0.0000,0.0000,0.0007,0.0000,0.0000,0.0000,0.0000,0.0000,0.0000,0.0000
olympus/pic.0459.jpg,0.0011,0.0208,0.0779,0.0002,0.0000,0.0000,0.0000,0.0002,0.0013,0.0090,0.0640,0.0002,0.0000,0.0000,0.0000,0.0000,0.0003,0.0018,0.7160,0.0003,0.0000,0.0000,0.0000,0.0000,0.0003,0.0023,0.0113,0.0001,0.0000,0.0000,0.0000,0.0000,0.0004,0.0092,0.0012,0.0001,0.0000,0.0000,0.0000,0.0000,0.0036,0.0248,0.0002,0.0000,0.0000,0.0000,0.0000,0.0000,0.0441,0.0033,0.0000,0.0000,0.0000,0.0000,0.0000,0.0000,0.0058,0.0000,0.0000,0.0000,0.0000,0.0000,0.0000,0.0000
olympus/pic.0460.jpg,0.0013,0.0000,0.0001,0.0000,0.0000,0.0000,0.0000,0.0002,0.0000,0.0001,0.0003,0.0001,0.0000,0.0000,0.0000,0.0000,0.0000,0.0001,0.8397,0.0014,0.0001,0.0000,0.0000,0.0000,0.0000,0.0007,0.0719,0.0078,0.0001,0.0000,0.0000,0.0000,0.0001,0.0041,0.0043,0.0012,0.0001,0.0000,0.0000,0.0000,0.0003,0.0208,0.0003,0.0000,0.0000,0.0000,0.0000,0.0000,0.0307,0.0060,0.0000,0.0000,0.0000,0.0000,0.0000,0.0000,0.0078,0.0000,0.0000,0.0000,0.0000,0.0000,0.0000,0.0000
olympus/pic.0461.jpg,0.0026,0.0022,0.0048,0.0002,0.0001,0.0001,0.0000,0.0002,0.0003,0.0062,0.6012,0.0003,0.0000,0.0000,0.0000,0.0000,0.0002,0.0029,0.2644,0.0004,0.0000,0.0000,0.0000,0.0000,0.0001,0.0023,0.0126,0.0002,0.0000,0.0000,0.0000,0.0000,0.0003,0.0091,0.0017,0.0001,0.0000,0.0000,0.0000,0.0000,0.0045,0.0286,0.0001,0.0000,0.0000,0.0000,0.0000,0.0000,0.0398,0.0053,0.0000,0.0000,0.0000,0.0000,0.0000,0.0000,0.0087,0.0000,0.0000,0.0000,0.0000,0.0000,0.0000,0.0000
olympus/pic.0462.jpg,0.0000,0.0000,0.0000,0.0000,0.0000,0.0000,0.0000,0.0000,0.0000,0.0000,0.0000,0.0000,0.0000,0.0000,0.0000,0.0000,0.0000,0.0000,0.8896,0.0002,0.0000,0.0000,0.0000,0.0000,0.0000,0.0003,0.0182,0.0871,0.0000,0.0000,0.0000,0.0000,0.0000,0.0003,0.0020,0.0024,0.0000,0.0000,0.0000,0.0000,0.0000,0.0000,0.0000,0.0000,0.0000,0.0000,0.0000,0.0000,0.0000,0.0000,0.0000,0.0000,0.0000,0.0000,0.0000,0.0000,0.0000,0.0000,0.0000,0.0000,0.0000,0.0000,0.0000,0.0000
olympus/pic.0463.jpg,0.0003,0.0002,0.0006,0.0000,0.0000,0.0000,0.0000,0.0001,0.0001,0.0006,0.0548,0.0002,0.0000,0.0000,0.0000,0.0000,0.0001,0.0007,0.8204,0.0064,0.0000,0.0000,0.0000,0.0000,0.0000,0.0007,0.0873,0.0249,0.0000,0.0000,0.0000,0.0000,0.0001,0.0002,0.0005,0.0003,0.0000,0.0000,0.0000,0.0000,0.0001,0.0001,0.0002,0.0000,0.0000,0.0000,0.0000,0.0000,0.0001,0.0001,0.0000,0.0000,0.0000,0.0000,0.0000,0.0000,0.0009,0.0000,0.0000,0.0000,0.0000,0.0000,0.0000,0.0000
olympus/pic.0464.jpg,0.0000,0.0000,0.0000,0.0000,0.0000,0.0005,0.0000,0.0000,0.0000,0.0002,0.0081,0.0006,0.0005,0.0000,0.0000,0.0000,0.0000,0.0002,0.8421,0.0148,0.0003,0.0000,0.0000,0.0000,0.0000,0.0002,0.0750,0.0490,0.0007,0.0000,0.0000,0.0000,0.0000,0.0001,0.0007,0.0046,0.0020,0.0000,0.0000,0.0000,0.0000,0.0000,0.0001,0.0000,0.0000,0.0000,0.0000,0.0000,0.0000,0.0000,0.0000,0.0000,0.0000,0.0000,0.0000,0.0000,0.0001,0.0000,0.0000,0.0000,0.0000,0.0000,0.0000,0.0000
olympus/pic.0465.jpg,0.0007,0.0003,0.0008,0.0003,0.0002,0.0001,0.0000,0.0003,0.0002,0.0002,0.1408,0.0150,0.0007,0.0000,0.0000,0.0000,0.0001,0.0012,0.7305,0.0764,0.0006,0.0000,0.0001,0.0000,0.0001,0.0003,0.0221,0.0032,0.0001,0.0000,0.0000,0.0000,0.0001,0.0003,0.0021,0.0006,0.0002,0.0000,0.0000,0.0000,0.0001,0.0001,0.0005,0.0000,0.0000,0.0000,0.0000,0.0000,0.0001,0.0003,0.0000,0.0000,0.0000,0.0000,0.0000,0.0000,0.0015,0.0000,0.0000,0.0000,0.0000,0.0000,0.0000,0.0000
olympus/pic.0466.jpg,0.0000,0.0000,0.0000,0.0000,0.0000,0.0000,0.0000,0.0000,0.0000,0.0000,0.0291,0.0007,0.0000,0.0000,0.0000,0.0000,0.0000,0.0003,0.8458,0.0015,0.0000,0.0000,0.0000,0.0000,0.0000,0.0001,0.1040,0.0157,0.0000,0.0000,0.0000,0.0000,0.0000,0.0001,0.0015,0.0003,0.0000,0.0000,0.0000,0.0000,0.0000,0.0000,0.0002,0.0000,0.0000,0.0000,0.0000,0.0000,0.0000,0.0001,0.0000,0.0000,0.0000,0.0000,0.0000,0.0000,0.0004,0.0000,0.0000,0.0000,0.0000,0.0000,0.0000,0.0000
olympus/pic.0467.jpg,0.0000,0.0000,0.0000,0.0000,0.0000,0.0000,0.0000,0.0000,0.0000,0.0000,0.0036,0.0005,0.0000,0.0000,0.0000,0.0000,0.0000,0.0001,0.4877,0.0002,0.0000,0.0000,0.0000,0.0000,0.0000,0.0011,0.1929,0.0145,0.0000,0.0000,0.0000,0.0000,0.0000,0.0103,0.0343,0.0021,0.0000,0.0000,0.0000,0.0000,0.0007,0.0483,0.0015,0.0000,0.0000,0.0000,0.0000,0.0000,0.1214,0.0588,0.0000,0.0000,0.0000,0.0000,0.0000,0.0000,0.0220,0.0000,0.0000,0.0000,0.0000,0.0000,0.0000,0.0000
olympus/pic.0468.jpg,0.0000,0.0000,0.0001,0.0000,0.0000,0.0000,0.0000,0.0000,0.0000,0.0024,0.0206,0.0010,0.0001,0.0000,0.0000,0.0000,0.0000,0.0034,0.7060,0.0150,0.0003,0.0000,0.0000,0.0000,0.0000,0.0021,0.1316,0.0095,0.0001,0.0000,0.0000,0.0000,0.0001,0.0079,0.0089,0.0034,0.0002,0.0000,0.0000,0.0000,0.0002,0.0277,0.0014,0.0000,0.0000,0.0000,0.0000,0.0000,0.0373,0.0177,0.0000,0.0000,0.0000,0.0000,0.0000,0.0000,0.0028,0.0000,0.0000,0.0000,0.0000,0.0000,0.0000,0.0000
olympus/pic.0469.jpg,0.0000,0.0000,0.0000,0.0000,0.0000,0.0000,0.0000,0.0000,0.0000,0.0000,0.0000,0.0000,0.0000,0.0000,0.0000,0.0000,0.0000,0.0000,0.6931,0.0756,0.0000,0.0000,0.0000,0.0000,0.0000,0.0002,0.1307,0.0848,0.0000,0.0000,0.0000,0.0000,0.0000,0.0001,0.0147,0.0004,0.0000,0.0000,0.0000,0.0000,0.0000,0.0000,0.0001,0.0000,0.0000,0.0000,0.0000,0.0000,0.0000,0.0000,0.0000,0.0000,0.0000,0.0000,0.0000,0.0000,0.0001,0.0000,0.0000,0.0000,0.0000,0.0000,0.0000,0.0000
olympus/pic.0470.jpg,0.0006,0.0003,0.0004,0.0002,0.0001,0.0006,0.0000,0.0012,0.0001,0.0003,0.0154,0.0014,0.0004,0.0000,0.0000,0.0000,0.0001,0.0006,0.6708,0.0124,0.0003,0.0000,0.0001,0.0000,0.0000,0.0014,0.1996,0.0098,0.0002,0.0000,0.0000,0.0000,0.0001,0.0041,0.0186,0.0009,0.0024,0.0000,0.0000,0.0000,0.0009,0.0098,0.0020,0.0000,0.0000,0.0000,0.0000,0.0000,0.0158,0.0067,0.0001,0.0000,0.0000,0.0000,0.0000,0.0000,0.0222,0.0000,0.0000,0.0000,0.0000,0.0000,0.0000,0.0000
olympus/pic.0471.jpg,0.0035,0.0007,0.0013,0.0003,0.0001,0.0003,0.0000,0.0008,0.0006,0.0032,0.0070,0.0013,0.0004,0.0000,0.0000,0.0000,0.0006,0.0021,0.7848,0.0049,0.0001,0.0000,0.0001,0.0000,0.0005,0.0018,0.1402,0.0120,0.0001,0.0000,0.0000,0.0000,0.0005,0.0015,0.0150,0.0047,0.0010,0.0000,0.0000,0.0000,0.0005,0.0011,0.0016,0.0000,0.0000,0.0000,0.0000,0.0000,0.0016,0.0010,0.0003,0.0000,0.0000,0.0000,0.0000,0.0000,0.0043,0.0000,0.0000,0.0000,0.0000,0.0000,0.0000,0.0000
olympus/pic.0472.jpg,0.0006,0.0000,0.0323,0.0075,0.0000,0.0001,0.0000,0.0001,0.0000,0.0003,0.0255,0.0046,0.0003,0.0000,0.0000,0.0000,0.0000,0.0005,0.5282,0.0111,0.0002,0.0001,0.0001,0.0000,0.0000,0.0049,0.0939,0.0073,0.0001,0.0000,0.0000,0.0000,0.0002,0.0264,0.0212,0.0068,0.0018,0.0000,0.0000,0.0000,0.0027,0.1032,0.0066,0.0000,0.0000,0.0000,0.0000,0.0000,0.0686,0.0287,0.0000,0.0000,0.0000,0.0000,0.0000,0.0000,0.0158,0.0000,0.0000,0.0000,0.0000,0.0000,0.0000,0.0000
olympus/pic.0473.jpg,0.0008,0.0007,0.0034,0.0225,0.0163,0.0282,0.0012,0.0010,0.0001,0.0003,0.0245,0.0218,0.0095,0.0063,0.0002,0.0000,0.0002,0.0009,0.6653,0.0816,0.0061,0.0007,0.0001,0.0000,0.0001,0.0006,0.0450,0.0112,0.0017,0.0000,0.0000,0.0000,0.0002,0.0010,0.0208,0.0058,0.0004,0.0000,0.0000,0.0000,0.0009,0.0014,0.0072,0.0001,0.0000,0.0000,0.0000,0.0000,0.0064,0.0008,0.0003,0.0000,0.0000,0.0000,0.0000,0.0000,0.0044,0.0000,0.0000,0.0000,0.0000,0.0000,0.0000,0.0000
olympus/pic.0474.jpg,0.0000,0.0000,0.0007,0.0018,0.0156,0.0043,0.0000,0.0000,0.0000,0.0001,0.0039,0.0096,0.0148,0.0027,0.0000,0.0000,0.0000,0.0002,0.7010,0.0228,0.0077,0.0003,0.0000,0.0000,0.0000,0.0005,0.1300,0.0394,0.0003,0.0000,0.0000,0.0000,0.0000,0.0023,0.0337,0.0011,0.0000,0.0000,0.0000,0.0000,0.0004,0.0019,0.0003,0.0000,0.0000,0.0000,0.0000,0.0000,0.0039,0.0003,0.0000,0.0000,0.0000,0.0000,0.0000,0.0000,0.0001,0.0000,0.0000,0.0000,0.0000,0.0000,0.0000,0.0000
olympus/pic.0475.jpg,0.0000,0.0001,0.0000,0.0000,0.0000,0.0000,0.0000,0.0000,0.0000,0.0010,0.0059,0.0000,0.0000,0.0000,0.0000,0.0000,0.0000,0.0001,0.0359,0.0003,0.0000,0.0000,0.0000,0.0000,0.0000,0.0000,0.5536,0.0083,0.0000,0.0000,0.0000,0.0000,0.0000,0.0000,0.0958,0.0007,0.0000,0.0000,0.0000,0.0000,0.0000,0.0001,0.2980,0.0000,0.0000,0.0000,0.0000,0.0000,0.0000,0.0000,0.0000,0.0000,0.0000,0.0000,0.0000,0.0000,0.0000,0.0000,0.0000,0.0000,0.0000,0.0000,0.0000,0.0000
olympus/pic.0476.jpg,0.0006,0.0009,0.0010,0.0000,0.0000,0.0000,0.0000,0.0000,0.0002,0.0026,0.2445,0.0026,0.0000,0.0000,0.0000,0.0000,0.0001,0.0031,0.3873,0.0010,0.0000,0.0000,0.0000,0.0000,0.0003,0.0339,0.0123,0.0023,0.0000,0.0000,0.0000,0.0000,0.0086,0.1059,0.0027,0.0005,0.0000,0.0000,0.0000,0.0000,0.1008,0.0137,0.0007,0.0000,0.0000,0.0000,0.0000,0.0000,0.0719,0.0002,0.0000,0.0000,0.0000,0.0000,0.0000,0.0000,0.0022,0.0000,0.0000,0.0000,0.0000,0.0000,0.0000,0.0000
olympus/pic.0477.jpg,0.0061,0.0128,0.0172,0.0012,0.0013,0.0005,0.0003,0.0009,0.0010,0.0164,0.3106,0.0766,0.0060,0.0004,0.0001,0.0000,0.0005,0.0051,0.2669,0.2187,0.0064,0.0003,0.0000,0.0000,0.0007,0.0106,0.0031,0.0005,0.0001,0.0000,0.0000,0.0000,0.0157,0.0114,0.0000,0.0000,0.0000,0.0000,0.0000,0.0000,0.0066,0.0001,0.0000,0.0000,0.0000,0.0000,0.0000,0.0000,0.0015,0.0000,0.0000,0.0000,0.0000,0.0000,0.0000,0.0000,0.0002,0.0000,0.0000,0.0000,0.0000,0.0000,0.0000,0.0000
olympus/pic.0478.jpg,0.0059,0.0087,0.1293,0.0064,0.0002,0.0001,0.0000,0.0002,0.0009,0.0144,0.3481,0.0038,0.0001,0.0000,0.0000,0.0000,0.0005,0.0063,0.4469,0.0003,0.0000,0.0000,0.0000,0.0000,0.0006,0.0104,0.0014,0.0000,0.0000,0.0000,0.0000,0.0000,0.0015,0.0064,0.0001,0.0000,0.0000,0.0000,0.0000,0.0000,0.0041,0.0006,0.0000,0.0000,0.0000,0.0000,0.0000,0.0000,0.0021,0.0000,0.0000,0.0000,0.0000,0.0000,0.0000,0.0000,0.0006,0.0000,0.0000,0.0000,0.0000,0.0000,0.0000,0.0000
olympus/pic.0479.jpg,0.0127,0.0099,0.0778,0.0375,0.0004,0.0001,0.0001,0.0005,0.0025,0.0132,0.3592,0.0474,0.0000,0.0000,0.0000,0.0000,0.0023,0.0114,0.3652,0.0036,0.0005,0.0000,0.0000,0.0000,0.0020,0.0181,0.0062,0.0024,0.0000,0.0000,0.0000,0.0000,0.0016,0.0076,0.0001,0.0000,0.0000,0.0000,0.0000,0.0000,0.0081,0.0021,0.0000,0.0000,0.0000,0.0000,0.0000,0.0000,0.0065,0.0000,0.0000,0.0000,0.0000,0.0000,0.0000,0.0000,0.0009,0.0000,0.0000,0.0000,0.0000,0.0000,0.0000,0.0000
olympus/pic.0480.jpg,0.0041,0.0013,0.0009,0.0002,0.0001,0.0000,0.0000,0.0003,0.0020,0.0028,0.0242,0.0004,0.0000,0.0000,0.0000,0.0000,0.0016,0.0125,0.8572,0.0003,0.0000,0.0000,0.0000,0.0000,0.0015,0.0051,0.0156,0.0016,0.0000,0.0000,0.0000,0.0000,0.0016,0.0087,0.0007,0.0038,0.0000,0.0000,0.0000,0.0000,0.0174,0.0082,0.0004,0.0000,0.0000,0.0000,0.0000,0.0000,0.0151,0.0043,0.0000,0.0000,0.0000,0.0000,0.0000,0.0000,0.0078,0.0000,0.0000,0.0000,0.0000,0.0000,0.0000,0.0000
olympus/pic.0481.jpg,0.0076,0.0018,0.0078,0.0057,0.0082,0.0000,0.0000,0.0002,0.0027,0.0157,0.0237,0.0130,0.0001,0.0000,0.0000,0.0000,0.0015,0.0060,0.7639,0.0007,0.0000,0.0000,0.0000,0.0000,0.0009,0.0282,0.0196,0.0000,0.0000,0.0000,0.0000,0.0000,0.0015,0.0674,0.0000,0.0000,0.0000,0.0000,0.0000,0.0000,0.0118,0.0098,0.0000,0.0000,0.0000,0.0000,0.0000,0.0000,0.0010,0.0000,0.0000,0.0000,0.0000,0.0000,0.0000,0.0000,0.0009,0.0000,0.0000,0.0000,0.0000,0.0000,0.0000,0.0000
olympus/pic.0482.jpg,0.0101,0.0045,0.0021,0.0020,0.0002,0.0001,0.0000,0.0015,0.0034,0.0634,0.3468,0.0033,0.0000,0.0000,0.0000,0.0000,0.0014,0.0164,0.5333,0.0009,0.0000,0.0001,0.0000,0.0000,0.0007,0.0010,0.0053,0.0007,0.0001,0.0000,0.0000,0.0000,0.0006,0.0001,0.0000,0.0001,0.0001,0.0000,0.0000,0.0000,0.0002,0.0000,0.0001,0.0000,0.0000,0.0000,0.0000,0.0000,0.0001,0.0001,0.0001,0.0000,0.0000,0.0000,0.0000,0.0000,0.0010,0.0000,0.0000,0.0000,0.0000,0.0000,0.0000,0.0000
olympus/pic.0483.jpg,0.0043,0.0020,0.0015,0.0005,0.0004,0.0002,0.0001,0.0028,0.0007,0.0044,0.1681,0.0096,0.0009,0.0002,0.0003,0.0000,0.0004,0.0047,0.6442,0.0847,0.0023,0.0008,0.0001,0.0000,0.0004,0.0043,0.0285,0.0193,0.0021,0.0001,0.0000,0.0000,0.0003,0.0013,0.0018,0.0026,0.0005,0.0000,0.0000,0.0000,0.0001,0.0002,0.0013,0.0001,0.0000,0.0000,0.0000,0.0000,0.0001,0.0007,0.0002,0.0000,0.0000,0.0000,0.0000,0.0000,0.0027,0.0000,0.0000,0.0000,0.0000,0.0000,0.0000,0.0000
olympus/pic.0484.jpg,0.0009,0.0008,0.0020,0.0012,0.0008,0.0006,0.0005,0.0019,0.0000,0.0007,0.0878,0.0876,0.0243,0.0011,0.0004,0.0000,0.0000,0.0001,0.4952,0.2671,0.0086,0.0006,0.0000,0.0000,0.0000,0.0035,0.0114,0.0020,0.0007,0.0000,0.0000,0.0000,0.0000,0.0000,0.0000,0.0000,0.0000,0.0000,0.0000,0.0000,0.0000,0.0000,0.0000,0.0000,0.0000,0.0000,0.0000,0.0000,0.0000,0.0000,0.0000,0.0000,0.0000,0.0000,0.0000,0.0000,0.0000,0.0000,0.0000,0.0000,0.0000,0.0000,0.0000,0.0000
olympus/pic.0485.jpg,0.0048,0.0051,0.0081,0.0057,0.0101,0.0085,0.0060,0.0469,0.0004,0.0007,0.0694,0.0571,0.0225,0.0050,0.0029,0.0001,0.0003,0.0008,0.5361,0.1862,0.0101,0.0017,0.0002,0.0000,0.0002,0.0004,0.0052,0.0013,0.0007,0.0000,0.0000,0.0000,0.0002,0.0001,0.0002,0.0004,0.0002,0.0000,0.0000,0.0000,0.0001,0.0000,0.0002,0.0000,0.0000,0.0000,0.0000,0.0000,0.0001,0.0001,0.0000,0.0000,0.0000,0.0000,0.0000,0.0000,0.0015,0.0000,0.0000,0.0000,0.0000,0.0000,0.0000,0.0000
olympus/pic.0486.jpg,0.0054,0.0307,0.0084,0.0010,0.0008,0.0004,0.0002,0.0012,0.0004,0.0129,0.4606,0.0106,0.0014,0.0002,0.0001,0.0000,0.0002,0.0017,0.3959,0.0638,0.0008,0.0001,0.0000,0.0000,0.0001,0.0001,0.0016,0.0008,0.0001,0.0000,0.0000,0.0000,0.0000,0.0001,0.0001,0.0000,0.0000,0.0000,0.0000,0.0000,0.0000,0.0000,0.0000,0.0000,0.0000,0.0000,0.0000,0.0000,0.0000,0.0000,0.0000,0.0000,0.0000,0.0000,0.0000,0.0000,0.0002,0.0000,0.0000,0.0000,0.0000,0.0000,0.0000,0.0000
olympus/pic.0487.jpg,0.0022,0.0024,0.0024,0.0017,0.0021,0.0009,0.0005,0.0062,0.0003,0.0016,0.0518,0.0422,0.0031,0.0005,0.0007,0.0001,0.0001,0.0005,0.3544,0.3557,0.0048,0.0011,0.0001,0.0000,0.0001,0.0001,0.0105,0.1415,0.0059,0.0000,0.0000,0.0000,0.0001,0.0001,0.0010,0.0021,0.0004,0.0000,0.0000,0.0000,0.0000,0.0001,0.0006,0.0000,0.0000,0.0000,0.0000,0.0000,0.0000,0.0003,0.0002,0.0000,0.0000,0.0000,0.0000,0.0000,0.0013,0.0000,0.0000,0.0000,0.0000,0.0000,0.0000,0.0000
olympus/pic.0488.jpg,0.0024,0.0138,0.0464,0.0303,0.0125,0.0054,0.0025,0.0186,0.0003,0.0008,0.0781,0.0841,0.0070,0.0011,0.0008,0.0000,0.0001,0.0007,0.5625,0.1019,0.0035,0.0008,0.0001,0.0000,0.0002,0.0007,0.0172,0.0018,0.0006,0.0000,0.0000,0.0000,0.0001,0.0007,0.0008,0.0003,0.0001,0.0000,0.0000,0.0000,0.0002,0.0002,0.0003,0.0000,0.0000,0.0000,0.0000,0.0000,0.0002,0.0003,0.0001,0.0000,0.0000,0.0000,0.0000,0.0000,0.0026,0.0000,0.0000,0.0000,0.0000,0.0000,0.0000,0.0000
olympus/pic.0489.jpg,0.0003,0.0018,0.0015,0.0001,0.0002,0.0002,0.0001,0.0006,0.0000,0.0033,0.6410,0.0148,0.0183,0.0003,0.0001,0.0000,0.0000,0.0002,0.1494,0.1569,0.0076,0.0001,0.0000,0.0000,0.0000,0.0000,0.0003,0.0029,0.0001,0.0000,0.0000,0.0000,0.0000,0.0000,0.0000,0.0000,0.0000,0.0000,0.0000,0.0000,0.0000,0.0000,0.0000,0.0000,0.0000,0.0000,0.0000,0.0000,0.0000,0.0000,0.0000,0.0000,0.0000,0.0000,0.0000,0.0000,0.0000,0.0000,0.0000,0.0000,0.0000,0.0000,0.0000,0.0000
olympus/pic.0490.jpg,0.0002,0.0003,0.0095,0.0022,0.0025,0.0015,0.0009,0.0033,0.0000,0.0001,0.0221,0.0617,0.0090,0.0011,0.0003,0.0000,0.0000,0.0002,0.3675,0.5078,0.0056,0.0004,0.0000,0.0000,0.0000,0.0001,0.0023,0.0007,0.0002,0.0000,0.0000,0.0000,0.0000,0.0000,0.0001,0.0000,0.0000,0.0000,0.0000,0.0000,0.0000,0.0000,0.0000,0.0000,0.0000,0.0000,0.0000,0.0000,0.0000,0.0000,0.0000,0.0000,0.0000,0.0000,0.0000,0.0000,0.0001,0.0000,0.0000,0.0000,0.0000,0.0000,0.0000,0.0000
olympus/pic.0491.jpg,0.0012,0.0005,0.0005,0.0002,0.0001,0.0001,0.0000,0.0008,0.0003,0.0004,0.0142,0.0001,0.0000,0.0000,0.0000,0.0000,0.0002,0.0005,0.9705,0.0003,0.0000,0.0000,0.0000,0.0000,0.0001,0.0002,0.0054,0.0004,0.0001,0.0000,0.0000,0.0000,0.0002,0.0001,0.0003,0.0002,0.0001,0.0000,0.0000,0.0000,0.0001,0.0001,0.0002,0.0000,0.0000,0.0000,0.0000,0.0000,0.0001,0.0001,0.0000,0.0000,0.0000,0.0000,0.0000,0.0000,0.0023,0.0000,0.0000,0.0000,0.0000,0.0000,0.0000,0.0000
olympus/pic.0492.jpg,0.0009,0.0005,0.0007,0.0006,0.0008,0.0005,0.0002,0.0105,0.0001,0.0005,0.0090,0.0085,0.0018,0.0005,0.0015,0.0002,0.0000,0.0003,0.3719,0.5243,0.0131,0.0047,0.0005,0.0000,0.0000,0.0004,0.0075,0.0307,0.0074,0.0002,0.0000,0.0000,0.0001,0.0003,0.0001,0.0003,0.0001,0.0000,0.0000,0.0000,0.0001,0.0001,0.0001,0.0000,0.0000,0.0000,0.0000,0.0000,0.0001,0.0001,0.0000,0.0000,0.0000,0.0000,0.0000,0.0000,0.0006,0.0000,0.0000,0.0000,0.0000,0.0000,0.0000,0.0000
olympus/pic.0493.jpg,0.0020,0.0006,0.0005,0.0000,0.0000,0.0000,0.0000,0.0002,0.0005,0.0000,0.0014,0.0001,0.0000,0.0000,0.0000,0.0000,0.0000,0.0011,0.9928,0.0002,0.0000,0.0000,0.0000,0.0000,0.0000,0.0000,0.0004,0.0001,0.0000,0.0000,0.0000,0.0000,0.0000,0.0000,0.0000,0.0000,0.0000,0.0000,0.0000,0.0000,0.0000,0.0000,0.0000,0.0000,0.0000,0.0000,0.0000,0.0000,0.0000,0.0000,0.0000,0.0000,0.0000,0.0000,0.0000,0.0000,0.0001,0.0000,0.0000,0.0000,0.0000,0.0000,0.0000,0.0000
olympus/pic.0494.jpg,0.0000,0.0000,0.0000,0.0000,0.0000,0.0000,0.0000,0.0000,0.0000,0.0000,0.0003,0.0000,0.0000,0.0000,0.0000,0.0000,0.0000,0.0001,0.9988,0.0002,0.0000,0.0000,0.0000,0.0000,0.0000,0.0000,0.0003,0.0000,0.0000,0.0000,0.0000,0.0000,0.0000,0.0000,0.0000,0.0000,0.0000,0.0000,0.0000,0.0000,0.0000,0.0000,0.0000,0.0000,0.0000,0.0000,0.0000,0.0000,0.0000,0.0000,0.0000,0.0000,0.0000,0.0000,0.0000,0.0000,0.0001,0.0000,0.0000,0.0000,0.0000,0.0000,0.0000,0.0000
olympus/pic.0495.jpg,0.0033,0.0065,0.0061,0.0004,0.0004,0.0002,0.0001,0.0011,0.0004,0.0011,0.0256,0.0016,0.0002,0.0000,0.0000,0.0000,0.0001,0.0028,0.8899,0.0032,0.0000,0.0000,0.0000,0.0000,0.0028,0.0291,0.0078,0.0003,0.0001,0.0000,0.0000,0.0000,0.0110,0.0052,0.0001,0.0000,0.0000,0.0000,0.0000,0.0000,0.0001,0.0000,0.0000,0.0000,0.0000,0.0000,0.0000,0.0000,0.0000,0.0000,0.0000,0.0000,0.0000,0.0000,0.0000,0.0000,0.0003,0.0000,0.0000,0.0000,0.0000,0.0000,0.0000,0.0000
olympus/pic.0496.jpg,0.0018,0.0027,0.0035,0.0003,0.0006,0.0001,0.0000,0.0006,0.0003,0.0005,0.0425,0.0014,0.0001,0.0000,0.0000,0.0000,0.0001,0.0024,0.9386,0.0012,0.0000,0.0000,0.0000,0.0000,0.0001,0.0002,0.0023,0.0001,0.0000,0.0000,0.0000,0.0000,0.0001,0.0002,0.0000,0.0000,0.0000,0.0000,0.0000,0.0000,0.0001,0.0000,0.0000,0.0000,0.0000,0.0000,0.0000,0.0000,0.0000,0.0000,0.0000,0.0000,0.0000,0.0000,0.0000,0.0000,0.0002,0.0000,0.0000,0.0000,0.0000,0.0000,0.0000,0.0000
olympus/pic.0497.jpg,0.0039,0.0073,0.0071,0.0043,0.0121,0.0086,0.0053,0.0395,0.0005,0.0004,0.0258,0.0812,0.0207,0.0025,0.0018,0.0001,0.0001,0.0012,0.5009,0.2589,0.0064,0.0014,0.0001,0.0000,0.0002,0.0004,0.0033,0.0014,0.0010,0.0000,0.0000,0.0000,0.0001,0.0002,0.0002,0.0004,0.0002,0.0000,0.0000,0.0000,0.0001,0.0000,0.0002,0.0000,0.0000,0.0000,0.0000,0.0000,0.0001,0.0001,0.0001,0.0000,0.0000,0.0000,0.0000,0.0000,0.0019,0.0000,0.0000,0.0000,0.0000,0.0000,0.0000,0.0000
olympus/pic.0498.jpg,0.0003,0.0003,0.0005,0.0004,0.0013,0.0009,0.0004,0.0051,0.0000,0.0002,0.0512,0.0894,0.0126,0.0007,0.0007,0.0000,0.0000,0.0001,0.2873,0.4956,0.0118,0.0021,0.0001,0.0000,0.0000,0.0000,0.0066,0.0279,0.0037,0.0001,0.0000,0.0000,0.0000,0.0000,0.0001,0.0003,0.0001,0.0000,0.0000,0.0000,0.0000,0.0000,0.0000,0.0000,0.0000,0.0000,0.0000,0.0000,0.0000,0.0000,0.0000,0.0000,0.0000,0.0000,0.0000,0.0000,0.0001,0.0000,0.0000,0.0000,0.0000,0.0000,0.0000,0.0000
olympus/pic.0499.jpg,0.0034,0.0056,0.0117,0.0028,0.0013,0.0006,0.0003,0.0072,0.0005,0.0001,0.0640,0.0231,0.0019,0.0004,0.0007,0.0001,0.0001,0.0020,0.7408,0.0717,0.0034,0.0014,0.0002,0.0000,0.0001,0.0009,0.0373,0.0049,0.0021,0.0001,0.0000,0.0000,0.0002,0.0011,0.0018,0.0004,0.0002,0.0000,0.0000,0.0000,0.0001,0.0005,0.0004,0.0000,0.0000,0.0000,0.0000,0.0000,0.0004,0.0004,0.0002,0.0000,0.0000,0.0000,0.0000,0.0000,0.0055,0.0000,0.0000,0.0000,0.0000,0.0000,0.0000,0.0000
olympus/pic.0500.jpg,0.0006,0.0003,0.0005,0.0007,0.0041,0.0070,0.0064,0.0467,0.0001,0.0001,0.0033,0.0596,0.0369,0.0060,0.0023,0.0003,0.0001,0.0002,0.3424,0.4171,0.0126,0.0024,0.0003,0.0000,0.0001,0.0003,0.0274,0.0113,0.0043,0.0001,0.0000,0.0000,0.0001,0.0002,0.0010,0.0015,0.0004,0.0000,0.0000,0.0000,0.0000,0.0001,0.0006,0.0000,0.0000,0.0000,0.0000,0.0000,0.0001,0.0003,0.0002,0.0000,0.0000,0.0000,0.0000,0.0000,0.0021,0.0000,0.0000,0.0000,0.0000,0.0000,0.0000,0.0000
olympus/pic.0501.jpg,0.0024,0.0018,0.0046,0.0095,0.0148,0.0102,0.0070,0.0372,0.0003,0.0005,0.0264,0.1604,0.0474,0.0063,0.0032,0.0002,0.0002,0.0012,0.2684,0.3448,0.0240,0.0032,0.0009,0.0000,0.0001,0.0008,0.0101,0.0066,0.0023,0.0003,0.0000,0.0000,0.0002,0.0003,0.0006,0.0010,0.0008,0.0000,0.0000,0.0000,0.0001,0.0001,0.0003,0.0000,0.0000,0.0000,0.0000,0.0000,0.0001,0.0001,0.0000,0.0000,0.0000,0.0000,0.0000,0.0000,0.0015,0.0000,0.0000,0.0000,0.0000,0.0000,0.0000,0.0000
olympus/pic.0502.jpg,0.0000,0.0000,0.0000,0.0000,0.0000,0.0000,0.0000,0.0000,0.0000,0.0000,0.0000,0.0000,0.0000,0.0000,0.0000,0.0000,0.0000,0.0000,0.9722,0.0001,0.0000,0.0000,0.0000,0.0000,0.0000,0.0023,0.0155,0.0000,0.0000,0.0000,0.0000,0.0000,0.0004,0.0071,0.0000,0.0000,0.0000,0.0000,0.0000,0.0000,0.0008,0.0018,0.0000,0.0000,0.0000,0.0000,0.0000,0.0000,0.0000,0.0000,0.0000,0.0000,0.0000,0.0000,0.0000,0.0000,0.0000,0.0000,0.0000,0.0000,0.0000,0.0000,0.0000,0.0000
olympus/pic.0503.jpg,0.0000,0.0000,0.0000,0.0000,0.0000,0.0000,0.0000,0.0000,0.0000,0.0000,0.0000,0.0000,0.0000,0.0000,0.0000,0.0000,0.0000,0.0000,0.0029,0.0010,0.0000,0.0000,0.0000,0.0000,0.0000,0.0000,0.6846,0.2297,0.0000,0.0000,0.0000,0.0000,0.0000,0.0003,0.0700,0.0040,0.0000,0.0000,0.0000,0.0000,0.0010,0.0006,0.0004,0.0000,0.0000,0.0000,0.0000,0.0000,0.0038,0.0004,0.0000,0.0000,0.0000,0.0000,0.0000,0.0000,0.0012,0.0000,0.0000,0.0000,0.0000,0.0000,0.0000,0.0000
olympus/pic.0504.jpg,0.0018,0.0012,0.0042,0.0034,0.0004,0.0001,0.0001,0.0006,0.0004,0.0008,0.2074,0.0287,0.0003,0.0000,0.0000,0.0000,0.0004,0.0020,0.6314,0.0073,0.0001,0.0000,0.0000,0.0000,0.0004,0.0049,0.0611,0.0014,0.0001,0.0000,0.0000,0.0000,0.0006,0.0098,0.0121,0.0004,0.0001,0.0000,0.0000,0.0000,0.0018,0.0074,0.0011,0.0000,0.0000,0.0000,0.0000,0.0000,0.0036,0.0013,0.0001,0.0000,0.0000,0.0000,0.0000,0.0000,0.0033,0.0000,0.0000,0.0000,0.0000,0.0000,0.0000,0.0000
olympus/pic.0505.jpg,0.0031,0.0016,0.0042,0.0013,0.0002,0.0000,0.0000,0.0003,0.0008,0.0019,0.2892,0.0082,0.0000,0.0000,0.0000,0.0000,0.0006,0.0034,0.5783,0.0074,0.0002,0.0001,0.0000,0.0000,0.0007,0.0064,0.0442,0.0011,0.0002,0.0000,0.0000,0.0000,0.0013,0.0085,0.0165,0.0001,0.0000,0.0000,0.0000,0.0000,0.0032,0.0066,0.0009,0.0000,0.0000,0.0000,0.0000,0.0000,0.0038,0.0010,0.0000,0.0000,0.0000,0.0000,0.0000,0.0000,0.0048,0.0000,0.0000,0.0000,0.0000,0.0000,0.0000,0.0000
olympus/pic.0506.jpg,0.0009,0.0004,0.0020,0.0013,0.0063,0.0007,0.0001,0.0005,0.0003,0.0002,0.0033,0.0028,0.0007,0.0000,0.0000,0.0000,0.0002,0.0006,0.5096,0.0024,0.0001,0.0000,0.0000,0.0000,0.0003,0.0023,0.3570,0.0024,0.0001,0.0000,0.0000,0.0000,0.0005,0.0192,0.0617,0.0008,0.0001,0.0000,0.0000,0.0000,0.0014,0.0079,0.0031,0.0000,0.0000,0.0000,0.0000,0.0000,0.0019,0.0019,0.0001,0.0000,0.0000,0.0000,0.0000,0.0000,0.0071,0.0000,0.0000,0.0000,0.0000,0.0000,0.0000,0.0000
olympus/pic.0507.jpg,0.0008,0.0002,0.0001,0.0000,0.0000,0.0000,0.0000,0.0001,0.0002,0.0003,0.0311,0.0002,0.0000,0.0000,0.0000,0.0000,0.0002,0.0009,0.7527,0.0006,0.0000,0.0000,0.0000,0.0000,0.0003,0.0011,0.0446,0.0005,0.0000,0.0000,0.0000,0.0000,0.0003,0.0030,0.0273,0.0002,0.0000,0.0000,0.0000,0.0000,0.0012,0.0120,0.0996,0.0000,0.0000,0.0000,0.0000,0.0000,0.0105,0.0091,0.0006,0.0000,0.0000,0.0000,0.0000,0.0000,0.0021,0.0000,0.0000,0.0000,0.0000,0.0000,0.0000,0.0000
olympus/pic.0508.jpg,0.0082,0.0103,0.0580,0.0008,0.0002,0.0001,0.0001,0.0010,0.0040,0.0149,0.2953,0.0044,0.0012,0.0001,0.0001,0.0000,0.0013,0.0276,0.4869,0.0484,0.0010,0.0003,0.0001,0.0000,0.0007,0.0093,0.0092,0.0018,0.0005,0.0000,0.0000,0.0000,0.0024,0.0083,0.0002,0.0001,0.0001,0.0000,0.0000,0.0000,0.0016,0.0008,0.0000,0.0000,0.0000,0.0000,0.0000,0.0000,0.0003,0.0001,0.0000,0.0000,0.0000,0.0000,0.0000,0.0000,0.0003,0.0000,0.0000,0.0000,0.0000,0.0000,0.0000,0.0000
olympus/pic.0509.jpg,0.0384,0.0072,0.0032,0.0007,0.0004,0.0003,0.0001,0.0027,0.0081,0.0251,0.0217,0.0020,0.0009,0.0001,0.0001,0.0000,0.0019,0.0881,0.7434,0.0243,0.0010,0.0004,0.0002,0.0000,0.0013,0.0030,0.0064,0.0089,0.0022,0.0001,0.0000,0.0000,0.0005,0.0008,0.0005,0.0014,0.0014,0.0000,0.0000,0.0000,0.0004,0.0001,0.0004,0.0000,0.0000,0.0000,0.0000,0.0000,0.0002,0.0001,0.0001,0.0000,0.0000,0.0000,0.0000,0.0000,0.0021,0.0000,0.0000,0.0000,0.0000,0.0000,0.0000,0.0000
olympus/pic.0510.jpg,0.0138,0.0058,0.0036,0.0006,0.0003,0.0001,0.0000,0.0008,0.0027,0.0093,0.0256,0.0014,0.0001,0.0000,0.0000,0.0000,0.0008,0.0170,0.8595,0.0218,0.0003,0.0002,0.0000,0.0000,0.0005,0.0017,0.0257,0.0048,0.0008,0.0000,0.0000,0.0000,0.0002,0.0003,0.0006,0.0003,0.0001,0.0000,0.0000,0.0000,0.0001,0.0001,0.0001,0.0000,0.0000,0.0000,0.0000,0.0000,0.0000,0.0001,0.0000,0.0000,0.0000,0.0000,0.0000,0.0000,0.0007,0.0000,0.0000,0.0000,0.0000,0.0000,0.0000,0.0000
olympus/pic.0511.jpg,0.0001,0.0000,0.0000,0.0000,0.0000,0.0000,0.0000,0.0000,0.0000,0.0000,0.9977,0.0000,0.0000,0.0000,0.0000,0.0000,0.0000,0.0000,0.0021,0.0000,0.0000,0.0000,0.0000,0.0000,0.0000,0.0000,0.0000,0.0000,0.0000,0.0000,0.0000,0.0000,0.0000,0.0000,0.0000,0.0000,0.0000,0.0000,0.0000,0.0000,0.0000,0.0000,0.0000,0.0000,0.0000,0.0000,0.0000,0.0000,0.0000,0.0000,0.0000,0.0000,0.0000,0.0000,0.0000,0.0000,0.0000,0.0000,0.0000,0.0000,0.0000,0.0000,0.0000,0.0000
olympus/pic.0512.jpg,0.0004,0.0001,0.0002,0.0000,0.0000,0.0000,0.0000,0.0001,0.0001,0.0000,0.0003,0.0001,0.0000,0.0000,0.0000,0.0000,0.0001,0.0002,0.9975,0.0001,0.0000,0.0000,0.0000,0.0000,0.0000,0.0001,0.0002,0.0000,0.0000,0.0000,0.0000,0.0000,0.0001,0.0000,0.0000,0.0000,0.0000,0.0000,0.0000,0.0000,0.0000,0.0000,0.0000,0.0000,0.0000,0.0000,0.0000,0.0000,0.0000,0.0000,0.0000,0.0000,0.0000,0.0000,0.0000,0.0000,0.0001,0.0000,0.0000,0.0000,0.0000,0.0000,0.0000,0.0000
olympus/pic.0513.jpg,0.0001,0.0000,0.0001,0.0001,0.0000,0.0000,0.0000,0.0000,0.0000,0.0000,0.0076,0.0003,0.0000,0.0000,0.0000,0.0000,0.0000,0.0002,0.9121,0.0008,0.0000,0.0000,0.0000,0.0000,0.0000,0.0067,0.0447,0.0002,0.0000,0.0000,0.0000,0.0000,0.0000,0.0148,0.0005,0.0001,0.0000,0.0000,0.0000,0.0000,0.0037,0.0048,0.0000,0.0000,0.0000,0.0000,0.0000,0.0000,0.0029,0.0001,0.0000,0.0000,0.0000,0.0000,0.0000,0.0000,0.0001,0.0000,0.0000,0.0000,0.0000,0.0000,0.0000,0.0000
olympus/pic.0514.jpg,0.0000,0.0000,0.0000,0.0000,0.0000,0.0000,0.0000,0.0000,0.0000,0.0000,0.0019,0.0014,0.0001,0.0000,0.0000,0.0000,0.0000,0.0000,0.9210,0.0105,0.0001,0.0000,0.0000,0.0000,0.0000,0.0000,0.0135,0.0479,0.0001,0.0000,0.0000,0.0000,0.0000,0.0000,0.0007,0.0021,0.0000,0.0000,0.0000,0.0000,0.0000,0.0000,0.0003,0.0000,0.0000,0.0000,0.0000,0.0000,0.0000,0.0001,0.0000,0.0000,0.0000,0.0000,0.0000,0.0000,0.0002,0.0000,0.0000,0.0000,0.0000,0.0000,0.0000,0.0000
olympus/pic.0515.jpg,0.0000,0.0000,0.0000,0.0000,0.0000,0.0000,0.0000,0.0000,0.0000,0.0000,0.0038,0.0000,0.0000,0.0000,0.0000,0.0000,0.0000,0.0000,0.9782,0.0000,0.0000,0.0000,0.0000,0.0000,0.0000,0.0000,0.0179,0.0000,0.0000,0.0000,0.0000,0.0000,0.0000,0.0000,0.0000,0.0000,0.0000,0.0000,0.0000,0.0000,0.0000,0.0000,0.0000,0.0000,0.0000,0.0000,0.0000,0.0000,0.0000,0.0000,0.0000,0.0000,0.0000,0.0000,0.0000,0.0000,0.0000,0.0000,0.0000,0.0000,0.0000,0.0000,0.0000,0.0000
olympus/pic.0516.jpg,0.0000,0.0000,0.0000,0.0000,0.0000,0.0000,0.0000,0.0000,0.0000,0.0000,0.0369,0.0000,0.0000,0.0000,0.0000,0.0000,0.0000,0.0000,0.9574,0.0001,0.0000,0.0000,0.0000,0.0000,0.0000,0.0007,0.0038,0.0000,0.0000,0.0000,0.0000,0.0000,0.0000,0.0011,0.0000,0.0000,0.0000,0.0000,0.0000,0.0000,0.0000,0.0000,0.0000,0.0000,0.0000,0.0000,0.0000,0.0000,0.0000,0.0000,0.0000,0.0000,0.0000,0.0000,0.0000,0.0000,0.0000,0.0000,0.0000,0.0000,0.0000,0.0000,0.0000,0.0000
olympus/pic.0517.jpg,0.0001,0.0000,0.0000,0.0003,0.0011,0.0005,0.0002,0.0010,0.0000,0.0000,0.0002,0.6448,0.0034,0.0001,0.0001,0.0000,0.0000,0.0000,0.0665,0.0670,0.0007,0.0001,0.0000,0.0000,0.0000,0.0001,0.2005,0.0035,0.0003,0.0000,0.0000,0.0000,0.0000,0.0001,0.0050,0.0007,0.0002,0.0000,0.0000,0.0000,0.0000,0.0002,0.0013,0.0000,0.0000,0.0000,0.0000,0.0000,0.0000,0.0006,0.0000,0.0000,0.0000,0.0000,0.0000,0.0000,0.0011,0.0000,0.0000,0.0000,0.0000,0.0000,0.0000,0.0000
olympus/pic.0518.jpg,0.0000,0.0000,0.0004,0.0001,0.0000,0.0000,0.0000,0.0000,0.0000,0.0000,0.0303,0.0011,0.0000,0.0000,0.0000,0.0000,0.0000,0.0001,0.2540,0.0294,0.0000,0.0000,0.0000,0.0000,0.0000,0.0004,0.3426,0.0004,0.0000,0.0000,0.0000,0.0000,0.0000,0.2341,0.0704,0.0000,0.0000,0.0000,0.0000,0.0000,0.0000,0.0332,0.0035,0.0000,0.0000,0.0000,0.0000,0.0000,0.0000,0.0001,0.0000,0.0000,0.0000,0.0000,0.0000,0.0000,0.0000,0.0000,0.0000,0.0000,0.0000,0.0000,0.0000,0.0000
olympus/pic.0519.jpg,0.0000,0.0000,0.0000,0.0000,0.0000,0.0000,0.0000,0.0000,0.0000,0.0000,0.0070,0.0027,0.0000,0.0000,0.0000,0.0000,0.0000,0.0000,0.9125,0.0362,0.0000,0.0000,0.0000,0.0000,0.0000,0.0000,0.0351,0.0007,0.0000,0.0000,0.0000,0.0000,0.0000,0.0006,0.0049,0.0000,0.0000,0.0000,0.0000,0.0000,0.0000,0.0001,0.0001,0.0000,0.0000,0.0000,0.0000,0.0000,0.0000,0.0000,0.0000,0.0000,0.0000,0.0000,0.0000,0.0000,0.0000,0.0000,0.0000,0.0000,0.0000,0.0000,0.0000,0.0000
olympus/pic.0520.jpg,0.0002,0.0001,0.0001,0.0001,0.0000,0.0000,0.0000,0.0000,0.0000,0.0000,0.1144,0.0012,0.0000,0.0000,0.0000,0.0000,0.0000,0.0004,0.8779,0.0004,0.0000,0.0000,0.0000,0.0000,0.0000,0.0001,0.0049,0.0000,0.0000,0.0000,0.0000,0.0000,0.0000,0.0000,0.0000,0.0000,0.0000,0.0000,0.0000,0.0000,0.0000,0.0000,0.0000,0.0000,0.0000,0.0000,0.0000,0.0000,0.0000,0.0000,0.0000,0.0000,0.0000,0.0000,0.0000,0.0000,0.0000,0.0000,0.0000,0.0000,0.0000,0.0000,0.0000,0.0000
olympus/pic.0521.jpg,0.0004,0.0046,0.0020,0.0005,0.0000,0.0000,0.0000,0.0001,0.0003,0.0003,0.1296,0.0006,0.0002,0.0000,0.0000,0.0000,0.0001,0.0005,0.8512,0.0016,0.0000,0.0000,0.0000,0.0000,0.0001,0.0002,0.0059,0.0007,0.0000,0.0000,0.0000,0.0000,0.0000,0.0001,0.0000,0.0001,0.0000,0.0000,0.0000,0.0000,0.0001,0.0000,0.0001,0.0000,0.0000,0.0000,0.0000,0.0000,0.0000,0.0000,0.0000,0.0000,0.0000,0.0000,0.0000,0.0000,0.0005,0.0000,0.0000,0.0000,0.0000,0.0000,0.0000,0.0000
olympus/pic.0522.jpg,0.0000,0.0000,0.0001,0.0001,0.0001,0.0000,0.0000,0.0001,0.0000,0.0000,0.0001,0.0058,0.0006,0.0000,0.0000,0.0000,0.0000,0.0000,0.5964,0.1601,0.0016,0.0001,0.0000,0.0000,0.0000,0.0000,0.2217,0.0124,0.0003,0.0000,0.0000,0.0000,0.0000,0.0000,0.0001,0.0001,0.0001,0.0000,0.0000,0.0000,0.0000,0.0000,0.0000,0.0000,0.0000,0.0000,0.0000,0.0000,0.0000,0.0000,0.0000,0.0000,0.0000,0.0000,0.0000,0.0000,0.0000,0.0000,0.0000,0.0000,0.0000,0.0000,0.0000,0.0000
olympus/pic.0523.jpg,0.0008,0.0004,0.0059,0.0057,0.0005,0.0002,0.0000,0.0007,0.0002,0.0002,0.0469,0.0135,0.0002,0.0000,0.0000,0.0000,0.0004,0.0038,0.8796,0.0051,0.0000,0.0000,0.0000,0.0000,0.0002,0.0012,0.0296,0.0007,0.0000,0.0000,0.0000,0.0000,0.0002,0.0006,0.0005,0.0001,0.0001,0.0000,0.0000,0.0000,0.0002,0.0002,0.0001,0.0000,0.0000,0.0000,0.0000,0.0000,0.0001,0.0001,0.0000,0.0000,0.0000,0.0000,0.0000,0.0000,0.0018,0.0000,0.0000,0.0000,0.0000,0.0000,0.0000,0.0000
olympus/pic.0524.jpg,0.0003,0.0000,0.0002,0.0000,0.0000,0.0018,0.0000,0.0008,0.0000,0.0007,0.0001,0.0008,0.0011,0.0000,0.0000,0.0000,0.0000,0.0001,0.3559,0.0426,0.0041,0.0004,0.0008,0.0000,0.0000,0.0014,0.3621,0.1825,0.0177,0.0006,0.0000,0.0000,0.0000,0.0007,0.0011,0.0102,0.0130,0.0000,0.0000,0.0000,0.0002,0.0001,0.0005,0.0000,0.0000,0.0000,0.0000,0.0000,0.0000,0.0001,0.0000,0.0000,0.0000,0.0000,0.0000,0.0000,0.0002,0.0000,0.0000,0.0000,0.0000,0.0000,0.0000,0.0000
olympus/pic.0525.jpg,0.0000,0.0000,0.0000,0.0000,0.0000,0.0000,0.0000,0.0000,0.0000,0.0000,0.0000,0.0000,0.0000,0.0000,0.0000,0.0000,0.0000,0.0001,0.9347,0.0001,0.0000,0.0000,0.0000,0.0000,0.0000,0.0002,0.0637,0.0000,0.0000,0.0000,0.0000,0.0000,0.0000,0.0002,0.0001,0.0001,0.0000,0.0000,0.0000,0.0000,0.0000,0.0001,0.0000,0.0000,0.0000,0.0000,0.0000,0.0000,0.0000,0.0000,0.0000,0.0000,0.0000,0.0000,0.0000,0.0000,0.0004,0.0000,0.0000,0.0000,0.0000,0.0000,0.0000,0.0000
olympus/pic.0526.jpg,0.0000,0.0000,0.0000,0.0000,0.0000,0.0000,0.0000,0.0000,0.0000,0.0000,0.0000,0.0000,0.0000,0.0000,0.0000,0.0000,0.0000,0.0002,0.9646,0.0004,0.0000,0.0000,0.0000,0.0000,0.0000,0.0004,0.0207,0.0002,0.0000,0.0000,0.0000,0.0000,0.0000,0.0007,0.0123,0.0000,0.0000,0.0000,0.0000,0.0000,0.0000,0.0001,0.0002,0.0000,0.0000,0.0000,0.0000,0.0000,0.0000,0.0000,0.0000,0.0000,0.0000,0.0000,0.0000,0.0000,0.0000,0.0000,0.0000,0.0000,0.0000,0.0000,0.0000,0.0000
olympus/pic.0527.jpg,0.0000,0.0000,0.0000,0.0000,0.0000,0.0000,0.0000,0.0000,0.0000,0.0000,0.0000,0.0000,0.0000,0.0000,0.0000,0.0000,0.0000,0.0000,0.0594,0.0515,0.0000,0.0000,0.0000,0.0000,0.0000,0.0001,0.5592,0.0233,0.0001,0.0000,0.0000,0.0000,0.0000,0.0031,0.2959,0.0004,0.0000,0.0000,0.0000,0.0000,0.0000,0.0012,0.0030,0.0000,0.0000,0.0000,0.0000,0.0000,0.0000,0.0008,0.0001,0.0000,0.0000,0.0000,0.0000,0.0000,0.0018,0.0000,0.0000,0.0000,0.0000,0.0000,0.0000,0.0000
olympus/pic.0528.jpg,0.0001,0.0000,0.0001,0.0003,0.0005,0.0002,0.0000,0.0000,0.0000,0.0000,0.0012,0.5434,0.0072,0.0001,0.0001,0.0000,0.0000,0.0006,0.3639,0.0614,0.0015,0.0000,0.0000,0.0000,0.0000,0.0003,0.0172,0.0017,0.0000,0.0000,0.0000,0.0000,0.0000,0.0000,0.0000,0.0000,0.0000,0.0000,0.0000,0.0000,0.0000,0.0000,0.0000,0.0000,0.0000,0.0000,0.0000,0.0000,0.0000,0.0000,0.0000,0.0000,0.0000,0.0000,0.0000,0.0000,0.0000,0.0000,0.0000,0.0000,0.0000,0.0000,0.0000,0.0000
olympus/pic.0529.jpg,0.0000,0.0000,0.0000,0.0000,0.0001,0.0000,0.0000,0.0000,0.0000,0.0000,0.0000,0.0174,0.0003,0.0000,0.0000,0.0000,0.0000,0.0000,0.0414,0.5178,0.0005,0.0000,0.0000,0.0000,0.0000,0.0000,0.0706,0.3358,0.0015,0.0000,0.0000,0.0000,0.0000,0.0010,0.0104,0.0023,0.0001,0.0000,0.0000,0.0000,0.0000,0.0004,0.0002,0.0000,0.0000,0.0000,0.0000,0.0000,0.0000,0.0000,0.0000,0.0000,0.0000,0.0000,0.0000,0.0000,0.0000,0.0000,0.0000,0.0000,0.0000,0.0000,0.0000,0.0000
olympus/pic.0530.jpg,0.0000,0.0000,0.0000,0.0000,0.0000,0.0000,0.0000,0.0000,0.0000,0.0000,0.0001,0.0002,0.0000,0.0000,0.0000,0.0000,0.0000,0.0005,0.9665,0.0136,0.0000,0.0000,0.0000,0.0000,0.0000,0.0001,0.0153,0.0037,0.0000,0.0000,0.0000,0.0000,0.0000,0.0000,0.0000,0.0000,0.0000,0.0000,0.0000,0.0000,0.0000,0.0000,0.0000,0.0000,0.0000,0.0000,0.0000,0.0000,0.0000,0.0000,0.0000,0.0000,0.0000,0.0000,0.0000,0.0000,0.0000,0.0000,0.0000,0.0000,0.0000,0.0000,0.0000,0.0000
olympus/pic.0531.jpg,0.0005,0.0005,0.0006,0.0001,0.0001,0.0000,0.0000,0.0001,0.0000,0.0003,0.0181,0.0001,0.0000,0.0000,0.0000,0.0000,0.0000,0.0002,0.0521,0.0001,0.0000,0.0000,0.0000,0.0000,0.0000,0.0001,0.6469,0.0432,0.0000,0.0000,0.0000,0.0000,0.0000,0.0001,0.2255,0.0081,0.0000,0.0000,0.0000,0.0000,0.0000,0.0000,0.0021,0.0000,0.0000,0.0000,0.0000,0.0000,0.0000,0.0002,0.0000,0.0000,0.0000,0.0000,0.0000,0.0000,0.0006,0.0000,0.0000,0.0000,0.0000,0.0000,0.0000,0.0000
olympus/pic.0532.jpg,0.0001,0.0000,0.0000,0.0000,0.0000,0.0000,0.0000,0.0001,0.0000,0.0000,0.0004,0.0001,0.0000,0.0000,0.0000,0.0000,0.0001,0.0003,0.4299,0.0005,0.0000,0.0000,0.0000,0.0000,0.0002,0.0057,0.0446,0.0004,0.0001,0.0000,0.0000,0.0000,0.0006,0.0121,0.2949,0.0003,0.0000,0.0000,0.0000,0.0000,0.0043,0.0115,0.0937,0.0000,0.0000,0.0000,0.0000,0.0000,0.0313,0.0614,0.0000,0.0000,0.0000,0.0000,0.0000,0.0000,0.0069,0.0003,0.0000,0.0000,0.0000,0.0000,0.0000,0.0000
olympus/pic.0533.jpg,0.0002,0.0001,0.0001,0.0001,0.0000,0.0001,0.0000,0.0005,0.0001,0.0006,0.0042,0.0003,0.0001,0.0000,0.0000,0.0000,0.0001,0.0023,0.2865,0.0012,0.0001,0.0002,0.0001,0.0000,0.0003,0.0104,0.2433,0.0058,0.0005,0.0000,0.0000,0.0000,0.0004,0.0254,0.1519,0.0080,0.0032,0.0000,0.0000,0.0000,0.0014,0.0890,0.0574,0.0000,0.0000,0.0000,0.0000,0.0000,0.0053,0.0860,0.0037,0.0000,0.0000,0.0000,0.0000,0.0000,0.0108,0.0002,0.0000,0.0000,0.0000,0.0000,0.0000,0.0000
olympus/pic.0534.jpg,0.0037,0.0008,0.0009,0.0002,0.0001,0.0001,0.0000,0.0006,0.0011,0.0023,0.0083,0.0005,0.0002,0.0000,0.0000,0.0000,0.0010,0.0217,0.2909,0.0023,0.0001,0.0001,0.0000,0.0000,0.0010,0.0124,0.2628,0.0075,0.0008,0.0000,0.0000,0.0000,0.0008,0.0611,0.1358,0.0078,0.0017,0.0000,0.0000,0.0000,0.0017,0.0863,0.0496,0.0001,0.0000,0.0000,0.0000,0.0000,0.0012,0.0203,0.0018,0.0000,0.0000,0.0000,0.0000,0.0000,0.0122,0.0001,0.0000,0.0000,0.0000,0.0000,0.0000,0.0000
olympus/pic.0535.jpg,0.0039,0.0015,0.0016,0.0003,0.0001,0.0000,0.0000,0.0003,0.0010,0.0014,0.0082,0.0005,0.0000,0.0000,0.0000,0.0000,0.0010,0.0037,0.5933,0.0013,0.0000,0.0000,0.0000,0.0000,0.0008,0.0095,0.3084,0.0014,0.0001,0.0000,0.0000,0.0000,0.0011,0.0122,0.0426,0.0004,0.0001,0.0000,0.0000,0.0000,0.0005,0.0008,0.0006,0.0000,0.0000,0.0000,0.0000,0.0000,0.0005,0.0003,0.0000,0.0000,0.0000,0.0000,0.0000,0.0000,0.0024,0.0000,0.0000,0.0000,0.0000,0.0000,0.0000,0.0000
olympus/pic.0536.jpg,0.0010,0.0003,0.0008,0.0002,0.0002,0.0013,0.0000,0.0008,0.0004,0.0021,0.0116,0.0010,0.0014,0.0000,0.0000,0.0000,0.0006,0.0053,0.3537,0.0023,0.0001,0.0001,0.0002,0.0000,0.0007,0.0094,0.3503,0.0039,0.0002,0.0000,0.0000,0.0000,0.0007,0.0559,0.1055,0.0016,0.0002,0.0000,0.0000,0.0000,0.0015,0.0537,0.0275,0.0000,0.0000,0.0000,0.0000,0.0000,0.0012,0.0024,0.0001,0.0000,0.0000,0.0000,0.0000,0.0000,0.0020,0.0000,0.0000,0.0000,0.0000,0.0000,0.0000,0.0000
olympus/pic.0537.jpg,0.0007,0.0004,0.0009,0.0002,0.0001,0.0000,0.0000,0.0003,0.0004,0.0018,0.0178,0.0007,0.0001,0.0000,0.0000,0.0000,0.0003,0.0076,0.4465,0.0012,0.0000,0.0000,0.0000,0.0000,0.0005,0.0149,0.2762,0.0013,0.0000,0.0000,0.0000,0.0000,0.0005,0.0710,0.0905,0.0003,0.0001,0.0000,0.0000,0.0000,0.0010,0.0543,0.0059,0.0000,0.0000,0.0000,0.0000,0.0000,0.0008,0.0015,0.0000,0.0000,0.0000,0.0000,0.0000,0.0000,0.0021,0.0000,0.0000,0.0000,0.0000,0.0000,0.0000,0.0000
olympus/pic.0538.jpg,0.0007,0.0004,0.0014,0.0002,0.0002,0.0008,0.0000,0.0003,0.0005,0.0008,0.0140,0.0011,0.0010,0.0000,0.0000,0.0000,0.0007,0.0042,0.3543,0.0018,0.0001,0.0000,0.0002,0.0000,0.0008,0.0125,0.3603,0.0042,0.0001,0.0000,0.0000,0.0000,0.0012,0.0569,0.0964,0.0014,0.0001,0.0000,0.0000,0.0000,0.0020,0.0533,0.0199,0.0000,0.0000,0.0000,0.0000,0.0000,0.0015,0.0027,0.0001,0.0000,0.0000,0.0000,0.0000,0.0000,0.0039,0.0000,0.0000,0.0000,0.0000,0.0000,0.0000,0.0000
olympus/pic.0539.jpg,0.0004,0.0001,0.0001,0.0000,0.0000,0.0000,0.0000,0.0000,0.0001,0.0012,0.0129,0.0005,0.0000,0.0000,0.0000,0.0000,0.0001,0.0386,0.8005,0.0002,0.0000,0.0000,0.0000,0.0000,0.0000,0.0313,0.0946,0.0032,0.0000,0.0000,0.0000,0.0000,0.0002,0.0128,0.0024,0.0001,0.0000,0.0000,0.0000,0.0000,0.0001,0.0001,0.0001,0.0000,0.0000,0.0000,0.0000,0.0000,0.0000,0.0000,0.0000,0.0000,0.0000,0.0000,0.0000,0.0000,0.0001,0.0000,0.0000,0.0000,0.0000,0.0000,0.0000,0.0000
olympus/pic.0540.jpg,0.0041,0.0038,0.0059,0.0006,0.0001,0.0000,0.0000,0.0002,0.0002,0.0007,0.0501,0.0004,0.0000,0.0000,0.0000,0.0000,0.0001,0.0005,0.9307,0.0002,0.0000,0.0000,0.0000,0.0000,0.0001,0.0001,0.0010,0.0001,0.0000,0.0000,0.0000,0.0000,0.0000,0.0001,0.0001,0.0000,0.0000,0.0000,0.0000,0.0000,0.0000,0.0000,0.0001,0.0000,0.0000,0.0000,0.0000,0.0000,0.0000,0.0001,0.0000,0.0000,0.0000,0.0000,0.0000,0.0000,0.0005,0.0000,0.0000,0.0000,0.0000,0.0000,0.0000,0.0000
olympus/pic.0541.jpg,0.0002,0.0000,0.0001,0.0000,0.0000,0.0000,0.0000,0.0000,0.0001,0.0001,0.0004,0.0000,0.0000,0.0000,0.0000,0.0000,0.0001,0.0006,0.9273,0.0009,0.0000,0.0000,0.0000,0.0000,0.0001,0.0007,0.0657,0.0023,0.0000,0.0000,0.0000,0.0000,0.0001,0.0004,0.0002,0.0001,0.0000,0.0000,0.0000,0.0000,0.0001,0.0001,0.0000,0.0000,0.0000,0.0000,0.0000,0.0000,0.0000,0.0000,0.0000,0.0000,0.0000,0.0000,0.0000,0.0000,0.0003,0.0000,0.0000,0.0000,0.0000,0.0000,0.0000,0.0000
olympus/pic.0542.jpg,0.0033,0.0010,0.0014,0.0007,0.0004,0.0001,0.0000,0.0006,0.0011,0.0006,0.0079,0.0018,0.0001,0.0000,0.0000,0.0000,0.0009,0.0035,0.8935,0.0086,0.0001,0.0000,0.0000,0.0000,0.0009,0.0043,0.0490,0.0010,0.0002,0.0000,0.0000,0.0000,0.0009,0.0068,0.0024,0.0002,0.0001,0.0000,0.0000,0.0000,0.0008,0.0017,0.0003,0.0000,0.0000,0.0000,0.0000,0.0000,0.0010,0.0004,0.0000,0.0000,0.0000,0.0000,0.0000,0.0000,0.0043,0.0000,0.0000,0.0000,0.0000,0.0000,0.0000,0.0000
olympus/pic.0543.jpg,0.0015,0.0002,0.0002,0.0001,0.0000,0.0001,0.0000,0.0008,0.0006,0.0002,0.0006,0.0006,0.0002,0.0000,0.0000,0.0000,0.0008,0.0030,0.7435,0.0311,0.0008,0.0001,0.0001,0.0000,0.0008,0.0023,0.1970,0.0081,0.0004,0.0000,0.0000,0.0000,0.0008,0.0007,0.0009,0.0006,0.0003,0.0000,0.0000,0.0000,0.0003,0.0002,0.0004,0.0000,0.0000,0.0000,0.0000,0.0000,0.0002,0.0002,0.0000,0.0000,0.0000,0.0000,0.0000,0.0000,0.0022,0.0000,0.0000,0.0000,0.0000,0.0000,0.0000,0.0000
olympus/pic.0544.jpg,0.0001,0.0001,0.0001,0.0001,0.0000,0.0000,0.0000,0.0000,0.0001,0.0001,0.0072,0.0001,0.0000,0.0000,0.0000,0.0000,0.0001,0.0004,0.7503,0.0002,0.0000,0.0000,0.0000,0.0000,0.0001,0.0058,0.1851,0.0004,0.0000,0.0000,0.0000,0.0000,0.0006,0.0231,0.0193,0.0001,0.0000,0.0000,0.0000,0.0000,0.0018,0.0020,0.0004,0.0000,0.0000,0.0000,0.0000,0.0000,0.0007,0.0003,0.0000,0.0000,0.0000,0.0000,0.0000,0.0000,0.0014,0.0000,0.0000,0.0000,0.0000,0.0000,0.0000,0.0000
olympus/pic.0545.jpg,0.0000,0.0000,0.0000,0.0000,0.0000,0.0000,0.0000,0.0000,0.0000,0.0000,0.0000,0.0000,0.0000,0.0000,0.0000,0.0000,0.0000,0.0001,0.1125,0.0005,0.0000,0.0000,0.0000,0.0000,0.0000,0.0007,0.7389,0.0088,0.0000,0.0000,0.0000,0.0000,0.0000,0.0129,0.0798,0.0002,0.0000,0.0000,0.0000,0.0000,0.0006,0.0089,0.0028,0.0000,0.0000,0.0000,0.0000,0.0000,0.0212,0.0024,0.0000,0.0000,0.0000,0.0000,0.0000,0.0000,0.0096,0.0000,0.0000,0.0000,0.0000,0.0000,0.0000,0.0000
olympus/pic.0546.jpg,0.0001,0.0000,0.0000,0.0000,0.0000,0.0000,0.0000,0.0000,0.0000,0.0000,0.0001,0.0000,0.0000,0.0000,0.0000,0.0000,0.0000,0.0001,0.2729,0.0001,0.0000,0.0000,0.0000,0.0000,0.0000,0.0008,0.2063,0.0008,0.0000,0.0000,0.0000,0.0000,0.0001,0.0396,0.1916,0.0016,0.0000,0.0000,0.0000,0.0000,0.0002,0.1232,0.0796,0.0000,0.0000,0.0000,0.0000,0.0000,0.0041,0.0595,0.0022,0.0000,0.0000,0.0000,0.0000,0.0000,0.0167,0.0000,0.0000,0.0000,0.0000,0.0000,0.0000,0.0000
olympus/pic.0547.jpg,0.0005,0.0016,0.0002,0.0001,0.0001,0.0000,0.0000,0.0002,0.0002,0.0347,0.0057,0.0012,0.0000,0.0000,0.0000,0.0000,0.0005,0.0334,0.5549,0.0148,0.0002,0.0001,0.0000,0.0000,0.0005,0.0030,0.0200,0.0012,0.0003,0.0000,0.0000,0.0000,0.0006,0.0955,0.0201,0.0002,0.0001,0.0000,0.0000,0.0000,0.0320,0.1378,0.0024,0.0000,0.0000,0.0000,0.0000,0.0000,0.0234,0.0013,0.0000,0.0000,0.0000,0.0000,0.0000,0.0000,0.0130,0.0000,0.0000,0.0000,0.0000,0.0000,0.0000,0.0000
olympus/pic.0548.jpg,0.0079,0.0011,0.0021,0.0003,0.0002,0.0013,0.0000,0.0006,0.0030,0.0095,0.0087,0.0005,0.0011,0.0000,0.0000,0.0000,0.0018,0.0196,0.4058,0.0006,0.0001,0.0001,0.0001,0.0000,0.0025,0.0198,0.2121,0.0017,0.0002,0.0000,0.0000,0.0000,0.0016,0.0395,0.1145,0.0040,0.0015,0.0000,0.0000,0.0000,0.0018,0.0590,0.0471,0.0000,0.0000,0.0000,0.0000,0.0000,0.0049,0.0163,0.0018,0.0000,0.0000,0.0000,0.0000,0.0000,0.0074,0.0000,0.0000,0.0000,0.0000,0.0000,0.0000,0.0000
olympus/pic.0549.jpg,0.0000,0.0000,0.0000,0.0000,0.0000,0.0000,0.0000,0.0000,0.0000,0.0001,0.0118,0.0005,0.0000,0.0000,0.0000,0.0000,0.0000,0.0008,0.3138,0.0011,0.0000,0.0000,0.0000,0.0000,0.0000,0.0018,0.2274,0.0030,0.0000,0.0000,0.0000,0.0000,0.0000,0.0045,0.2125,0.0003,0.0000,0.0000,0.0000,0.0000,0.0004,0.0054,0.2165,0.0000,0.0000,0.0000,0.0000,0.0000,0.0000,0.0000,0.0000,0.0000,0.0000,0.0000,0.0000,0.0000,0.0000,0.0000,0.0000,0.0000,0.0000,0.0000,0.0000,0.0000
olympus/pic.0550.jpg,0.0000,0.0000,0.0000,0.0000,0.0000,0.0000,0.0000,0.0000,0.0000,0.0001,0.0012,0.0000,0.0000,0.0000,0.0000,0.0000,0.0001,0.0047,0.2995,0.0008,0.0000,0.0000,0.0000,0.0000,0.0001,0.0142,0.4130,0.0041,0.0000,0.0000,0.0000,0.0000,0.0000,0.0708,0.1464,0.0004,0.0000,0.0000,0.0000,0.0000,0.0001,0.0359,0.0065,0.0000,0.0000,0.0000,0.0000,0.0000,0.0001,0.0018,0.0000,0.0000,0.0000,0.0000,0.0000,0.0000,0.0000,0.0000,0.0000,0.0000,0.0000,0.0000,0.0000,0.0000
olympus/pic.0551.jpg,0.0001,0.0001,0.0000,0.0000,0.0000,0.0000,0.0000,0.0000,0.0000,0.0002,0.0022,0.0001,0.0000,0.0000,0.0000,0.0000,0.0000,0.0045,0.2843,0.0007,0.0000,0.0000,0.0000,0.0000,0.0000,0.0104,0.4134,0.0019,0.0000,0.0000,0.0000,0.0000,0.0001,0.0994,0.1095,0.0002,0.0000,0.0000,0.0000,0.0000,0.0002,0.0672,0.0027,0.0000,0.0000,0.0000,0.0000,0.0000,0.0003,0.0024,0.0000,0.0000,0.0000,0.0000,0.0000,0.0000,0.0001,0.0000,0.0000,0.0000,0.0000,0.0000,0.0000,0.0000
olympus/pic.0552.jpg,0.0001,0.0000,0.0000,0.0000,0.0000,0.0000,0.0000,0.0007,0.0001,0.0000,0.0000,0.0000,0.0000,0.0000,0.0001,0.0000,0.0001,0.0001,0.0047,0.0006,0.0001,0.0003,0.0000,0.0000,0.0001,0.0002,0.0178,0.2925,0.0335,0.0000,0.0000,0.0000,0.0002,0.0005,0.0886,0.3844,0.0039,0.0000,0.0000,0.0000,0.0002,0.0092,0.1003,0.0009,0.0000,0.0000,0.0000,0.0000,0.0004,0.0464,0.0020,0.0000,0.0000,0.0000,0.0000,0.0000,0.0118,0.0001,0.0000,0.0000,0.0000,0.0000,0.0000,0.0000
olympus/pic.0553.jpg,0.0009,0.0003,0.0002,0.0009,0.0017,0.0002,0.0000,0.0007,0.0007,0.0006,0.0008,0.0131,0.0016,0.0000,0.0000,0.0000,0.0007,0.0046,0.3191,0.0098,0.0002,0.0001,0.0000,0.0000,0.0011,0.0070,0.2122,0.0167,0.0004,0.0000,0.0000,0.0000,0.0012,0.0413,0.1124,0.0031,0.0003,0.0000,0.0000,0.0000,0.0032,0.1425,0.0468,0.0000,0.0000,0.0000,0.0000,0.0000,0.0069,0.0325,0.0012,0.0000,0.0000,0.0000,0.0000,0.0000,0.0149,0.0000,0.0000,0.0000,0.0000,0.0000,0.0000,0.0000
olympus/pic.0554.jpg,0.0000,0.0000,0.0000,0.0000,0.0000,0.0000,0.0000,0.0000,0.0000,0.0018,0.0183,0.0001,0.0000,0.0000,0.0000,0.0000,0.0000,0.0046,0.3900,0.0007,0.0000,0.0000,0.0000,0.0000,0.0000,0.0066,0.3469,0.0036,0.0001,0.0000,0.0000,0.0000,0.0001,0.0269,0.1368,0.0088,0.0000,0.0000,0.0000,0.0000,0.0005,0.0181,0.0276,0.0000,0.0000,0.0000,0.0000,0.0000,0.0046,0.0014,0.0000,0.0000,0.0000,0.0000,0.0000,0.0000,0.0023,0.0000,0.0000,0.0000,0.0000,0.0000,0.0000,0.0000
olympus/pic.0555.jpg,0.0000,0.0000,0.0000,0.0000,0.0000,0.0000,0.0000,0.0000,0.0000,0.0001,0.0032,0.0000,0.0000,0.0000,0.0000,0.0000,0.0000,0.0002,0.9765,0.0001,0.0000,0.0000,0.0000,0.0000,0.0001,0.0003,0.0190,0.0000,0.0000,0.0000,0.0000,0.0000,0.0001,0.0001,0.0000,0.0000,0.0000,0.0000,0.0000,0.0000,0.0000,0.0000,0.0000,0.0000,0.0000,0.0000,0.0000,0.0000,0.0000,0.0000,0.0000,0.0000,0.0000,0.0000,0.0000,0.0000,0.0001,0.0000,0.0000,0.0000,0.0000,0.0000,0.0000,0.0000
olympus/pic.0556.jpg,0.0017,0.0002,0.0003,0.0001,0.0001,0.0001,0.0000,0.0007,0.0004,0.0002,0.0008,0.0006,0.0000,0.0000,0.0000,0.0000,0.0004,0.0015,0.9883,0.0005,0.0000,0.0000,0.0000,0.0000,0.0004,0.0007,0.0014,0.0003,0.0000,0.0000,0.0000,0.0000,0.0003,0.0001,0.0000,0.0001,0.0001,0.0000,0.0000,0.0000,0.0001,0.0000,0.0000,0.0000,0.0000,0.0000,0.0000,0.0000,0.0001,0.0000,0.0000,0.0000,0.0000,0.0000,0.0000,0.0000,0.0004,0.0000,0.0000,0.0000,0.0000,0.0000,0.0000,0.0000
olympus/pic.0557.jpg,0.0044,0.0001,0.0004,0.0002,0.0004,0.0002,0.0000,0.0010,0.0004,0.0004,0.0007,0.0005,0.0001,0.0000,0.0000,0.0000,0.0011,0.0011,0.9244,0.0022,0.0000,0.0000,0.0000,0.0000,0.0003,0.0020,0.0410,0.0131,0.0001,0.0000,0.0000,0.0000,0.0008,0.0010,0.0003,0.0003,0.0001,0.0000,0.0000,0.0000,0.0005,0.0001,0.0001,0.0000,0.0000,0.0000,0.0000,0.0000,0.0001,0.0000,0.0000,0.0000,0.0000,0.0000,0.0000,0.0000,0.0023,0.0000,0.0000,0.0000,0.0000,0.0000,0.0000,0.0000
olympus/pic.0558.jpg,0.0000,0.0000,0.0000,0.0000,0.0000,0.0000,0.0000,0.0000,0.0000,0.0000,0.0000,0.0000,0.0000,0.0000,0.0000,0.0000,0.0000,0.0000,1.0000,0.0000,0.0000,0.0000,0.0000,0.0000,0.0000,0.0000,0.0000,0.0000,0.0000,0.0000,0.0000,0.0000,0.0000,0.0000,0.0000,0.0000,0.0000,0.0000,0.0000,0.0000,0.0000,0.0000,0.0000,0.0000,0.0000,0.0000,0.0000,0.0000,0.0000,0.0000,0.0000,0.0000,0.0000,0.0000,0.0000,0.0000,0.0000,0.0000,0.0000,0.0000,0.0000,0.0000,0.0000,0.0000
olympus/pic.0559.jpg,0.0000,0.0000,0.0000,0.0000,0.0000,0.0000,0.0000,0.0000,0.0000,0.0000,0.0306,0.0000,0.0000,0.0000,0.0000,0.0000,0.0000,0.0001,0.9598,0.0041,0.0000,0.0000,0.0000,0.0000,0.0000,0.0002,0.0045,0.0004,0.0000,0.0000,0.0000,0.0000,0.0000,0.0000,0.0000,0.0000,0.0000,0.0000,0.0000,0.0000,0.0000,0.0000,0.0000,0.0000,0.0000,0.0000,0.0000,0.0000,0.0000,0.0000,0.0000,0.0000,0.0000,0.0000,0.0000,0.0000,0.0000,0.0000,0.0000,0.0000,0.0000,0.0000,0.0000,0.0000
olympus/pic.0560.jpg,0.0006,0.0001,0.0000,0.0000,0.0000,0.0000,0.0000,0.0000,0.0003,0.0001,0.0002,0.0000,0.0000,0.0000,0.0000,0.0000,0.0004,0.0020,0.8669,0.0001,0.0000,0.0000,0.0000,0.0000,0.0008,0.0023,0.1229,0.0000,0.0000,0.0000,0.0000,0.0000,0.0004,0.0007,0.0008,0.0000,0.0000,0.0000,0.0000,0.0000,0.0001,0.0002,0.0001,0.0000,0.0000,0.0000,0.0000,0.0000,0.0001,0.0001,0.0000,0.0000,0.0000,0.0000,0.0000,0.0000,0.0007,0.0000,0.0000,0.0000,0.0000,0.0000,0.0000,0.0000
olympus/pic.0561.jpg,0.0011,0.0003,0.0004,0.0001,0.0000,0.0000,0.0000,0.0002,0.0008,0.0002,0.0050,0.0001,0.0000,0.0000,0.0000,0.0000,0.0007,0.0033,0.9340,0.0003,0.0000,0.0000,0.0000,0.0000,0.0006,0.0044,0.0397,0.0001,0.0000,0.0000,0.0000,0.0000,0.0006,0.0044,0.0002,0.0000,0.0000,0.0000,0.0000,0.0000,0.0013,0.0008,0.0000,0.0000,0.0000,0.0000,0.0000,0.0000,0.0005,0.0000,0.0000,0.0000,0.0000,0.0000,0.0000,0.0000,0.0006,0.0000,0.0000,0.0000,0.0000,0.0000,0.0000,0.0000
olympus/pic.0562.jpg,0.0013,0.0003,0.0005,0.0000,0.0000,0.0000,0.0000,0.0002,0.0012,0.0007,0.0037,0.0000,0.0000,0.0000,0.0000,0.0000,0.0010,0.0076,0.9153,0.0001,0.0000,0.0000,0.0000,0.0000,0.0013,0.0034,0.0592,0.0000,0.0000,0.0000,0.0000,0.0000,0.0009,0.0008,0.0003,0.0000,0.0000,0.0000,0.0000,0.0000,0.0003,0.0004,0.0000,0.0000,0.0000,0.0000,0.0000,0.0000,0.0005,0.0001,0.0000,0.0000,0.0000,0.0000,0.0000,0.0000,0.0007,0.0000,0.0000,0.0000,0.0000,0.0000,0.0000,0.0000
olympus/pic.0563.jpg,0.0006,0.0000,0.0002,0.0001,0.0008,0.0009,0.0006,0.0032,0.0002,0.0000,0.0044,0.0150,0.0049,0.0005,0.0002,0.0000,0.0001,0.0006,0.6997,0.2095,0.0013,0.0001,0.0000,0.0000,0.0003,0.0006,0.0479,0.0009,0.0002,0.0000,0.0000,0.0000,0.0002,0.0006,0.0013,0.0003,0.0001,0.0000,0.0000,0.0000,0.0001,0.0003,0.0005,0.0000,0.0000,0.0000,0.0000,0.0000,0.0002,0.0003,0.0001,0.0000,0.0000,0.0000,0.0000,0.0000,0.0030,0.0000,0.0000,0.0000,0.0000,0.0000,0.0000,0.0000
olympus/pic.0564.jpg,0.0001,0.0001,0.0001,0.0000,0.0000,0.0000,0.0000,0.0000,0.0000,0.0001,0.0004,0.0001,0.0000,0.0000,0.0000,0.0000,0.0000,0.0003,0.8695,0.0005,0.0000,0.0000,0.0000,0.0000,0.0000,0.0003,0.1085,0.0011,0.0000,0.0000,0.0000,0.0000,0.0000,0.0021,0.0103,0.0001,0.0000,0.0000,0.0000,0.0000,0.0000,0.0017,0.0010,0.0000,0.0000,0.0000,0.0000,0.0000,0.0001,0.0011,0.0000,0.0000,0.0000,0.0000,0.0000,0.0000,0.0022,0.0000,0.0000,0.0000,0.0000,0.0000,0.0000,0.0000
olympus/pic.0565.jpg,0.0000,0.0000,0.0000,0.0000,0.0000,0.0000,0.0000,0.0000,0.0000,0.0000,0.0000,0.0000,0.0000,0.0000,0.0000,0.0000,0.0001,0.0004,0.5809,0.0012,0.0000,0.0000,0.0000,0.0000,0.0001,0.0021,0.3317,0.0679,0.0000,0.0000,0.0000,0.0000,0.0001,0.0096,0.0022,0.0010,0.0000,0.0000,0.0000,0.0000,0.0001,0.0013,0.0002,0.0000,0.0000,0.0000,0.0000,0.0000,0.0001,0.0002,0.0000,0.0000,0.0000,0.0000,0.0000,0.0000,0.0007,0.0000,0.0000,0.0000,0.0000,0.0000,0.0000,0.0000
olympus/pic.0566.jpg,0.0017,0.0002,0.0006,0.0000,0.0000,0.0000,0.0000,0.0001,0.0004,0.0006,0.2079,0.0001,0.0000,0.0000,0.0000,0.0000,0.0002,0.0018,0.7654,0.0176,0.0001,0.0000,0.0000,0.0000,0.0005,0.0004,0.0019,0.0002,0.0000,0.0000,0.0000,0.0000,0.0001,0.0000,0.0000,0.0000,0.0000,0.0000,0.0000,0.0000,0.0000,0.0000,0.0000,0.0000,0.0000,0.0000,0.0000,0.0000,0.0000,0.0000,0.0000,0.0000,0.0000,0.0000,0.0000,0.0000,0.0000,0.0000,0.0000,0.0000,0.0000,0.0000,0.0000,0.0000
olympus/pic.0567.jpg,0.0001,0.0000,0.0000,0.0000,0.0001,0.0000,0.0000,0.0006,0.0000,0.0001,0.0004,0.0002,0.0001,0.0000,0.0000,0.0000,0.0000,0.0004,0.9824,0.0103,0.0002,0.0000,0.0000,0.0000,0.0000,0.0001,0.0039,0.0004,0.0001,0.0000,0.0000,0.0000,0.0000,0.0000,0.0001,0.0000,0.0000,0.0000,0.0000,0.0000,0.0000,0.0000,0.0000,0.0000,0.0000,0.0000,0.0000,0.0000,0.0000,0.0000,0.0000,0.0000,0.0000,0.0000,0.0000,0.0000,0.0002,0.0000,0.0000,0.0000,0.0000,0.0000,0.0000,0.0000
olympus/pic.0568.jpg,0.0003,0.0001,0.0012,0.0008,0.0001,0.0000,0.0000,0.0000,0.0000,0.0002,0.0118,0.0004,0.0000,0.0000,0.0000,0.0000,0.0000,0.0006,0.9769,0.0017,0.0000,0.0000,0.0000,0.0000,0.0000,0.0002,0.0054,0.0001,0.0000,0.0000,0.0000,0.0000,0.0000,0.0001,0.0000,0.0000,0.0000,0.0000,0.0000,0.0000,0.0000,0.0000,0.0000,0.0000,0.0000,0.0000,0.0000,0.0000,0.0000,0.0000,0.0000,0.0000,0.0000,0.0000,0.0000,0.0000,0.0000,0.0000,0.0000,0.0000,0.0000,0.0000,0.0000,0.0000
olympus/pic.0569.jpg,0.0010,0.0001,0.0001,0.0000,0.0000,0.0000,0.0000,0.0000,0.0007,0.0002,0.0002,0.0000,0.0000,0.0000,0.0000,0.0000,0.0006,0.0032,0.8623,0.0002,0.0000,0.0000,0.0000,0.0000,0.0007,0.0022,0.1130,0.0025,0.0000,0.0000,0.0000,0.0000,0.0005,0.0009,0.0043,0.0011,0.0001,0.0000,0.0000,0.0000,0.0002,0.0004,0.0014,0.0000,0.0000,0.0000,0.0000,0.0000,0.0003,0.0007,0.0001,0.0000,0.0000,0.0000,0.0000,0.0000,0.0029,0.0000,0.0000,0.0000,0.0000,0.0000,0.0000,0.0000
olympus/pic.0570.jpg,0.0003,0.0002,0.0002,0.0000,0.0000,0.0000,0.0000,0.0000,0.0000,0.0002,0.0052,0.0001,0.0000,0.0000,0.0000,0.0000,0.0000,0.0002,0.9851,0.0001,0.0000,0.0000,0.0000,0.0000,0.0000,0.0000,0.0082,0.0001,0.0000,0.0000,0.0000,0.0000,0.0000,0.0000,0.0000,0.0000,0.0000,0.0000,0.0000,0.0000,0.0000,0.0000,0.0000,0.0000,0.0000,0.0000,0.0000,0.0000,0.0000,0.0000,0.0000,0.0000,0.0000,0.0000,0.0000,0.0000,0.0000,0.0000,0.0000,0.0000,0.0000,0.0000,0.0000,0.0000
olympus/pic.0571.jpg,0.0002,0.0000,0.0000,0.0000,0.0000,0.0000,0.0000,0.0001,0.0001,0.0000,0.0004,0.0001,0.0000,0.0000,0.0000,0.0000,0.0002,0.0003,0.6935,0.0007,0.0000,0.0000,0.0000,0.0000,0.0001,0.0003,0.2843,0.0146,0.0000,0.0000,0.0000,0.0000,0.0001,0.0004,0.0025,0.0004,0.0000,0.0000,0.0000,0.0000,0.0000,0.0002,0.0003,0.0000,0.0000,0.0000,0.0000,0.0000,0.0000,0.0002,0.0000,0.0000,0.0000,0.0000,0.0000,0.0000,0.0006,0.0000,0.0000,0.0000,0.0000,0.0000,0.0000,0.0000
olympus/pic.0572.jpg,0.0006,0.0004,0.0002,0.0000,0.0000,0.0000,0.0000,0.0001,0.0000,0.0004,0.0082,0.0000,0.0000,0.0000,0.0000,0.0000,0.0000,0.0003,0.8306,0.0139,0.0000,0.0000,0.0000,0.0000,0.0000,0.0001,0.0543,0.0241,0.0001,0.0000,0.0000,0.0000,0.0000,0.0001,0.0295,0.0347,0.0000,0.0000,0.0000,0.0000,0.0000,0.0000,0.0013,0.0000,0.0000,0.0000,0.0000,0.0000,0.0000,0.0002,0.0000,0.0000,0.0000,0.0000,0.0000,0.0000,0.0005,0.0000,0.0000,0.0000,0.0000,0.0000,0.0000,0.0000
olympus/pic.0573.jpg,0.0007,0.0001,0.0001,0.0001,0.0000,0.0000,0.0000,0.0000,0.0004,0.0003,0.0007,0.0001,0.0000,0.0000,0.0000,0.0000,0.0004,0.0019,0.6426,0.0005,0.0000,0.0000,0.0000,0.0000,0.0003,0.0017,0.3448,0.0024,0.0000,0.0000,0.0000,0.0000,0.0004,0.0003,0.0008,0.0001,0.0001,0.0000,0.0000,0.0000,0.0001,0.0001,0.0001,0.0000,0.0000,0.0000,0.0000,0.0000,0.0001,0.0001,0.0000,0.0000,0.0000,0.0000,0.0000,0.0000,0.0006,0.0000,0.0000,0.0000,0.0000,0.0000,0.0000,0.0000
olympus/pic.0574.jpg,0.0000,0.0000,0.0000,0.0000,0.0000,0.0000,0.0000,0.0001,0.0000,0.0000,0.0001,0.0000,0.0000,0.0000,0.0000,0.0000,0.0000,0.0000,0.7583,0.0106,0.0002,0.0000,0.0000,0.0000,0.0000,0.0001,0.2260,0.0029,0.0002,0.0000,0.0000,0.0000,0.0000,0.0001,0.0007,0.0001,0.0000,0.0000,0.0000,0.0000,0.0000,0.0000,0.0001,0.0000,0.0000,0.0000,0.0000,0.0000,0.0000,0.0001,0.0000,0.0000,0.0000,0.0000,0.0000,0.0000,0.0001,0.0000,0.0000,0.0000,0.0000,0.0000,0.0000,0.0000
olympus/pic.0575.jpg,0.0001,0.0001,0.0007,0.0001,0.0001,0.0000,0.0000,0.0001,0.0000,0.0004,0.0224,0.0028,0.0001,0.0000,0.0000,0.0000,0.0001,0.0055,0.7896,0.0360,0.0000,0.0000,0.0000,0.0000,0.0001,0.0014,0.1051,0.0097,0.0000,0.0000,0.0000,0.0000,0.0001,0.0016,0.0224,0.0001,0.0000,0.0000,0.0000,0.0000,0.0000,0.0005,0.0004,0.0000,0.0000,0.0000,0.0000,0.0000,0.0001,0.0002,0.0000,0.0000,0.0000,0.0000,0.0000,0.0000,0.0005,0.0000,0.0000,0.0000,0.0000,0.0000,0.0000,0.0000
olympus/pic.0576.jpg,0.0014,0.0005,0.0004,0.0003,0.0001,0.0000,0.0000,0.0002,0.0006,0.0005,0.0036,0.0003,0.0000,0.0000,0.0000,0.0000,0.0005,0.0030,0.8826,0.0065,0.0001,0.0000,0.0000,0.0000,0.0007,0.0012,0.0813,0.0148,0.0001,0.0000,0.0000,0.0000,0.0004,0.0001,0.0001,0.0001,0.0000,0.0000,0.0000,0.0000,0.0002,0.0000,0.0000,0.0000,0.0000,0.0000,0.0000,0.0000,0.0001,0.0000,0.0000,0.0000,0.0000,0.0000,0.0000,0.0000,0.0002,0.0000,0.0000,0.0000,0.0000,0.0000,0.0000,0.0000
olympus/pic.0577.jpg,0.0004,0.0003,0.0003,0.0005,0.0008,0.0005,0.0003,0.0050,0.0001,0.0000,0.0012,0.0041,0.0011,0.0002,0.0003,0.0000,0.0000,0.0002,0.7759,0.0350,0.0018,0.0006,0.0001,0.0000,0.0001,0.0031,0.1282,0.0080,0.0014,0.0000,0.0000,0.0000,0.0002,0.0072,0.0118,0.0011,0.0002,0.0000,0.0000,0.0000,0.0003,0.0019,0.0015,0.0000,0.0000,0.0000,0.0000,0.0000,0.0005,0.0011,0.0001,0.0000,0.0000,0.0000,0.0000,0.0000,0.0048,0.0000,0.0000,0.0000,0.0000,0.0000,0.0000,0.0000
olympus/pic.0578.jpg,0.0000,0.0000,0.0000,0.0000,0.0000,0.0000,0.0000,0.0000,0.0000,0.0000,0.0003,0.0001,0.0000,0.0000,0.0000,0.0000,0.0000,0.0000,0.8186,0.0020,0.0000,0.0000,0.0000,0.0000,0.0000,0.0003,0.1752,0.0001,0.0000,0.0000,0.0000,0.0000,0.0000,0.0008,0.0018,0.0000,0.0000,0.0000,0.0000,0.0000,0.0000,0.0003,0.0001,0.0000,0.0000,0.0000,0.0000,0.0000,0.0000,0.0001,0.0000,0.0000,0.0000,0.0000,0.0000,0.0000,0.0002,0.0000,0.0000,0.0000,0.0000,0.0000,0.0000,0.0000
olympus/pic.0579.jpg,0.0006,0.0001,0.0001,0.0001,0.0001,0.0000,0.0000,0.0002,0.0003,0.0001,0.0003,0.0002,0.0000,0.0000,0.0000,0.0000,0.0003,0.0037,0.7496,0.0050,0.0000,0.0000,0.0000,0.0000,0.0003,0.0074,0.1042,0.0150,0.0001,0.0000,0.0000,0.0000,0.0006,0.0114,0.0017,0.0003,0.0001,0.0000,0.0000,0.0000,0.0184,0.0148,0.0004,0.0000,0.0000,0.0000,0.0000,0.0000,0.0611,0.0002,0.0000,0.0000,0.0000,0.0000,0.0000,0.0000,0.0032,0.0000,0.0000,0.0000,0.0000,0.0000,0.0000,0.0000
olympus/pic.0580.jpg,0.0001,0.0000,0.0000,0.0000,0.0000,0.0000,0.0000,0.0001,0.0001,0.0000,0.0001,0.0000,0.0000,0.0000,0.0000,0.0000,0.0001,0.0002,0.7246,0.0072,0.0000,0.0000,0.0000,0.0000,0.0000,0.0006,0.2502,0.0032,0.0001,0.0000,0.0000,0.0000,0.0001,0.0020,0.0067,0.0003,0.0000,0.0000,0.0000,0.0000,0.0000,0.0005,0.0009,0.0000,0.0000,0.0000,0.0000,0.0000,0.0001,0.0007,0.0000,0.0000,0.0000,0.0000,0.0000,0.0000,0.0017,0.0000,0.0000,0.0000,0.0000,0.0000,0.0000,0.0000
olympus/pic.0581.jpg,0.0001,0.0000,0.0000,0.0000,0.0000,0.0000,0.0000,0.0001,0.0001,0.0000,0.0005,0.0001,0.0000,0.0000,0.0000,0.0000,0.0001,0.0004,0.8825,0.0078,0.0000,0.0000,0.0000,0.0000,0.0002,0.0022,0.0829,0.0089,0.0002,0.0000,0.0000,0.0000,0.0007,0.0054,0.0040,0.0003,0.0001,0.0000,0.0000,0.0000,0.0005,0.0006,0.0003,0.0000,0.0000,0.0000,0.0000,0.0000,0.0004,0.0002,0.0000,0.0000,0.0000,0.0000,0.0000,0.0000,0.0011,0.0000,0.0000,0.0000,0.0000,0.0000,0.0000,0.0000
olympus/pic.0582.jpg,0.0008,0.0001,0.0002,0.0001,0.0001,0.0000,0.0000,0.0005,0.0003,0.0001,0.0005,0.0002,0.0000,0.0000,0.0000,0.0000,0.0002,0.0008,0.7387,0.0016,0.0000,0.0000,0.0000,0.0000,0.0005,0.0023,0.2403,0.0012,0.0001,0.0000,0.0000,0.0000,0.0006,0.0015,0.0023,0.0005,0.0000,0.0000,0.0000,0.0000,0.0003,0.0004,0.0006,0.0000,0.0000,0.0000,0.0000,0.0000,0.0004,0.0004,0.0001,0.0000,0.0000,0.0000,0.0000,0.0000,0.0041,0.0000,0.0000,0.0000,0.0000,0.0000,0.0000,0.0000
olympus/pic.0583.jpg,0.0004,0.0001,0.0001,0.0001,0.0004,0.0003,0.0001,0.0028,0.0001,0.0000,0.0003,0.0030,0.0009,0.0001,0.0002,0.0000,0.0001,0.0003,0.8298,0.0416,0.0010,0.0003,0.0000,0.0000,0.0002,0.0017,0.0927,0.0041,0.0007,0.0000,0.0000,0.0000,0.0004,0.0017,0.0044,0.0008,0.0002,0.0000,0.0000,0.0000,0.0004,0.0006,0.0017,0.0001,0.0000,0.0000,0.0000,0.0000,0.0005,0.0010,0.0001,0.0000,0.0000,0.0000,0.0000,0.0000,0.0068,0.0000,0.0000,0.0000,0.0000,0.0000,0.0000,0.0000
olympus/pic.0584.jpg,0.0006,0.0001,0.0001,0.0000,0.0000,0.0000,0.0000,0.0002,0.0003,0.0004,0.0007,0.0000,0.0000,0.0000,0.0000,0.0000,0.0002,0.0012,0.8905,0.0058,0.0001,0.0001,0.0000,0.0000,0.0001,0.0007,0.0868,0.0083,0.0002,0.0000,0.0000,0.0000,0.0001,0.0008,0.0006,0.0004,0.0001,0.0000,0.0000,0.0000,0.0001,0.0002,0.0002,0.0000,0.0000,0.0000,0.0000,0.0000,0.0001,0.0001,0.0000,0.0000,0.0000,0.0000,0.0000,0.0000,0.0008,0.0000,0.0000,0.0000,0.0000,0.0000,0.0000,0.0000
olympus/pic.0585.jpg,0.0006,0.0001,0.0001,0.0001,0.0000,0.0000,0.0000,0.0002,0.0002,0.0001,0.0003,0.0001,0.0000,0.0000,0.0000,0.0000,0.0003,0.0013,0.7325,0.0001,0.0000,0.0000,0.0000,0.0000,0.0003,0.0016,0.0858,0.0005,0.0000,0.0000,0.0000,0.0000,0.0005,0.1680,0.0034,0.0001,0.0000,0.0000,0.0000,0.0000,0.0006,0.0002,0.0002,0.0000,0.0000,0.0000,0.0000,0.0000,0.0006,0.0001,0.0000,0.0000,0.0000,0.0000,0.0000,0.0000,0.0018,0.0000,0.0000,0.0000,0.0000,0.0000,0.0000,0.0000
olympus/pic.0586.jpg,0.0022,0.0014,0.0011,0.0001,0.0001,0.0001,0.0000,0.0008,0.0007,0.0159,0.0843,0.0003,0.0001,0.0000,0.0000,0.0000,0.0006,0.0046,0.7880,0.0141,0.0001,0.0001,0.0000,0.0000,0.0005,0.0017,0.0699,0.0086,0.0002,0.0000,0.0000,0.0000,0.0004,0.0008,0.0008,0.0003,0.0001,0.0000,0.0000,0.0000,0.0002,0.0001,0.0002,0.0000,0.0000,0.0000,0.0000,0.0000,0.0001,0.0001,0.0000,0.0000,0.0000,0.0000,0.0000,0.0000,0.0014,0.0000,0.0000,0.0000,0.0000,0.0000,0.0000,0.0000
olympus/pic.0587.jpg,0.0003,0.0000,0.0000,0.0000,0.0000,0.0000,0.0000,0.0008,0.0001,0.0001,0.0004,0.0001,0.0001,0.0000,0.0000,0.0000,0.0003,0.0006,0.7658,0.0081,0.0002,0.0000,0.0000,0.0000,0.0001,0.0007,0.1868,0.0220,0.0004,0.0000,0.0000,0.0000,0.0001,0.0007,0.0021,0.0028,0.0005,0.0000,0.0000,0.0000,0.0002,0.0003,0.0008,0.0000,0.0000,0.0000,0.0000,0.0000,0.0002,0.0003,0.0001,0.0000,0.0000,0.0000,0.0000,0.0000,0.0047,0.0000,0.0000,0.0000,0.0000,0.0000,0.0000,0.0000
olympus/pic.0588.jpg,0.0003,0.0001,0.0001,0.0000,0.0000,0.0000,0.0000,0.0001,0.0001,0.0001,0.0001,0.0000,0.0000,0.0000,0.0000,0.0000,0.0001,0.0002,0.7091,0.1476,0.0001,0.0000,0.0000,0.0000,0.0002,0.0006,0.0462,0.0935,0.0004,0.0000,0.0000,0.0000,0.0003,0.0001,0.0000,0.0001,0.0000,0.0000,0.0000,0.0000,0.0001,0.0000,0.0000,0.0000,0.0000,0.0000,0.0000,0.0000,0.0001,0.0000,0.0000,0.0000,0.0000,0.0000,0.0000,0.0000,0.0002,0.0000,0.0000,0.0000,0.0000,0.0000,0.0000,0.0000
olympus/pic.0589.jpg,0.0026,0.0011,0.0016,0.0006,0.0003,0.0001,0.0000,0.0008,0.0008,0.0120,0.1271,0.0024,0.0002,0.0000,0.0000,0.0000,0.0010,0.0103,0.6460,0.0030,0.0002,0.0001,0.0000,0.0000,0.0011,0.0104,0.1165,0.0025,0.0003,0.0000,0.0000,0.0000,0.0038,0.0071,0.0348,0.0006,0.0001,0.0000,0.0000,0.0000,0.0021,0.0031,0.0009,0.0000,0.0000,0.0000,0.0000,0.0000,0.0019,0.0007,0.0000,0.0000,0.0000,0.0000,0.0000,0.0000,0.0036,0.0000,0.0000,0.0000,0.0000,0.0000,0.0000,0.0000
olympus/pic.0590.jpg,0.0016,0.0005,0.0004,0.0000,0.0000,0.0000,0.0000,0.0000,0.0002,0.0008,0.0040,0.0000,0.0000,0.0000,0.0000,0.0000,0.0001,0.0009,0.9912,0.0001,0.0000,0.0000,0.0000,0.0000,0.0000,0.0000,0.0001,0.0000,0.0000,0.0000,0.0000,0.0000,0.0000,0.0000,0.0000,0.0000,0.0000,0.0000,0.0000,0.0000,0.0000,0.0000,0.0000,0.0000,0.0000,0.0000,0.0000,0.0000,0.0000,0.0000,0.0000,0.0000,0.0000,0.0000,0.0000,0.0000,0.0000,0.0000,0.0000,0.0000,0.0000,0.0000,0.0000,0.0000
olympus/pic.0591.jpg,0.0004,0.0016,0.0497,0.0001,0.0001,0.0000,0.0000,0.0001,0.0001,0.0004,0.1168,0.0005,0.0000,0.0000,0.0000,0.0000,0.0000,0.0003,0.5405,0.0034,0.0000,0.0000,0.0000,0.0000,0.0001,0.0162,0.2464,0.0000,0.0000,0.0000,0.0000,0.0000,0.0003,0.0225,0.0001,0.0000,0.0000,0.0000,0.0000,0.0000,0.0002,0.0000,0.0000,0.0000,0.0000,0.0000,0.0000,0.0000,0.0001,0.0000,0.0000,0.0000,0.0000,0.0000,0.0000,0.0000,0.0001,0.0000,0.0000,0.0000,0.0000,0.0000,0.0000,0.0000
olympus/pic.0592.jpg,0.0001,0.0000,0.0000,0.0000,0.0000,0.0000,0.0000,0.0001,0.0000,0.0000,0.0044,0.0001,0.0000,0.0000,0.0000,0.0000,0.0000,0.0000,0.9887,0.0003,0.0000,0.0000,0.0000,0.0000,0.0000,0.0000,0.0058,0.0000,0.0000,0.0000,0.0000,0.0000,0.0000,0.0000,0.0000,0.0000,0.0000,0.0000,0.0000,0.0000,0.0000,0.0000,0.0000,0.0000,0.0000,0.0000,0.0000,0.0000,0.0000,0.0000,0.0000,0.0000,0.0000,0.0000,0.0000,0.0000,0.0001,0.0000,0.0000,0.0000,0.0000,0.0000,0.0000,0.0000
olympus/pic.0593.jpg,0.0035,0.0019,0.0014,0.0002,0.0001,0.0000,0.0000,0.0001,0.0002,0.0038,0.1763,0.0003,0.0000,0.0000,0.0000,0.0000,0.0001,0.0011,0.8100,0.0002,0.0000,0.0000,0.0000,0.0000,0.0000,0.0001,0.0001,0.0000,0.0000,0.0000,0.0000,0.0000,0.0000,0.0000,0.0000,0.0000,0.0000,0.0000,0.0000,0.0000,0.0000,0.0000,0.0000,0.0000,0.0000,0.0000,0.0000,0.0000,0.0000,0.0000,0.0000,0.0000,0.0000,0.0000,0.0000,0.0000,0.0001,0.0000,0.0000,0.0000,0.0000,0.0000,0.0000,0.0000
olympus/pic.0594.jpg,0.0026,0.0020,0.0034,0.0043,0.0007,0.0001,0.0000,0.0004,0.0005,0.0008,0.0393,0.0976,0.0001,0.0000,0.0000,0.0000,0.0003,0.0012,0.6583,0.0017,0.0000,0.0000,0.0000,0.0000,0.0003,0.0009,0.1534,0.0006,0.0001,0.0000,0.0000,0.0000,0.0003,0.0011,0.0263,0.0002,0.0000,0.0000,0.0000,0.0000,0.0002,0.0003,0.0008,0.0000,0.0000,0.0000,0.0000,0.0000,0.0001,0.0004,0.0001,0.0000,0.0000,0.0000,0.0000,0.0000,0.0016,0.0000,0.0000,0.0000,0.0000,0.0000,0.0000,0.0000
olympus/pic.0595.jpg,0.0007,0.0006,0.0015,0.0031,0.0005,0.0006,0.0005,0.0039,0.0001,0.0003,0.0419,0.0938,0.0035,0.0007,0.0005,0.0000,0.0001,0.0004,0.5581,0.1777,0.0042,0.0009,0.0000,0.0000,0.0001,0.0003,0.0938,0.0044,0.0008,0.0000,0.0000,0.0000,0.0001,0.0006,0.0022,0.0006,0.0002,0.0000,0.0000,0.0000,0.0001,0.0003,0.0006,0.0000,0.0000,0.0000,0.0000,0.0000,0.0001,0.0004,0.0001,0.0000,0.0000,0.0000,0.0000,0.0000,0.0016,0.0000,0.0000,0.0000,0.0000,0.0000,0.0000,0.0000
olympus/pic.0596.jpg,0.0016,0.0006,0.0007,0.0011,0.0003,0.0001,0.0000,0.0002,0.0003,0.0011,0.0058,0.0888,0.0000,0.0000,0.0000,0.0000,0.0003,0.0013,0.7871,0.0056,0.0000,0.0000,0.0000,0.0000,0.0003,0.0011,0.0978,0.0022,0.0001,0.0000,0.0000,0.0000,0.0003,0.0005,0.0008,0.0002,0.0000,0.0000,0.0000,0.0000,0.0002,0.0003,0.0002,0.0000,0.0000,0.0000,0.0000,0.0000,0.0001,0.0001,0.0000,0.0000,0.0000,0.0000,0.0000,0.0000,0.0007,0.0000,0.0000,0.0000,0.0000,0.0000,0.0000,0.0000
olympus/pic.0597.jpg,0.0020,0.0010,0.0023,0.0022,0.0007,0.0001,0.0000,0.0003,0.0007,0.0004,0.1487,0.1362,0.0000,0.0000,0.0000,0.0000,0.0007,0.0021,0.6201,0.0072,0.0000,0.0000,0.0000,0.0000,0.0008,0.0008,0.0730,0.0001,0.0000,0.0000,0.0000,0.0000,0.0002,0.0001,0.0001,0.0000,0.0000,0.0000,0.0000,0.0000,0.0000,0.0000,0.0000,0.0000,0.0000,0.0000,0.0000,0.0000,0.0000,0.0000,0.0000,0.0000,0.0000,0.0000,0.0000,0.0000,0.0001,0.0000,0.0000,0.0000,0.0000,0.0000,0.0000,0.0000
olympus/pic.0598.jpg,0.0022,0.0004,0.0004,0.0002,0.0002,0.0001,0.0000,0.0005,0.0009,0.0002,0.0012,0.0003,0.0001,0.0000,0.0000,0.0000,0.0006,0.0021,0.9761,0.0004,0.0000,0.0000,0.0000,0.0000,0.0004,0.0009,0.0032,0.0000,0.0000,0.0000,0.0000,0.0000,0.0004,0.0002,0.0078,0.0000,0.0000,0.0000,0.0000,0.0000,0.0003,0.0000,0.0000,0.0000,0.0000,0.0000,0.0000,0.0000,0.0002,0.0000,0.0000,0.0000,0.0000,0.0000,0.0000,0.0000,0.0004,0.0000,0.0000,0.0000,0.0000,0.0000,0.0000,0.0000
olympus/pic.0599.jpg,0.0013,0.0010,0.0045,0.0000,0.0000,0.0000,0.0000,0.0000,0.0001,0.0004,0.9628,0.0000,0.0000,0.0000,0.0000,0.0000,0.0000,0.0002,0.0296,0.0000,0.0000,0.0000,0.0000,0.0000,0.0000,0.0000,0.0000,0.0000,0.0000,0.0000,0.0000,0.0000,0.0000,0.0000,0.0000,0.0000,0.0000,0.0000,0.0000,0.0000,0.0000,0.0000,0.0000,0.0000,0.0000,0.0000,0.0000,0.0000,0.0000,0.0000,0.0000,0.0000,0.0000,0.0000,0.0000,0.0000,0.0000,0.0000,0.0000,0.0000,0.0000,0.0000,0.0000,0.0000
olympus/pic.0600.jpg,0.0014,0.0012,0.0048,0.0005,0.0002,0.0000,0.0000,0.0002,0.0003,0.0003,0.1145,0.0005,0.0000,0.0000,0.0000,0.0000,0.0003,0.0013,0.5160,0.0006,0.0000,0.0000,0.0000,0.0000,0.0002,0.0015,0.3487,0.0006,0.0001,0.0000,0.0000,0.0000,0.0001,0.0005,0.0039,0.0002,0.0000,0.0000,0.0000,0.0000,0.0001,0.0001,0.0003,0.0000,0.0000,0.0000,0.0000,0.0000,0.0001,0.0002,0.0000,0.0000,0.0000,0.0000,0.0000,0.0000,0.0011,0.0000,0.0000,0.0000,0.0000,0.0000,0.0000,0.0000
olympus/pic.0601.jpg,0.0006,0.0001,0.0000,0.0000,0.0000,0.0000,0.0000,0.0001,0.0004,0.0001,0.0002,0.0000,0.0000,0.0000,0.0000,0.0000,0.0003,0.0009,0.9606,0.0001,0.0000,0.0000,0.0000,0.0000,0.0003,0.0008,0.0304,0.0001,0.0000,0.0000,0.0000,0.0000,0.0003,0.0016,0.0010,0.0000,0.0000,0.0000,0.0000,0.0000,0.0002,0.0005,0.0001,0.0000,0.0000,0.0000,0.0000,0.0000,0.0004,0.0001,0.0000,0.0000,0.0000,0.0000,0.0000,0.0000,0.0009,0.0000,0.0000,0.0000,0.0000,0.0000,0.0000,0.0000
olympus/pic.0602.jpg,0.0003,0.0008,0.0020,0.0075,0.0019,0.0001,0.0000,0.0001,0.0005,0.0008,0.0244,0.0208,0.0008,0.0000,0.0000,0.0000,0.0001,0.0089,0.4041,0.0094,0.0004,0.0000,0.0001,0.0000,0.0002,0.0155,0.3165,0.0050,0.0003,0.0000,0.0000,0.0000,0.0003,0.0186,0.1396,0.0011,0.0001,0.0000,0.0000,0.0000,0.0004,0.0034,0.0136,0.0000,0.0000,0.0000,0.0000,0.0000,0.0012,0.0007,0.0001,0.0000,0.0000,0.0000,0.0000,0.0000,0.0006,0.0000,0.0000,0.0000,0.0000,0.0000,0.0000,0.0000
olympus/pic.0603.jpg,0.0006,0.0003,0.0002,0.0002,0.0002,0.0002,0.0001,0.0009,0.0004,0.0001,0.0006,0.0010,0.0005,0.0000,0.0000,0.0000,0.0004,0.0008,0.4452,0.0086,0.0006,0.0001,0.0004,0.0000,0.0004,0.0043,0.3876,0.0100,0.0004,0.0000,0.0000,0.0000,0.0005,0.0127,0.0919,0.0017,0.0002,0.0000,0.0000,0.0000,0.0002,0.0046,0.0165,0.0000,0.0000,0.0000,0.0000,0.0000,0.0004,0.0025,0.0009,0.0000,0.0000,0.0000,0.0000,0.0000,0.0037,0.0000,0.0000,0.0000,0.0000,0.0000,0.0000,0.0000
olympus/pic.0604.jpg,0.0012,0.0001,0.0004,0.0002,0.0003,0.0002,0.0001,0.0013,0.0005,0.0003,0.0031,0.0032,0.0008,0.0001,0.0002,0.0000,0.0005,0.0023,0.9007,0.0444,0.0016,0.0003,0.0001,0.0000,0.0007,0.0023,0.0288,0.0034,0.0004,0.0001,0.0000,0.0000,0.0006,0.0002,0.0001,0.0004,0.0001,0.0000,0.0000,0.0000,0.0002,0.0000,0.0001,0.0000,0.0000,0.0000,0.0000,0.0000,0.0001,0.0000,0.0000,0.0000,0.0000,0.0000,0.0000,0.0000,0.0005,0.0000,0.0000,0.0000,0.0000,0.0000,0.0000,0.0000
olympus/pic.0605.jpg,0.0014,0.0003,0.0007,0.0010,0.0006,0.0002,0.0001,0.0011,0.0004,0.0006,0.0025,0.0151,0.0002,0.0000,0.0000,0.0000,0.0004,0.0019,0.6595,0.0058,0.0001,0.0001,0.0000,0.0000,0.0008,0.0012,0.2446,0.0272,0.0003,0.0000,0.0000,0.0000,0.0005,0.0007,0.0188,0.0090,0.0005,0.0000,0.0000,0.0000,0.0003,0.0001,0.0018,0.0001,0.0000,0.0000,0.0000,0.0000,0.0001,0.0003,0.0001,0.0000,0.0000,0.0000,0.0000,0.0000,0.0016,0.0000,0.0000,0.0000,0.0000,0.0000,0.0000,0.0000
olympus/pic.0606.jpg,0.0002,0.0001,0.0004,0.0001,0.0000,0.0001,0.0000,0.0001,0.0000,0.0001,0.0225,0.0201,0.0001,0.0000,0.0000,0.0000,0.0000,0.0015,0.6698,0.0339,0.0000,0.0000,0.0000,0.0000,0.0000,0.0010,0.2276,0.0110,0.0000,0.0000,0.0000,0.0000,0.0001,0.0011,0.0078,0.0004,0.0000,0.0000,0.0000,0.0000,0.0000,0.0004,0.0004,0.0000,0.0000,0.0000,0.0000,0.0000,0.0001,0.0003,0.0000,0.0000,0.0000,0.0000,0.0000,0.0000,0.0008,0.0000,0.0000,0.0000,0.0000,0.0000,0.0000,0.0000
olympus/pic.0607.jpg,0.0001,0.0001,0.0002,0.0000,0.0000,0.0000,0.0000,0.0000,0.0000,0.0199,0.2275,0.0002,0.0000,0.0000,0.0000,0.0000,0.0000,0.0015,0.5697,0.0005,0.0000,0.0000,0.0000,0.0000,0.0000,0.0108,0.1137,0.0000,0.0000,0.0000,0.0000,0.0000,0.0000,0.0349,0.0207,0.0000,0.0000,0.0000,0.0000,0.0000,0.0000,0.0000,0.0000,0.0000,0.0000,0.0000,0.0000,0.0000,0.0000,0.0000,0.0000,0.0000,0.0000,0.0000,0.0000,0.0000,0.0000,0.0000,0.0000,0.0000,0.0000,0.0000,0.0000,0.0000
olympus/pic.0608.jpg,0.0000,0.0000,0.0002,0.0001,0.0004,0.0005,0.0004,0.0014,0.0000,0.0002,0.0337,0.0241,0.0077,0.0007,0.0003,0.0000,0.0000,0.0002,0.6322,0.0892,0.0069,0.0004,0.0001,0.0000,0.0000,0.0003,0.1327,0.0660,0.0003,0.0000,0.0000,0.0000,0.0000,0.0003,0.0008,0.0001,0.0001,0.0000,0.0000,0.0000,0.0000,0.0000,0.0001,0.0000,0.0000,0.0000,0.0000,0.0000,0.0000,0.0001,0.0000,0.0000,0.0000,0.0000,0.0000,0.0000,0.0002,0.0000,0.0000,0.0000,0.0000,0.0000,0.0000,0.0000
olympus/pic.0609.jpg,0.0006,0.0006,0.0478,0.0009,0.0001,0.0000,0.0000,0.0002,0.0001,0.0001,0.0165,0.0002,0.0000,0.0000,0.0000,0.0000,0.0001,0.0002,0.8709,0.0003,0.0000,0.0000,0.0000,0.0000,0.0001,0.0004,0.0599,0.0001,0.0000,0.0000,0.0000,0.0000,0.0000,0.0002,0.0003,0.0000,0.0000,0.0000,0.0000,0.0000,0.0000,0.0000,0.0001,0.0000,0.0000,0.0000,0.0000,0.0000,0.0000,0.0001,0.0000,0.0000,0.0000,0.0000,0.0000,0.0000,0.0002,0.0000,0.0000,0.0000,0.0000,0.0000,0.0000,0.0000
olympus/pic.0610.jpg,0.0001,0.0000,0.0000,0.0000,0.0000,0.0000,0.0000,0.0000,0.0001,0.0000,0.0004,0.0003,0.0000,0.0000,0.0000,0.0000,0.0002,0.0011,0.9042,0.0078,0.0000,0.0000,0.0000,0.0000,0.0001,0.0005,0.0825,0.0016,0.0000,0.0000,0.0000,0.0000,0.0002,0.0001,0.0001,0.0000,0.0000,0.0000,0.0000,0.0000,0.0001,0.0001,0.0000,0.0000,0.0000,0.0000,0.0000,0.0000,0.0000,0.0000,0.0000,0.0000,0.0000,0.0000,0.0000,0.0000,0.0003,0.0000,0.0000,0.0000,0.0000,0.0000,0.0000,0.0000
olympus/pic.0611.jpg,0.0009,0.0002,0.0001,0.0000,0.0000,0.0000,0.0000,0.0007,0.0002,0.0002,0.0006,0.0001,0.0000,0.0000,0.0000,0.0000,0.0004,0.0008,0.9566,0.0025,0.0001,0.0000,0.0000,0.0000,0.0002,0.0006,0.0298,0.0008,0.0001,0.0000,0.0000,0.0000,0.0003,0.0003,0.0008,0.0004,0.0002,0.0000,0.0000,0.0000,0.0002,0.0001,0.0003,0.0000,0.0000,0.0000,0.0000,0.0000,0.0001,0.0002,0.0000,0.0000,0.0000,0.0000,0.0000,0.0000,0.0021,0.0000,0.0000,0.0000,0.0000,0.0000,0.0000,0.0000
olympus/pic.0612.jpg,0.0005,0.0001,0.0000,0.0000,0.0000,0.0000,0.0000,0.0000,0.0003,0.0004,0.0023,0.0000,0.0000,0.0000,0.0000,0.0000,0.0004,0.0014,0.9925,0.0001,0.0000,0.0000,0.0000,0.0000,0.0001,0.0002,0.0016,0.0000,0.0000,0.0000,0.0000,0.0000,0.0000,0.0000,0.0000,0.0000,0.0000,0.0000,0.0000,0.0000,0.0000,0.0000,0.0000,0.0000,0.0000,0.0000,0.0000,0.0000,0.0000,0.0000,0.0000,0.0000,0.0000,0.0000,0.0000,0.0000,0.0000,0.0000,0.0000,0.0000,0.0000,0.0000,0.0000,0.0000
olympus/pic.0613.jpg,0.0012,0.0003,0.0003,0.0001,0.0000,0.0000,0.0000,0.0001,0.0004,0.0008,0.0029,0.0001,0.0000,0.0000,0.0000,0.0000,0.0002,0.0011,0.9893,0.0002,0.0000,0.0000,0.0000,0.0000,0.0001,0.0004,0.0022,0.0000,0.0000,0.0000,0.0000,0.0000,0.0001,0.0001,0.0000,0.0000,0.0000,0.0000,0.0000,0.0000,0.0000,0.0000,0.0000,0.0000,0.0000,0.0000,0.0000,0.0000,0.0000,0.0000,0.0000,0.0000,0.0000,0.0000,0.0000,0.0000,0.0002,0.0000,0.0000,0.0000,0.0000,0.0000,0.0000,0.0000
olympus/pic.0614.jpg,0.0002,0.0000,0.0001,0.0000,0.0000,0.0000,0.0000,0.0001,0.0000,0.0001,0.0005,0.0001,0.0000,0.0000,0.0000,0.0000,0.0001,0.0005,0.9489,0.0015,0.0000,0.0000,0.0000,0.0000,0.0001,0.0006,0.0454,0.0003,0.0000,0.0000,0.0000,0.0000,0.0001,0.0002,0.0002,0.0001,0.0000,0.0000,0.0000,0.0000,0.0001,0.0001,0.0001,0.0000,0.0000,0.0000,0.0000,0.0000,0.0001,0.0000,0.0000,0.0000,0.0000,0.0000,0.0000,0.0000,0.0005,0.0000,0.0000,0.0000,0.0000,0.0000,0.0000,0.0000
olympus/pic.0615.jpg,0.0016,0.0001,0.0002,0.0000,0.0001,0.0000,0.0000,0.0005,0.0004,0.0001,0.0005,0.0002,0.0001,0.0000,0.0000,0.0000,0.0009,0.0011,0.6347,0.0008,0.0001,0.0000,0.0000,0.0000,0.0005,0.0022,0.2957,0.0326,0.0000,0.0000,0.0000,0.0000,0.0008,0.0011,0.0114,0.0014,0.0001,0.0000,0.0000,0.0000,0.0004,0.0008,0.0038,0.0000,0.0000,0.0000,0.0000,0.0000,0.0003,0.0016,0.0003,0.0000,0.0000,0.0000,0.0000,0.0000,0.0053,0.0000,0.0000,0.0000,0.0000,0.0000,0.0000,0.0000
olympus/pic.0616.jpg,0.0002,0.0001,0.0000,0.0000,0.0000,0.0000,0.0000,0.0002,0.0002,0.0000,0.0003,0.0001,0.0000,0.0000,0.0000,0.0000,0.0001,0.0004,0.7939,0.0112,0.0001,0.0001,0.0000,0.0000,0.0001,0.0003,0.1671,0.0173,0.0004,0.0000,0.0000,0.0000,0.0000,0.0003,0.0028,0.0021,0.0001,0.0000,0.0000,0.0000,0.0000,0.0002,0.0009,0.0000,0.0000,0.0000,0.0000,0.0000,0.0000,0.0003,0.0002,0.0000,0.0000,0.0000,0.0000,0.0000,0.0010,0.0000,0.0000,0.0000,0.0000,0.0000,0.0000,0.0000
olympus/pic.0617.jpg,0.0000,0.0000,0.0000,0.0000,0.0000,0.0000,0.0000,0.0002,0.0000,0.0000,0.0001,0.0000,0.0000,0.0000,0.0000,0.0000,0.0000,0.0001,0.9585,0.0015,0.0000,0.0000,0.0000,0.0000,0.0000,0.0001,0.0324,0.0021,0.0001,0.0000,0.0000,0.0000,0.0001,0.0001,0.0009,0.0009,0.0002,0.0000,0.0000,0.0000,0.0000,0.0001,0.0006,0.0000,0.0000,0.0000,0.0000,0.0000,0.0000,0.0003,0.0000,0.0000,0.0000,0.0000,0.0000,0.0000,0.0016,0.0000,0.0000,0.0000,0.0000,0.0000,0.0000,0.0000
olympus/pic.0618.jpg,0.0000,0.0000,0.0000,0.0000,0.0000,0.0000,0.0000,0.0000,0.0000,0.0000,0.0015,0.0000,0.0000,0.0000,0.0000,0.0000,0.0000,0.0000,0.9983,0.0000,0.0000,0.0000,0.0000,0.0000,0.0000,0.0000,0.0002,0.0000,0.0000,0.0000,0.0000,0.0000,0.0000,0.0000,0.0000,0.0000,0.0000,0.0000,0.0000,0.0000,0.0000,0.0000,0.0000,0.0000,0.0000,0.0000,0.0000,0.0000,0.0000,0.0000,0.0000,0.0000,0.0000,0.0000,0.0000,0.0000,0.0000,0.0000,0.0000,0.0000,0.0000,0.0000,0.0000,0.0000
olympus/pic.0619.jpg,0.0008,0.0002,0.0003,0.0001,0.0001,0.0000,0.0000,0.0005,0.0002,0.0001,0.0014,0.0003,0.0000,0.0000,0.0000,0.0000,0.0003,0.0005,0.8479,0.0023,0.0000,0.0000,0.0000,0.0000,0.0002,0.0011,0.1265,0.0046,0.0002,0.0000,0.0000,0.0000,0.0004,0.0005,0.0021,0.0018,0.0003,0.0000,0.0000,0.0000,0.0002,0.0004,0.0009,0.0000,0.0000,0.0000,0.0000,0.0000,0.0001,0.0005,0.0001,0.0000,0.0000,0.0000,0.0000,0.0000,0.0048,0.0000,0.0000,0.0000,0.0000,0.0000,0.0000,0.0000
olympus/pic.0620.jpg,0.0000,0.0000,0.0000,0.0000,0.0000,0.0000,0.0000,0.0000,0.0000,0.0000,0.0000,0.0000,0.0000,0.0000,0.0000,0.0000,0.0000,0.0000,0.8285,0.0029,0.0000,0.0000,0.0000,0.0000,0.0000,0.0001,0.1684,0.0002,0.0000,0.0000,0.0000,0.0000,0.0000,0.0000,0.0000,0.0000,0.0000,0.0000,0.0000,0.0000,0.0000,0.0000,0.0000,0.0000,0.0000,0.0000,0.0000,0.0000,0.0000,0.0000,0.0000,0.0000,0.0000,0.0000,0.0000,0.0000,0.0000,0.0000,0.0000,0.0000,0.0000,0.0000,0.0000,0.0000
olympus/pic.0621.jpg,0.0000,0.0000,0.0000,0.0000,0.0000,0.0000,0.0000,0.0000,0.0000,0.0000,0.0004,0.0000,0.0000,0.0000,0.0000,0.0000,0.0000,0.0000,0.9995,0.0000,0.0000,0.0000,0.0000,0.0000,0.0000,0.0000,0.0001,0.0000,0.0000,0.0000,0.0000,0.0000,0.0000,0.0000,0.0000,0.0000,0.0000,0.0000,0.0000,0.0000,0.0000,0.0000,0.0000,0.0000,0.0000,0.0000,0.0000,0.0000,0.0000,0.0000,0.0000,0.0000,0.0000,0.0000,0.0000,0.0000,0.0000,0.0000,0.0000,0.0000,0.0000,0.0000,0.0000,0.0000
olympus/pic.0622.jpg,0.0000,0.0000,0.0001,0.0000,0.0000,0.0000,0.0000,0.0000,0.0000,0.0001,0.0103,0.0001,0.0000,0.0000,0.0000,0.0000,0.0000,0.0000,0.8064,0.0007,0.0000,0.0000,0.0000,0.0000,0.0000,0.0015,0.1777,0.0013,0.0000,0.0000,0.0000,0.0000,0.0000,0.0013,0.0001,0.0000,0.0000,0.0000,0.0000,0.0000,0.0000,0.0002,0.0000,0.0000,0.0000,0.0000,0.0000,0.0000,0.0000,0.0000,0.0000,0.0000,0.0000,0.0000,0.0000,0.0000,0.0000,0.0000,0.0000,0.0000,0.0000,0.0000,0.0000,0.0000
olympus/pic.0623.jpg,0.0000,0.0000,0.0000,0.0000,0.0000,0.0000,0.0000,0.0000,0.0000,0.0000,0.0000,0.0000,0.0000,0.0000,0.0000,0.0000,0.0000,0.0000,0.5807,0.0001,0.0000,0.0000,0.0000,0.0000,0.0000,0.0000,0.3858,0.0000,0.0000,0.0000,0.0000,0.0000,0.0000,0.0020,0.0314,0.0000,0.0000,0.0000,0.0000,0.0000,0.0000,0.0001,0.0000,0.0000,0.0000,0.0000,0.0000,0.0000,0.0000,0.0000,0.0000,0.0000,0.0000,0.0000,0.0000,0.0000,0.0000,0.0000,0.0000,0.0000,0.0000,0.0000,0.0000,0.0000
olympus/pic.0624.jpg,0.0001,0.0000,0.0000,0.0000,0.0001,0.0001,0.0000,0.0005,0.0000,0.0000,0.0002,0.0002,0.0001,0.0000,0.0000,0.0000,0.0000,0.0002,0.9348,0.0034,0.0001,0.0001,0.0000,0.0000,0.0000,0.0002,0.0548,0.0024,0.0001,0.0000,0.0000,0.0000,0.0000,0.0002,0.0006,0.0005,0.0001,0.0000,0.0000,0.0000,0.0001,0.0001,0.0002,0.0000,0.0000,0.0000,0.0000,0.0000,0.0000,0.0001,0.0000,0.0000,0.0000,0.0000,0.0000,0.0000,0.0008,0.0000,0.0000,0.0000,0.0000,0.0000,0.0000,0.0000
olympus/pic.0625.jpg,0.0000,0.0000,0.0000,0.0000,0.0000,0.0000,0.0000,0.0000,0.0000,0.0000,0.0000,0.0000,0.0000,0.0000,0.0000,0.0000,0.0000,0.0000,0.9751,0.0000,0.0000,0.0000,0.0000,0.0000,0.0000,0.0000,0.0248,0.0000,0.0000,0.0000,0.0000,0.0000,0.0000,0.0000,0.0000,0.0000,0.0000,0.0000,0.0000,0.0000,0.0000,0.0000,0.0000,0.0000,0.0000,0.0000,0.0000,0.0000,0.0000,0.0000,0.0000,0.0000,0.0000,0.0000,0.0000,0.0000,0.0000,0.0000,0.0000,0.0000,0.0000,0.0000,0.0000,0.0000
olympus/pic.0626.jpg,0.0004,0.0001,0.0001,0.0000,0.0000,0.0001,0.0000,0.0001,0.0001,0.0001,0.0004,0.0001,0.0000,0.0000,0.0000,0.0000,0.0001,0.0005,0.5718,0.0140,0.0000,0.0000,0.0000,0.0000,0.0001,0.0005,0.3519,0.0099,0.0001,0.0000,0.0000,0.0000,0.0001,0.0007,0.0396,0.0008,0.0000,0.0000,0.0000,0.0000,0.0001,0.0004,0.0063,0.0000,0.0000,0.0000,0.0000,0.0000,0.0000,0.0005,0.0000,0.0000,0.0000,0.0000,0.0000,0.0000,0.0010,0.0000,0.0000,0.0000,0.0000,0.0000,0.0000,0.0000
olympus/pic.0627.jpg,0.0001,0.0000,0.0000,0.0000,0.0000,0.0000,0.0000,0.0001,0.0001,0.0000,0.0001,0.0000,0.0000,0.0000,0.0000,0.0000,0.0001,0.0004,0.4242,0.0001,0.0000,0.0000,0.0000,0.0000,0.0002,0.0259,0.3792,0.0003,0.0000,0.0000,0.0000,0.0000,0.0008,0.0615,0.0860,0.0003,0.0001,0.0000,0.0000,0.0000,0.0014,0.0067,0.0041,0.0000,0.0000,0.0000,0.0000,0.0000,0.0012,0.0019,0.0001,0.0000,0.0000,0.0000,0.0000,0.0000,0.0048,0.0000,0.0000,0.0000,0.0000,0.0000,0.0000,0.0000
olympus/pic.0628.jpg,0.0002,0.0002,0.0020,0.0003,0.0000,0.0000,0.0000,0.0000,0.0001,0.0002,0.0174,0.0073,0.0000,0.0000,0.0000,0.0000,0.0001,0.0045,0.5419,0.0015,0.0000,0.0000,0.0000,0.0000,0.0002,0.0170,0.2792,0.0017,0.0000,0.0000,0.0000,0.0000,0.0005,0.0293,0.0853,0.0007,0.0000,0.0000,0.0000,0.0000,0.0008,0.0064,0.0013,0.0000,0.0000,0.0000,0.0000,0.0000,0.0004,0.0006,0.0000,0.0000,0.0000,0.0000,0.0000,0.0000,0.0007,0.0000,0.0000,0.0000,0.0000,0.0000,0.0000,0.0000
olympus/pic.0629.jpg,0.0005,0.0000,0.0001,0.0001,0.0002,0.0001,0.0000,0.0011,0.0001,0.0000,0.0006,0.0005,0.0001,0.0000,0.0000,0.0000,0.0002,0.0006,0.8129,0.0051,0.0001,0.0001,0.0000,0.0000,0.0002,0.0022,0.1435,0.0180,0.0003,0.0000,0.0000,0.0000,0.0004,0.0010,0.0037,0.0018,0.0006,0.0000,0.0000,0.0000,0.0003,0.0002,0.0011,0.0000,0.0000,0.0000,0.0000,0.0000,0.0003,0.0004,0.0000,0.0000,0.0000,0.0000,0.0000,0.0000,0.0035,0.0000,0.0000,0.0000,0.0000,0.0000,0.0000,0.0000
olympus/pic.0630.jpg,0.0016,0.0003,0.0006,0.0005,0.0010,0.0004,0.0002,0.0031,0.0002,0.0001,0.0020,0.0057,0.0009,0.0001,0.0001,0.0000,0.0003,0.0008,0.8843,0.0285,0.0008,0.0002,0.0002,0.0000,0.0003,0.0010,0.0615,0.0018,0.0004,0.0000,0.0000,0.0000,0.0004,0.0002,0.0003,0.0003,0.0002,0.0000,0.0000,0.0000,0.0001,0.0001,0.0002,0.0000,0.0000,0.0000,0.0000,0.0000,0.0001,0.0001,0.0000,0.0000,0.0000,0.0000,0.0000,0.0000,0.0011,0.0000,0.0000,0.0000,0.0000,0.0000,0.0000,0.0000
olympus/pic.0631.jpg,0.0010,0.0006,0.0013,0.0006,0.0001,0.0001,0.0000,0.0010,0.0003,0.0008,0.0097,0.0036,0.0004,0.0001,0.0001,0.0000,0.0004,0.0019,0.6865,0.0096,0.0003,0.0002,0.0000,0.0000,0.0005,0.0051,0.1974,0.0095,0.0005,0.0000,0.0000,0.0000,0.0008,0.0074,0.0336,0.0031,0.0002,0.0000,0.0000,0.0000,0.0014,0.0064,0.0023,0.0001,0.0000,0.0000,0.0000,0.0000,0.0028,0.0030,0.0001,0.0000,0.0000,0.0000,0.0000,0.0000,0.0070,0.0000,0.0000,0.0000,0.0000,0.0000,0.0000,0.0000
olympus/pic.0632.jpg,0.0008,0.0001,0.0000,0.0000,0.0000,0.0000,0.0000,0.0001,0.0007,0.0001,0.0002,0.0001,0.0000,0.0000,0.0000,0.0000,0.0008,0.0026,0.7549,0.0006,0.0000,0.0000,0.0000,0.0000,0.0009,0.0040,0.2258,0.0003,0.0000,0.0000,0.0000,0.0000,0.0008,0.0015,0.0025,0.0002,0.0000,0.0000,0.0000,0.0000,0.0004,0.0003,0.0002,0.0000,0.0000,0.0000,0.0000,0.0000,0.0003,0.0001,0.0000,0.0000,0.0000,0.0000,0.0000,0.0000,0.0016,0.0000,0.0000,0.0000,0.0000,0.0000,0.0000,0.0000
olympus/pic.0633.jpg,0.0000,0.0000,0.0000,0.0000,0.0000,0.0000,0.0000,0.0000,0.0000,0.0000,0.0018,0.0065,0.0000,0.0000,0.0000,0.0000,0.0000,0.0000,0.9142,0.0488,0.0001,0.0000,0.0000,0.0000,0.0000,0.0000,0.0285,0.0001,0.0000,0.0000,0.0000,0.0000,0.0000,0.0000,0.0000,0.0000,0.0000,0.0000,0.0000,0.0000,0.0000,0.0000,0.0000,0.0000,0.0000,0.0000,0.0000,0.0000,0.0000,0.0000,0.0000,0.0000,0.0000,0.0000,0.0000,0.0000,0.0000,0.0000,0.0000,0.0000,0.0000,0.0000,0.0000,0.0000
olympus/pic.0634.jpg,0.0000,0.0000,0.0000,0.0000,0.0000,0.0000,0.0000,0.0000,0.0000,0.0000,0.0001,0.0000,0.0000,0.0000,0.0000,0.0000,0.0000,0.0000,0.9934,0.0001,0.0000,0.0000,0.0000,0.0000,0.0000,0.0001,0.0061,0.0000,0.0000,0.0000,0.0000,0.0000,0.0000,0.0001,0.0000,0.0000,0.0000,0.0000,0.0000,0.0000,0.0000,0.0000,0.0000,0.0000,0.0000,0.0000,0.0000,0.0000,0.0000,0.0000,0.0000,0.0000,0.0000,0.0000,0.0000,0.0000,0.0000,0.0000,0.0000,0.0000,0.0000,0.0000,0.0000,0.0000
olympus/pic.0635.jpg,0.0000,0.0000,0.0000,0.0000,0.0000,0.0000,0.0000,0.0000,0.0000,0.0000,0.0000,0.0000,0.0000,0.0000,0.0000,0.0000,0.0000,0.0003,0.1404,0.0000,0.0000,0.0000,0.0000,0.0000,0.0001,0.4649,0.2013,0.0000,0.0000,0.0000,0.0000,0.0000,0.0009,0.1852,0.0024,0.0000,0.0000,0.0000,0.0000,0.0000,0.0014,0.0024,0.0000,0.0000,0.0000,0.0000,0.0000,0.0000,0.0006,0.0000,0.0000,0.0000,0.0000,0.0000,0.0000,0.0000,0.0001,0.0000,0.0000,0.0000,0.0000,0.0000,0.0000,0.0000
olympus/pic.0636.jpg,0.0082,0.0005,0.0002,0.0001,0.0001,0.0002,0.0000,0.0014,0.0069,0.0016,0.0027,0.0009,0.0003,0.0000,0.0001,0.0000,0.0098,0.0061,0.7092,0.0600,0.0010,0.0002,0.0001,0.0000,0.0043,0.0046,0.1320,0.0050,0.0004,0.0000,0.0000,0.0000,0.0021,0.0017,0.0314,0.0022,0.0009,0.0000,0.0000,0.0000,0.0007,0.0006,0.0016,0.0000,0.0000,0.0000,0.0000,0.0000,0.0005,0.0006,0.0002,0.0000,0.0000,0.0000,0.0000,0.0000,0.0015,0.0000,0.0000,0.0000,0.0000,0.0000,0.0000,0.0000
olympus/pic.0637.jpg,0.0002,0.0007,0.0102,0.0009,0.0000,0.0000,0.0000,0.0000,0.0001,0.0009,0.1084,0.0024,0.0001,0.0000,0.0000,0.0000,0.0000,0.0005,0.4337,0.0015,0.0000,0.0000,0.0000,0.0000,0.0000,0.0092,0.3351,0.0023,0.0000,0.0000,0.0000,0.0000,0.0001,0.0255,0.0267,0.0006,0.0000,0.0000,0.0000,0.0000,0.0021,0.0356,0.0001,0.0000,0.0000,0.0000,0.0000,0.0000,0.0011,0.0005,0.0000,0.0000,0.0000,0.0000,0.0000,0.0000,0.0014,0.0000,0.0000,0.0000,0.0000,0.0000,0.0000,0.0000
olympus/pic.0638.jpg,0.0000,0.0000,0.0000,0.0000,0.0000,0.0000,0.0000,0.0000,0.0000,0.0000,0.0534,0.0000,0.0000,0.0000,0.0000,0.0000,0.0000,0.0000,0.4094,0.0036,0.0000,0.0000,0.0000,0.0000,0.0000,0.0263,0.2267,0.0020,0.0000,0.0000,0.0000,0.0000,0.0000,0.1562,0.0021,0.0000,0.0000,0.0000,0.0000,0.0000,0.0142,0.1060,0.0000,0.0000,0.0000,0.0000,0.0000,0.0000,0.0001,0.0001,0.0000,0.0000,0.0000,0.0000,0.0000,0.0000,0.0000,0.0000,0.0000,0.0000,0.0000,0.0000,0.0000,0.0000
olympus/pic.0639.jpg,0.0000,0.0000,0.0000,0.0000,0.0000,0.0000,0.0000,0.0000,0.0000,0.0000,0.0000,0.0000,0.0000,0.0000,0.0000,0.0000,0.0000,0.0000,0.0762,0.0001,0.0000,0.0000,0.0000,0.0000,0.0000,0.0005,0.7842,0.0002,0.0000,0.0000,0.0000,0.0000,0.0000,0.0698,0.0145,0.0001,0.0000,0.0000,0.0000,0.0000,0.0001,0.0539,0.0002,0.0000,0.0000,0.0000,0.0000,0.0000,0.0001,0.0002,0.0000,0.0000,0.0000,0.0000,0.0000,0.0000,0.0000,0.0000,0.0000,0.0000,0.0000,0.0000,0.0000,0.0000
olympus/pic.0640.jpg,0.0000,0.0000,0.0000,0.0000,0.0000,0.0000,0.0000,0.0000,0.0000,0.0000,0.0004,0.0000,0.0000,0.0000,0.0000,0.0000,0.0000,0.8040,0.0853,0.0000,0.0000,0.0000,0.0000,0.0000,0.0000,0.0944,0.0003,0.0000,0.0000,0.0000,0.0000,0.0000,0.0001,0.0156,0.0000,0.0000,0.0000,0.0000,0.0000,0.0000,0.0000,0.0000,0.0000,0.0000,0.0000,0.0000,0.0000,0.0000,0.0000,0.0000,0.0000,0.0000,0.0000,0.0000,0.0000,0.0000,0.0000,0.0000,0.0000,0.0000,0.0000,0.0000,0.0000,0.0000
olympus/pic.0641.jpg,0.0011,0.0023,0.0005,0.0002,0.0132,0.0156,0.0032,0.0225,0.0002,0.0011,0.0022,0.0456,0.0897,0.0010,0.0002,0.0000,0.0001,0.0004,0.5205,0.1252,0.0055,0.0010,0.0025,0.0000,0.0000,0.0006,0.0700,0.0332,0.0037,0.0002,0.0000,0.0000,0.0001,0.0012,0.0044,0.0056,0.0110,0.0000,0.0000,0.0000,0.0005,0.0011,0.0017,0.0000,0.0000,0.0000,0.0000,0.0000,0.0056,0.0005,0.0001,0.0000,0.0000,0.0000,0.0000,0.0000,0.0067,0.0000,0.0000,0.0000,0.0000,0.0000,0.0000,0.0000
olympus/pic.0642.jpg,0.0001,0.0001,0.0002,0.0042,0.0023,0.0001,0.0000,0.0000,0.0000,0.0000,0.0046,0.0682,0.0002,0.0000,0.0000,0.0000,0.0000,0.0002,0.9024,0.0075,0.0000,0.0000,0.0000,0.0000,0.0000,0.0003,0.0053,0.0001,0.0000,0.0000,0.0000,0.0000,0.0000,0.0015,0.0000,0.0000,0.0000,0.0000,0.0000,0.0000,0.0008,0.0014,0.0000,0.0000,0.0000,0.0000,0.0000,0.0000,0.0003,0.0000,0.0000,0.0000,0.0000,0.0000,0.0000,0.0000,0.0000,0.0000,0.0000,0.0000,0.0000,0.0000,0.0000,0.0000
olympus/pic.0643.jpg,0.0001,0.0000,0.0000,0.0001,0.0047,0.0014,0.0003,0.0006,0.0000,0.0000,0.0002,0.0432,0.0243,0.0000,0.0000,0.0000,0.0000,0.0000,0.8966,0.0203,0.0000,0.0000,0.0000,0.0000,0.0000,0.0002,0.0035,0.0000,0.0000,0.0000,0.0000,0.0000,0.0000,0.0006,0.0000,0.0000,0.0000,0.0000,0.0000,0.0000,0.0003,0.0004,0.0000,0.0000,0.0000,0.0000,0.0000,0.0000,0.0027,0.0000,0.0000,0.0000,0.0000,0.0000,0.0000,0.0000,0.0003,0.0000,0.0000,0.0000,0.0000,0.0000,0.0000,0.0000
olympus/pic.0644.jpg,0.0001,0.0000,0.0000,0.0010,0.0184,0.0014,0.0001,0.0002,0.0000,0.0000,0.0005,0.1372,0.0203,0.0000,0.0000,0.0000,0.0000,0.0000,0.7729,0.0224,0.0000,0.0000,0.0000,0.0000,0.0000,0.0002,0.0102,0.0000,0.0000,0.0000,0.0000,0.0000,0.0000,0.0012,0.0001,0.0000,0.0000,0.0000,0.0000,0.0000,0.0003,0.0009,0.0000,0.0000,0.0000,0.0000,0.0000,0.0000,0.0111,0.0001,0.0000,0.0000,0.0000,0.0000,0.0000,0.0000,0.0011,0.0000,0.0000,0.0000,0.0000,0.0000,0.0000,0.0000
olympus/pic.0645.jpg,0.0000,0.0000,0.0000,0.0000,0.0000,0.0000,0.0000,0.0000,0.0000,0.0000,0.0000,0.0000,0.0000,0.0000,0.0000,0.0000,0.0000,0.0000,0.4913,0.0005,0.0000,0.0000,0.0000,0.0000,0.0000,0.0000,0.4327,0.0109,0.0002,0.0000,0.0000,0.0000,0.0000,0.0003,0.0552,0.0054,0.0000,0.0000,0.0000,0.0000,0.0000,0.0003,0.0017,0.0000,0.0000,0.0000,0.0000,0.0000,0.0000,0.0005,0.0000,0.0000,0.0000,0.0000,0.0000,0.0000,0.0008,0.0000,0.0000,0.0000,0.0000,0.0000,0.0000,0.0000
olympus/pic.0646.jpg,0.0005,0.0003,0.0010,0.0005,0.0001,0.0000,0.0000,0.0001,0.0002,0.0004,0.0293,0.0177,0.0000,0.0000,0.0000,0.0000,0.0001,0.0012,0.5333,0.0183,0.0000,0.0000,0.0000,0.0000,0.0002,0.0019,0.2525,0.0011,0.0000,0.0000,0.0000,0.0000,0.0002,0.0057,0.1131,0.0003,0.0000,0.0000,0.0000,0.0000,0.0120,0.0055,0.0010,0.0000,0.0000,0.0000,0.0000,0.0000,0.0016,0.0005,0.0000,0.0000,0.0000,0.0000,0.0000,0.0000,0.0011,0.0000,0.0000,0.0000,0.0000,0.0000,0.0000,0.0000
olympus/pic.0647.jpg,0.0010,0.0007,0.0014,0.0038,0.0004,0.0000,0.0000,0.0001,0.0002,0.0003,0.1899,0.0424,0.0000,0.0000,0.0000,0.0000,0.0002,0.0011,0.7310,0.0037,0.0000,0.0000,0.0000,0.0000,0.0002,0.0002,0.0232,0.0001,0.0000,0.0000,0.0000,0.0000,0.0001,0.0000,0.0000,0.0000,0.0000,0.0000,0.0000,0.0000,0.0000,0.0000,0.0000,0.0000,0.0000,0.0000,0.0000,0.0000,0.0000,0.0000,0.0000,0.0000,0.0000,0.0000,0.0000,0.0000,0.0000,0.0000,0.0000,0.0000,0.0000,0.0000,0.0000,0.0000
olympus/pic.0648.jpg,0.0000,0.0000,0.0000,0.0000,0.0000,0.0000,0.0000,0.0000,0.0000,0.0000,0.0002,0.0000,0.0000,0.0000,0.0000,0.0000,0.0000,0.0000,0.1173,0.0008,0.0000,0.0000,0.0000,0.0000,0.0000,0.0001,0.8636,0.0014,0.0000,0.0000,0.0000,0.0000,0.0000,0.0005,0.0137,0.0001,0.0000,0.0000,0.0000,0.0000,0.0000,0.0011,0.0005,0.0000,0.0000,0.0000,0.0000,0.0000,0.0000,0.0001,0.0000,0.0000,0.0000,0.0000,0.0000,0.0000,0.0002,0.0000,0.0000,0.0000,0.0000,0.0000,0.0000,0.0000
olympus/pic.0649.jpg,0.0000,0.0000,0.0000,0.0000,0.0000,0.0000,0.0000,0.0000,0.0000,0.0000,0.0000,0.0000,0.0000,0.0000,0.0000,0.0000,0.0001,0.0005,0.1754,0.0001,0.0000,0.0000,0.0000,0.0000,0.0001,0.0004,0.2151,0.0010,0.0000,0.0000,0.0000,0.0000,0.0001,0.0004,0.5253,0.0003,0.0000,0.0000,0.0000,0.0000,0.0000,0.0011,0.0747,0.0000,0.0000,0.0000,0.0000,0.0000,0.0001,0.0043,0.0003,0.0000,0.0000,0.0000,0.0000,0.0000,0.0007,0.0000,0.0000,0.0000,0.0000,0.0000,0.0000,0.0000
olympus/pic.0650.jpg,0.0006,0.0000,0.0000,0.0000,0.0000,0.0000,0.0000,0.0000,0.0006,0.0042,0.0011,0.0000,0.0000,0.0000,0.0000,0.0000,0.0007,0.0098,0.4859,0.0000,0.0000,0.0000,0.0000,0.0000,0.0007,0.0037,0.3665,0.0042,0.0000,0.0000,0.0000,0.0000,0.0002,0.0006,0.1171,0.0019,0.0000,0.0000,0.0000,0.0000,0.0001,0.0003,0.0008,0.0000,0.0000,0.0000,0.0000,0.0000,0.0001,0.0004,0.0000,0.0000,0.0000,0.0000,0.0000,0.0000,0.0006,0.0000,0.0000,0.0000,0.0000,0.0000,0.0000,0.0000
olympus/pic.0651.jpg,0.0000,0.0000,0.0000,0.0000,0.0000,0.0000,0.0000,0.0000,0.0000,0.0000,0.0530,0.0001,0.0000,0.0000,0.0000,0.0000,0.0000,0.0000,0.8978,0.0001,0.0000,0.0000,0.0000,0.0000,0.0000,0.0001,0.0474,0.0000,0.0000,0.0000,0.0000,0.0000,0.0000,0.0004,0.0007,0.0000,0.0000,0.0000,0.0000,0.0000,0.0000,0.0001,0.0001,0.0000,0.0000,0.0000,0.0000,0.0000,0.0000,0.0000,0.0000,0.0000,0.0000,0.0000,0.0000,0.0000,0.0001,0.0000,0.0000,0.0000,0.0000,0.0000,0.0000,0.0000
olympus/pic.0652.jpg,0.0001,0.0000,0.0000,0.0000,0.0000,0.0000,0.0000,0.0000,0.0001,0.0001,0.0571,0.0000,0.0000,0.0000,0.0000,0.0000,0.0003,0.0109,0.7763,0.0000,0.0000,0.0000,0.0000,0.0000,0.0044,0.0607,0.0832,0.0000,0.0000,0.0000,0.0000,0.0000,0.0046,0.0004,0.0011,0.0000,0.0000,0.0000,0.0000,0.0000,0.0007,0.0000,0.0000,0.0000,0.0000,0.0000,0.0000,0.0000,0.0000,0.0000,0.0000,0.0000,0.0000,0.0000,0.0000,0.0000,0.0000,0.0000,0.0000,0.0000,0.0000,0.0000,0.0000,0.0000
olympus/pic.0653.jpg,0.0000,0.0000,0.0000,0.0000,0.0000,0.0000,0.0000,0.0000,0.0000,0.0000,0.0000,0.0000,0.0000,0.0000,0.0000,0.0000,0.0000,0.0000,0.6380,0.0003,0.0000,0.0000,0.0000,0.0000,0.0000,0.0000,0.1034,0.0000,0.0000,0.0000,0.0000,0.0000,0.0000,0.0146,0.1467,0.0000,0.0000,0.0000,0.0000,0.0000,0.0000,0.0802,0.0046,0.0000,0.0000,0.0000,0.0000,0.0000,0.0001,0.0116,0.0000,0.0000,0.0000,0.0000,0.0000,0.0000,0.0004,0.0000,0.0000,0.0000,0.0000,0.0000,0.0000,0.0000
olympus/pic.0654.jpg,0.0000,0.0000,0.0000,0.0000,0.0000,0.0000,0.0000,0.0001,0.0000,0.0000,0.0000,0.0000,0.0000,0.0000,0.0000,0.0000,0.0000,0.0001,0.3401,0.0000,0.0000,0.0000,0.0000,0.0000,0.0001,0.0290,0.3363,0.0000,0.0000,0.0000,0.0000,0.0000,0.0025,0.0204,0.2437,0.0000,0.0000,0.0000,0.0000,0.0000,0.0037,0.0060,0.0066,0.0000,0.0000,0.0000,0.0000,0.0000,0.0035,0.0007,0.0000,0.0000,0.0000,0.0000,0.0000,0.0000,0.0069,0.0000,0.0000,0.0000,0.0000,0.0000,0.0000,0.0000
olympus/pic.0655.jpg,0.0010,0.0090,0.0266,0.0001,0.0001,0.0000,0.0000,0.0002,0.0004,0.0015,0.0122,0.0001,0.0000,0.0000,0.0000,0.0000,0.0012,0.0013,0.1796,0.0006,0.0000,0.0000,0.0000,0.0000,0.0009,0.0109,0.6383,0.0390,0.0002,0.0000,0.0000,0.0000,0.0013,0.0138,0.0387,0.0034,0.0001,0.0000,0.0000,0.0000,0.0019,0.0025,0.0005,0.0000,0.0000,0.0000,0.0000,0.0000,0.0053,0.0005,0.0001,0.0000,0.0000,0.0000,0.0000,0.0000,0.0087,0.0000,0.0000,0.0000,0.0000,0.0000,0.0000,0.0000
olympus/pic.0656.jpg,0.0005,0.0044,0.0092,0.0000,0.0000,0.0000,0.0000,0.0001,0.0003,0.0014,0.0130,0.0000,0.0000,0.0000,0.0000,0.0000,0.0009,0.0010,0.6381,0.0002,0.0000,0.0000,0.0000,0.0000,0.0012,0.0136,0.2959,0.0019,0.0000,0.0000,0.0000,0.0000,0.0014,0.0092,0.0021,0.0005,0.0000,0.0000,0.0000,0.0000,0.0007,0.0008,0.0003,0.0000,0.0000,0.0000,0.0000,0.0000,0.0007,0.0002,0.0000,0.0000,0.0000,0.0000,0.0000,0.0000,0.0023,0.0000,0.0000,0.0000,0.0000,0.0000,0.0000,0.0000
olympus/pic.0657.jpg,0.0001,0.0129,0.0169,0.0000,0.0000,0.0000,0.0000,0.0001,0.0000,0.0039,0.0100,0.0000,0.0000,0.0000,0.0000,0.0000,0.0005,0.0044,0.2969,0.0002,0.0000,0.0000,0.0000,0.0000,0.0010,0.0192,0.2804,0.0049,0.0000,0.0000,0.0000,0.0000,0.0013,0.3018,0.0084,0.0014,0.0000,0.0000,0.0000,0.0000,0.0046,0.0133,0.0009,0.0000,0.0000,0.0000,0.0000,0.0000,0.0061,0.0007,0.0001,0.0000,0.0000,0.0000,0.0000,0.0000,0.0099,0.0000,0.0000,0.0000,0.0000,0.0000,0.0000,0.0000
olympus/pic.0658.jpg,0.0016,0.0010,0.0010,0.0002,0.0001,0.0000,0.0000,0.0002,0.0004,0.0019,0.0046,0.0001,0.0001,0.0000,0.0000,0.0000,0.0005,0.0020,0.5770,0.0005,0.0000,0.0000,0.0000,0.0000,0.0007,0.0187,0.2075,0.0006,0.0000,0.0000,0.0000,0.0000,0.0011,0.0285,0.1399,0.0002,0.0000,0.0000,0.0000,0.0000,0.0017,0.0035,0.0018,0.0000,0.0000,0.0000,0.0000,0.0000,0.0013,0.0005,0.0000,0.0000,0.0000,0.0000,0.0000,0.0000,0.0027,0.0000,0.0000,0.0000,0.0000,0.0000,0.0000,0.0000
olympus/pic.0659.jpg,0.0000,0.0000,0.0000,0.0000,0.0000,0.0000,0.0000,0.0000,0.0000,0.0000,0.0000,0.0000,0.0000,0.0000,0.0000,0.0000,0.0000,0.0000,0.9993,0.0000,0.0000,0.0000,0.0000,0.0000,0.0000,0.0000,0.0007,0.0000,0.0000,0.0000,0.0000,0.0000,0.0000,0.0000,0.0000,0.0000,0.0000,0.0000,0.0000,0.0000,0.0000,0.0000,0.0000,0.0000,0.0000,0.0000,0.0000,0.0000,0.0000,0.0000,0.0000,0.0000,0.0000,0.0000,0.0000,0.0000,0.0000,0.0000,0.0000,0.0000,0.0000,0.0000,0.0000,0.0000
olympus/pic.0660.jpg,0.0007,0.0060,0.0144,0.0044,0.0009,0.0001,0.0000,0.0005,0.0002,0.0018,0.0119,0.0026,0.0002,0.0000,0.0000,0.0000,0.0002,0.0025,0.3233,0.0044,0.0003,0.0001,0.0000,0.0000,0.0003,0.0038,0.0401,0.0039,0.0005,0.0000,0.0000,0.0000,0.0007,0.3339,0.0673,0.0019,0.0003,0.0000,0.0000,0.0000,0.0087,0.1146,0.0287,0.0000,0.0000,0.0000,0.0000,0.0000,0.0038,0.0049,0.0003,0.0000,0.0000,0.0000,0.0000,0.0000,0.0115,0.0000,0.0000,0.0000,0.0000,0.0000,0.0000,0.0000
olympus/pic.0661.jpg,0.0009,0.0001,0.0001,0.0001,0.0000,0.0000,0.0000,0.0002,0.0003,0.0006,0.0007,0.0001,0.0000,0.0000,0.0000,0.0000,0.0004,0.0036,0.8120,0.0006,0.0000,0.0000,0.0000,0.0000,0.0007,0.0033,0.1594,0.0005,0.0001,0.0000,0.0000,0.0000,0.0005,0.0023,0.0076,0.0002,0.0000,0.0000,0.0000,0.0000,0.0008,0.0013,0.0008,0.0000,0.0000,0.0000,0.0000,0.0000,0.0005,0.0003,0.0000,0.0000,0.0000,0.0000,0.0000,0.0000,0.0019,0.0000,0.0000,0.0000,0.0000,0.0000,0.0000,0.0000
olympus/pic.0662.jpg,0.0006,0.0001,0.0001,0.0000,0.0000,0.0000,0.0000,0.0003,0.0004,0.0001,0.0008,0.0001,0.0001,0.0000,0.0000,0.0000,0.0004,0.0009,0.6190,0.0095,0.0030,0.0001,0.0000,0.0000,0.0004,0.0160,0.3179,0.0004,0.0001,0.0000,0.0000,0.0000,0.0009,0.0181,0.0017,0.0001,0.0000,0.0000,0.0000,0.0000,0.0010,0.0020,0.0001,0.0000,0.0000,0.0000,0.0000,0.0000,0.0016,0.0001,0.0000,0.0000,0.0000,0.0000,0.0000,0.0000,0.0037,0.0000,0.0000,0.0000,0.0000,0.0000,0.0000,0.0000
olympus/pic.0663.jpg,0.0012,0.0017,0.0005,0.0001,0.0001,0.0000,0.0000,0.0004,0.0005,0.0099,0.0060,0.0004,0.0003,0.0000,0.0000,0.0000,0.0002,0.0015,0.4649,0.0096,0.0001,0.0001,0.0000,0.0000,0.0001,0.0014,0.1347,0.1067,0.0002,0.0000,0.0000,0.0000,0.0002,0.0019,0.2259,0.0005,0.0001,0.0000,0.0000,0.0000,0.0002,0.0036,0.0191,0.0000,0.0000,0.0000,0.0000,0.0000,0.0003,0.0030,0.0002,0.0000,0.0000,0.0000,0.0000,0.0000,0.0040,0.0000,0.0000,0.0000,0.0000,0.0000,0.0000,0.0000
olympus/pic.0664.jpg,0.0050,0.0009,0.0000,0.0000,0.0000,0.0000,0.0000,0.0000,0.0028,0.0747,0.0052,0.0000,0.0000,0.0000,0.0000,0.0000,0.0012,0.0068,0.1208,0.0000,0.0000,0.0000,0.0000,0.0000,0.0011,0.0017,0.0154,0.0000,0.0000,0.0000,0.0000,0.0000,0.0010,0.0166,0.0005,0.0002,0.0000,0.0000,0.0000,0.0000,0.0242,0.0245,0.0003,0.0000,0.0000,0.0000,0.0000,0.0000,0.0549,0.0011,0.0002,0.0000,0.0000,0.0000,0.0000,0.0000,0.6411,0.0000,0.0000,0.0000,0.0000,0.0000,0.0000,0.0000
olympus/pic.0665.jpg,0.0097,0.1390,0.0164,0.0033,0.0206,0.0007,0.0003,0.0008,0.0015,0.0421,0.0495,0.0139,0.0001,0.0000,0.0000,0.0000,0.0121,0.0163,0.5752,0.0027,0.0001,0.0001,0.0000,0.0000,0.0014,0.0038,0.0138,0.0178,0.0002,0.0000,0.0000,0.0000,0.0010,0.0085,0.0160,0.0038,0.0001,0.0000,0.0000,0.0000,0.0134,0.0051,0.0020,0.0000,0.0000,0.0000,0.0000,0.0000,0.0040,0.0008,0.0001,0.0000,0.0000,0.0000,0.0000,0.0000,0.0039,0.0000,0.0000,0.0000,0.0000,0.0000,0.0000,0.0000
olympus/pic.0666.jpg,0.0138,0.0737,0.0117,0.0040,0.0080,0.0003,0.0001,0.0008,0.0035,0.0240,0.0222,0.0072,0.0001,0.0000,0.0000,0.0000,0.0221,0.0586,0.5915,0.0021,0.0000,0.0001,0.0000,0.0000,0.0259,0.0537,0.0256,0.0088,0.0004,0.0000,0.0000,0.0000,0.0101,0.0046,0.0064,0.0008,0.0001,0.0000,0.0000,0.0000,0.0091,0.0022,0.0006,0.0000,0.0000,0.0000,0.0000,0.0000,0.0038,0.0005,0.0000,0.0000,0.0000,0.0000,0.0000,0.0000,0.0031,0.0000,0.0000,0.0000,0.0000,0.0000,0.0000,0.0000
olympus/pic.0667.jpg,0.0006,0.0182,0.0183,0.0038,0.0027,0.0000,0.0000,0.0001,0.0006,0.0070,0.0127,0.0034,0.0000,0.0000,0.0000,0.0000,0.0030,0.0033,0.0946,0.0012,0.0000,0.0000,0.0000,0.0000,0.0002,0.0017,0.2751,0.0061,0.0001,0.0000,0.0000,0.0000,0.0004,0.0037,0.4223,0.0012,0.0000,0.0000,0.0000,0.0000,0.0073,0.0092,0.0179,0.0000,0.0000,0.0000,0.0000,0.0000,0.0830,0.0011,0.0001,0.0000,0.0000,0.0000,0.0000,0.0000,0.0009,0.0000,0.0000,0.0000,0.0000,0.0000,0.0000,0.0000
olympus/pic.0668.jpg,0.0001,0.0000,0.0000,0.0000,0.0000,0.0000,0.0000,0.0001,0.0001,0.0000,0.0004,0.0000,0.0000,0.0000,0.0000,0.0000,0.0001,0.0002,0.9981,0.0001,0.0000,0.0000,0.0000,0.0000,0.0001,0.0001,0.0003,0.0000,0.0000,0.0000,0.0000,0.0000,0.0001,0.0001,0.0000,0.0000,0.0000,0.0000,0.0000,0.0000,0.0000,0.0000,0.0000,0.0000,0.0000,0.0000,0.0000,0.0000,0.0000,0.0000,0.0000,0.0000,0.0000,0.0000,0.0000,0.0000,0.0001,0.0000,0.0000,0.0000,0.0000,0.0000,0.0000,0.0000
olympus/pic.0669.jpg,0.0009,0.0043,0.0038,0.0004,0.0002,0.0001,0.0000,0.0004,0.0002,0.0006,0.0133,0.0013,0.0000,0.0000,0.0000,0.0000,0.0001,0.0006,0.6009,0.0026,0.0000,0.0000,0.0000,0.0000,0.0001,0.0039,0.2577,0.0013,0.0000,0.0000,0.0000,0.0000,0.0003,0.0255,0.0494,0.0003,0.0001,0.0000,0.0000,0.0000,0.0066,0.0203,0.0008,0.0000,0.0000,0.0000,0.0000,0.0000,0.0007,0.0005,0.0000,0.0000,0.0000,0.0000,0.0000,0.0000,0.0026,0.0000,0.0000,0.0000,0.0000,0.0000,0.0000,0.0000
olympus/pic.0670.jpg,0.0006,0.0011,0.0039,0.0001,0.0000,0.0000,0.0000,0.0000,0.0000,0.0002,0.1058,0.0001,0.0000,0.0000,0.0000,0.0000,0.0000,0.0001,0.5956,0.0001,0.0000,0.0000,0.0000,0.0000,0.0000,0.0002,0.2916,0.0001,0.0000,0.0000,0.0000,0.0000,0.0000,0.0002,0.0003,0.0000,0.0000,0.0000,0.0000,0.0000,0.0000,0.0000,0.0000,0.0000,0.0000,0.0000,0.0000,0.0000,0.0000,0.0000,0.0000,0.0000,0.0000,0.0000,0.0000,0.0000,0.0001,0.0000,0.0000,0.0000,0.0000,0.0000,0.0000,0.0000
olympus/pic.0671.jpg,0.0001,0.0000,0.0000,0.0000,0.0000,0.0000,0.0000,0.0001,0.0000,0.0000,0.0003,0.0000,0.0000,0.0000,0.0000,0.0000,0.0001,0.0001,0.4224,0.0018,0.0003,0.0000,0.0000,0.0000,0.0001,0.0023,0.5600,0.0014,0.0000,0.0000,0.0000,0.0000,0.0001,0.0008,0.0079,0.0002,0.0000,0.0000,0.0000,0.0000,0.0001,0.0001,0.0003,0.0000,0.0000,0.0000,0.0000,0.0000,0.0001,0.0002,0.0001,0.0000,0.0000,0.0000,0.0000,0.0000,0.0008,0.0000,0.0000,0.0000,0.0000,0.0000,0.0000,0.0000
olympus/pic.0672.jpg,0.0021,0.0004,0.0006,0.0002,0.0001,0.0002,0.0000,0.0008,0.0002,0.0004,0.0023,0.0006,0.0001,0.0000,0.0000,0.0000,0.0006,0.0008,0.9850,0.0009,0.0000,0.0000,0.0000,0.0000,0.0002,0.0005,0.0023,0.0001,0.0000,0.0000,0.0000,0.0000,0.0002,0.0001,0.0000,0.0000,0.0000,0.0000,0.0000,0.0000,0.0001,0.0000,0.0000,0.0000,0.0000,0.0000,0.0000,0.0000,0.0001,0.0001,0.0000,0.0000,0.0000,0.0000,0.0000,0.0000,0.0008,0.0000,0.0000,0.0000,0.0000,0.0000,0.0000,0.0000
olympus/pic.0673.jpg,0.0002,0.0001,0.0001,0.0002,0.0001,0.0001,0.0000,0.0020,0.0000,0.0006,0.0198,0.0033,0.0008,0.0002,0.0006,0.0000,0.0002,0.0023,0.6059,0.2925,0.0121,0.0016,0.0001,0.0000,0.0003,0.0128,0.0210,0.0177,0.0024,0.0001,0.0000,0.0000,0.0006,0.0003,0.0005,0.0006,0.0002,0.0000,0.0000,0.0000,0.0001,0.0000,0.0002,0.0000,0.0000,0.0000,0.0000,0.0000,0.0000,0.0001,0.0000,0.0000,0.0000,0.0000,0.0000,0.0000,0.0003,0.0000,0.0000,0.0000,0.0000,0.0000,0.0000,0.0000
olympus/pic.0674.jpg,0.0005,0.0000,0.0000,0.0000,0.0000,0.0000,0.0000,0.0001,0.0007,0.0006,0.0003,0.0000,0.0000,0.0000,0.0000,0.0000,0.0019,0.0083,0.9156,0.0007,0.0000,0.0000,0.0000,0.0000,0.0021,0.0027,0.0612,0.0010,0.0000,0.0000,0.0000,0.0000,0.0005,0.0004,0.0006,0.0003,0.0001,0.0000,0.0000,0.0000,0.0001,0.0002,0.0002,0.0000,0.0000,0.0000,0.0000,0.0000,0.0001,0.0001,0.0000,0.0000,0.0000,0.0000,0.0000,0.0000,0.0015,0.0000,0.0000,0.0000,0.0000,0.0000,0.0000,0.0000
olympus/pic.0675.jpg,0.0002,0.0000,0.0001,0.0001,0.0001,0.0000,0.0000,0.0007,0.0000,0.0000,0.0002,0.0002,0.0001,0.0000,0.0000,0.0000,0.0001,0.0002,0.9373,0.0036,0.0001,0.0001,0.0000,0.0000,0.0000,0.0003,0.0412,0.0059,0.0004,0.0000,0.0000,0.0000,0.0001,0.0002,0.0011,0.0017,0.0005,0.0000,0.0000,0.0000,0.0002,0.0001,0.0010,0.0000,0.0000,0.0000,0.0000,0.0000,0.0000,0.0004,0.0001,0.0000,0.0000,0.0000,0.0000,0.0000,0.0036,0.0000,0.0000,0.0000,0.0000,0.0000,0.0000,0.0000
olympus/pic.0676.jpg,0.0016,0.0010,0.0010,0.0002,0.0001,0.0000,0.0000,0.0000,0.0003,0.0012,0.0055,0.0006,0.0001,0.0000,0.0000,0.0000,0.0002,0.0035,0.7003,0.1530,0.0024,0.0000,0.0000,0.0000,0.0001,0.0011,0.0869,0.0379,0.0006,0.0000,0.0000,0.0000,0.0000,0.0003,0.0013,0.0006,0.0001,0.0000,0.0000,0.0000,0.0000,0.0000,0.0000,0.0000,0.0000,0.0000,0.0000,0.0000,0.0000,0.0000,0.0000,0.0000,0.0000,0.0000,0.0000,0.0000,0.0000,0.0000,0.0000,0.0000,0.0000,0.0000,0.0000,0.0000
olympus/pic.0677.jpg,0.0010,0.0001,0.0001,0.0000,0.0000,0.0000,0.0000,0.0043,0.0004,0.0002,0.0008,0.0002,0.0008,0.0003,0.0009,0.0000,0.0002,0.0015,0.7909,0.1260,0.0105,0.0027,0.0002,0.0000,0.0004,0.0011,0.0364,0.0108,0.0041,0.0001,0.0000,0.0000,0.0003,0.0005,0.0009,0.0005,0.0004,0.0000,0.0000,0.0000,0.0001,0.0002,0.0004,0.0000,0.0000,0.0000,0.0000,0.0000,0.0001,0.0002,0.0000,0.0000,0.0000,0.0000,0.0000,0.0000,0.0020,0.0000,0.0000,0.0000,0.0000,0.0000,0.0000,0.0000
olympus/pic.0678.jpg,0.0026,0.0008,0.0003,0.0000,0.0001,0.0001,0.0000,0.0003,0.0084,0.0014,0.0014,0.0001,0.0000,0.0000,0.0000,0.0000,0.0014,0.0062,0.9725,0.0002,0.0000,0.0000,0.0000,0.0000,0.0009,0.0008,0.0009,0.0001,0.0000,0.0000,0.0000,0.0000,0.0006,0.0001,0.0000,0.0001,0.0000,0.0000,0.0000,0.0000,0.0002,0.0000,0.0000,0.0000,0.0000,0.0000,0.0000,0.0000,0.0001,0.0000,0.0000,0.0000,0.0000,0.0000,0.0000,0.0000,0.0004,0.0000,0.0000,0.0000,0.0000,0.0000,0.0000,0.0000
olympus/pic.0679.jpg,0.0002,0.0000,0.0000,0.0000,0.0002,0.0006,0.0007,0.0144,0.0001,0.0000,0.0001,0.0033,0.0054,0.0020,0.0019,0.0002,0.0002,0.0003,0.4501,0.3654,0.0121,0.0027,0.0004,0.0000,0.0001,0.0013,0.1039,0.0138,0.0030,0.0001,0.0000,0.0000,0.0003,0.0016,0.0047,0.0016,0.0008,0.0000,0.0000,0.0000,0.0002,0.0006,0.0013,0.0000,0.0000,0.0000,0.0000,0.0000,0.0003,0.0008,0.0001,0.0000,0.0000,0.0000,0.0000,0.0000,0.0049,0.0000,0.0000,0.0000,0.0000,0.0000,0.0000,0.0000
olympus/pic.0680.jpg,0.0005,0.0002,0.0003,0.0005,0.0011,0.0016,0.0017,0.0354,0.0001,0.0001,0.0004,0.0105,0.0144,0.0055,0.0049,0.0002,0.0002,0.0003,0.2661,0.6001,0.0318,0.0059,0.0003,0.0000,0.0002,0.0004,0.0063,0.0039,0.0023,0.0001,0.0000,0.0000,0.0002,0.0002,0.0004,0.0007,0.0003,0.0000,0.0000,0.0000,0.0001,0.0001,0.0003,0.0000,0.0000,0.0000,0.0000,0.0000,0.0001,0.0002,0.0002,0.0000,0.0000,0.0000,0.0000,0.0000,0.0018,0.0000,0.0000,0.0000,0.0000,0.0000,0.0000,0.0000
olympus/pic.0681.jpg,0.0000,0.0000,0.0000,0.0000,0.0000,0.0000,0.0000,0.0015,0.0000,0.0000,0.0000,0.0000,0.0001,0.0001,0.0009,0.0000,0.0000,0.0000,0.8186,0.0442,0.0237,0.0048,0.0002,0.0000,0.0000,0.0000,0.0850,0.0143,0.0023,0.0001,0.0000,0.0000,0.0000,0.0001,0.0007,0.0016,0.0003,0.0000,0.0000,0.0000,0.0000,0.0000,0.0004,0.0000,0.0000,0.0000,0.0000,0.0000,0.0000,0.0001,0.0000,0.0000,0.0000,0.0000,0.0000,0.0000,0.0008,0.0000,0.0000,0.0000,0.0000,0.0000,0.0000,0.0000
olympus/pic.0682.jpg,0.0007,0.0002,0.0001,0.0000,0.0000,0.0000,0.0000,0.0001,0.0002,0.0002,0.0401,0.0001,0.0000,0.0000,0.0000,0.0000,0.0003,0.0017,0.9106,0.0012,0.0000,0.0000,0.0000,0.0000,0.0003,0.0024,0.0349,0.0006,0.0000,0.0000,0.0000,0.0000,0.0006,0.0009,0.0010,0.0005,0.0000,0.0000,0.0000,0.0000,0.0003,0.0004,0.0003,0.0000,0.0000,0.0000,0.0000,0.0000,0.0003,0.0002,0.0000,0.0000,0.0000,0.0000,0.0000,0.0000,0.0017,0.0000,0.0000,0.0000,0.0000,0.0000,0.0000,0.0000
olympus/pic.0683.jpg,0.0011,0.0001,0.0001,0.0000,0.0000,0.0001,0.0000,0.0012,0.0005,0.0003,0.0037,0.0003,0.0002,0.0000,0.0000,0.0000,0.0004,0.0015,0.8325,0.0452,0.0013,0.0004,0.0001,0.0000,0.0003,0.0008,0.0335,0.0617,0.0083,0.0001,0.0000,0.0000,0.0004,0.0003,0.0007,0.0016,0.0013,0.0000,0.0000,0.0000,0.0001,0.0001,0.0002,0.0000,0.0000,0.0000,0.0000,0.0000,0.0001,0.0001,0.0000,0.0000,0.0000,0.0000,0.0000,0.0000,0.0011,0.0000,0.0000,0.0000,0.0000,0.0000,0.0000,0.0000
olympus/pic.0684.jpg,0.0002,0.0000,0.0000,0.0000,0.0001,0.0000,0.0000,0.0003,0.0001,0.0000,0.0002,0.0016,0.0008,0.0001,0.0000,0.0000,0.0000,0.0003,0.6341,0.2942,0.0046,0.0001,0.0000,0.0000,0.0001,0.0004,0.0591,0.0013,0.0002,0.0000,0.0000,0.0000,0.0001,0.0001,0.0008,0.0002,0.0000,0.0000,0.0000,0.0000,0.0000,0.0000,0.0002,0.0000,0.0000,0.0000,0.0000,0.0000,0.0000,0.0000,0.0000,0.0000,0.0000,0.0000,0.0000,0.0000,0.0002,0.0000,0.0000,0.0000,0.0000,0.0000,0.0000,0.0000
olympus/pic.0685.jpg,0.0003,0.0006,0.0002,0.0000,0.0001,0.0001,0.0001,0.0018,0.0000,0.0008,0.0032,0.0012,0.0005,0.0001,0.0001,0.0000,0.0000,0.0002,0.6000,0.3532,0.0067,0.0003,0.0000,0.0000,0.0000,0.0002,0.0214,0.0056,0.0008,0.0000,0.0000,0.0000,0.0001,0.0001,0.0004,0.0004,0.0002,0.0000,0.0000,0.0000,0.0000,0.0000,0.0002,0.0000,0.0000,0.0000,0.0000,0.0000,0.0000,0.0001,0.0000,0.0000,0.0000,0.0000,0.0000,0.0000,0.0007,0.0000,0.0000,0.0000,0.0000,0.0000,0.0000,0.0000
olympus/pic.0686.jpg,0.0056,0.0006,0.0005,0.0001,0.0001,0.0001,0.0000,0.0018,0.0016,0.0008,0.0026,0.0007,0.0002,0.0000,0.0001,0.0000,0.0013,0.0035,0.8963,0.0635,0.0008,0.0003,0.0001,0.0000,0.0005,0.0009,0.0063,0.0074,0.0010,0.0001,0.0000,0.0000,0.0004,0.0002,0.0001,0.0003,0.0002,0.0000,0.0000,0.0000,0.0002,0.0000,0.0001,0.0000,0.0000,0.0000,0.0000,0.0000,0.0001,0.0000,0.0000,0.0000,0.0000,0.0000,0.0000,0.0000,0.0014,0.0000,0.0000,0.0000,0.0000,0.0000,0.0000,0.0000
olympus/pic.0687.jpg,0.0001,0.0000,0.0000,0.0000,0.0000,0.0000,0.0000,0.0000,0.0001,0.0000,0.0001,0.0001,0.0000,0.0000,0.0000,0.0000,0.0002,0.0010,0.8677,0.1026,0.0001,0.0000,0.0000,0.0000,0.0002,0.0003,0.0211,0.0060,0.0001,0.0000,0.0000,0.0000,0.0001,0.0000,0.0001,0.0000,0.0000,0.0000,0.0000,0.0000,0.0000,0.0000,0.0000,0.0000,0.0000,0.0000,0.0000,0.0000,0.0000,0.0000,0.0000,0.0000,0.0000,0.0000,0.0000,0.0000,0.0000,0.0000,0.0000,0.0000,0.0000,0.0000,0.0000,0.0000
olympus/pic.0688.jpg,0.0001,0.0001,0.0001,0.0000,0.0002,0.0001,0.0002,0.0016,0.0000,0.0000,0.0004,0.0023,0.0016,0.0005,0.0004,0.0000,0.0000,0.0000,0.6394,0.3464,0.0040,0.0006,0.0000,0.0000,0.0000,0.0000,0.0010,0.0006,0.0002,0.0000,0.0000,0.0000,0.0000,0.0000,0.0000,0.0000,0.0000,0.0000,0.0000,0.0000,0.0000,0.0000,0.0000,0.0000,0.0000,0.0000,0.0000,0.0000,0.0000,0.0000,0.0000,0.0000,0.0000,0.0000,0.0000,0.0000,0.0000,0.0000,0.0000,0.0000,0.0000,0.0000,0.0000,0.0000
olympus/pic.0689.jpg,0.0000,0.0000,0.0000,0.0000,0.0000,0.0000,0.0000,0.0000,0.0000,0.0000,0.0000,0.0000,0.0000,0.0000,0.0000,0.0000,0.0000,0.0056,0.9911,0.0032,0.0000,0.0000,0.0000,0.0000,0.0000,0.0000,0.0000,0.0000,0.0000,0.0000,0.0000,0.0000,0.0000,0.0000,0.0000,0.0000,0.0000,0.0000,0.0000,0.0000,0.0000,0.0000,0.0000,0.0000,0.0000,0.0000,0.0000,0.0000,0.0000,0.0000,0.0000,0.0000,0.0000,0.0000,0.0000,0.0000,0.0000,0.0000,0.0000,0.0000,0.0000,0.0000,0.0000,0.0000
olympus/pic.0690.jpg,0.0010,0.0002,0.0002,0.0001,0.0003,0.0013,0.0001,0.0038,0.0003,0.0005,0.0017,0.0040,0.0027,0.0000,0.0000,0.0000,0.0005,0.0016,0.8473,0.0301,0.0085,0.0003,0.0024,0.0000,0.0003,0.0010,0.0431,0.0351,0.0024,0.0002,0.0000,0.0000,0.0003,0.0006,0.0005,0.0018,0.0028,0.0000,0.0000,0.0000,0.0003,0.0001,0.0006,0.0000,0.0000,0.0000,0.0000,0.0000,0.0001,0.0001,0.0000,0.0000,0.0000,0.0000,0.0000,0.0000,0.0038,0.0000,0.0000,0.0000,0.0000,0.0000,0.0000,0.0000
olympus/pic.0691.jpg,0.0002,0.0001,0.0001,0.0001,0.0003,0.0002,0.0001,0.0012,0.0000,0.0000,0.0005,0.0019,0.0004,0.0001,0.0001,0.0000,0.0000,0.0001,0.9308,0.0580,0.0009,0.0002,0.0000,0.0000,0.0000,0.0000,0.0027,0.0014,0.0002,0.0000,0.0000,0.0000,0.0000,0.0000,0.0000,0.0001,0.0000,0.0000,0.0000,0.0000,0.0000,0.0000,0.0000,0.0000,0.0000,0.0000,0.0000,0.0000,0.0000,0.0000,0.0000,0.0000,0.0000,0.0000,0.0000,0.0000,0.0000,0.0000,0.0000,0.0000,0.0000,0.0000,0.0000,0.0000
olympus/pic.0692.jpg,0.0002,0.0000,0.0000,0.0000,0.0000,0.0000,0.0000,0.0016,0.0001,0.0000,0.0002,0.0003,0.0001,0.0000,0.0001,0.0000,0.0001,0.0002,0.5908,0.2690,0.0031,0.0008,0.0001,0.0000,0.0001,0.0004,0.0338,0.0894,0.0048,0.0002,0.0000,0.0000,0.0001,0.0001,0.0003,0.0011,0.0005,0.0000,0.0000,0.0000,0.0001,0.0000,0.0003,0.0000,0.0000,0.0000,0.0000,0.0000,0.0001,0.0001,0.0000,0.0000,0.0000,0.0000,0.0000,0.0000,0.0014,0.0000,0.0000,0.0000,0.0000,0.0000,0.0000,0.0000
olympus/pic.0693.jpg,0.0006,0.0001,0.0001,0.0000,0.0004,0.0009,0.0003,0.0151,0.0001,0.0001,0.0007,0.0029,0.0031,0.0010,0.0030,0.0001,0.0001,0.0001,0.2755,0.4747,0.0645,0.0175,0.0048,0.0000,0.0000,0.0001,0.0195,0.0667,0.0346,0.0068,0.0000,0.0000,0.0000,0.0001,0.0006,0.0019,0.0015,0.0000,0.0000,0.0000,0.0000,0.0000,0.0004,0.0000,0.0000,0.0000,0.0000,0.0000,0.0000,0.0001,0.0000,0.0000,0.0000,0.0000,0.0000,0.0000,0.0017,0.0000,0.0000,0.0000,0.0000,0.0000,0.0000,0.0000
olympus/pic.0694.jpg,0.0012,0.0001,0.0004,0.0005,0.0007,0.0035,0.0005,0.0129,0.0003,0.0003,0.0013,0.0075,0.0081,0.0005,0.0005,0.0000,0.0005,0.0013,0.5971,0.1784,0.0433,0.0033,0.0087,0.0000,0.0002,0.0011,0.0236,0.0702,0.0172,0.0005,0.0000,0.0000,0.0007,0.0007,0.0005,0.0024,0.0053,0.0000,0.0000,0.0000,0.0006,0.0003,0.0008,0.0000,0.0000,0.0000,0.0000,0.0000,0.0005,0.0003,0.0001,0.0000,0.0000,0.0000,0.0000,0.0000,0.0039,0.0000,0.0000,0.0000,0.0000,0.0000,0.0000,0.0000
olympus/pic.0695.jpg,0.0026,0.0008,0.0015,0.0011,0.0010,0.0006,0.0004,0.0066,0.0005,0.0005,0.0148,0.0112,0.0021,0.0004,0.0007,0.0001,0.0006,0.0020,0.7416,0.1820,0.0058,0.0014,0.0003,0.0000,0.0003,0.0006,0.0073,0.0067,0.0017,0.0001,0.0000,0.0000,0.0001,0.0014,0.0010,0.0003,0.0002,0.0000,0.0000,0.0000,0.0001,0.0003,0.0002,0.0000,0.0000,0.0000,0.0000,0.0000,0.0001,0.0001,0.0000,0.0000,0.0000,0.0000,0.0000,0.0000,0.0010,0.0000,0.0000,0.0000,0.0000,0.0000,0.0000,0.0000
olympus/pic.0696.jpg,0.0026,0.0015,0.0016,0.0007,0.0010,0.0005,0.0002,0.0042,0.0007,0.0003,0.0047,0.0055,0.0005,0.0001,0.0001,0.0000,0.0005,0.0093,0.9021,0.0141,0.0010,0.0003,0.0000,0.0000,0.0004,0.0015,0.0360,0.0027,0.0009,0.0000,0.0000,0.0000,0.0005,0.0006,0.0009,0.0006,0.0003,0.0000,0.0000,0.0000,0.0002,0.0002,0.0004,0.0000,0.0000,0.0000,0.0000,0.0000,0.0002,0.0002,0.0001,0.0000,0.0000,0.0000,0.0000,0.0000,0.0028,0.0000,0.0000,0.0000,0.0000,0.0000,0.0000,0.0000
olympus/pic.0697.jpg,0.0006,0.0001,0.0003,0.0001,0.0000,0.0000,0.0000,0.0003,0.0002,0.0002,0.0045,0.0002,0.0000,0.0000,0.0000,0.0000,0.0001,0.0145,0.8863,0.0004,0.0000,0.0000,0.0000,0.0000,0.0001,0.0003,0.0890,0.0017,0.0001,0.0000,0.0000,0.0000,0.0001,0.0001,0.0001,0.0001,0.0001,0.0000,0.0000,0.0000,0.0000,0.0000,0.0001,0.0000,0.0000,0.0000,0.0000,0.0000,0.0000,0.0000,0.0000,0.0000,0.0000,0.0000,0.0000,0.0000,0.0003,0.0000,0.0000,0.0000,0.0000,0.0000,0.0000,0.0000
olympus/pic.0698.jpg,0.0011,0.0001,0.0001,0.0000,0.0000,0.0000,0.0000,0.0007,0.0005,0.0001,0.0029,0.0001,0.0000,0.0000,0.0000,0.0000,0.0008,0.0014,0.8306,0.0010,0.0000,0.0001,0.0000,0.0000,0.0004,0.0042,0.1287,0.0058,0.0003,0.0000,0.0000,0.0000,0.0011,0.0020,0.0046,0.0012,0.0003,0.0000,0.0000,0.0000,0.0004,0.0008,0.0009,0.0000,0.0000,0.0000,0.0000,0.0000,0.0005,0.0007,0.0001,0.0000,0.0000,0.0000,0.0000,0.0000,0.0084,0.0000,0.0000,0.0000,0.0000,0.0000,0.0000,0.0000
olympus/pic.0699.jpg,0.0000,0.0000,0.0000,0.0000,0.0000,0.0000,0.0000,0.0001,0.0000,0.0000,0.0000,0.0000,0.0000,0.0000,0.0000,0.0000,0.0000,0.0000,0.9735,0.0025,0.0001,0.0001,0.0000,0.0000,0.0000,0.0000,0.0130,0.0067,0.0008,0.0000,0.0000,0.0000,0.0000,0.0001,0.0005,0.0008,0.0001,0.0000,0.0000,0.0000,0.0000,0.0000,0.0004,0.0000,0.0000,0.0000,0.0000,0.0000,0.0000,0.0002,0.0001,0.0000,0.0000,0.0000,0.0000,0.0000,0.0007,0.0000,0.0000,0.0000,0.0000,0.0000,0.0000,0.0000
olympus/pic.0700.jpg,0.0004,0.0002,0.0002,0.0001,0.0003,0.0001,0.0001,0.0048,0.0001,0.0001,0.0006,0.0007,0.0003,0.0002,0.0008,0.0000,0.0000,0.0005,0.5145,0.3024,0.0079,0.0036,0.0002,0.0000,0.0000,0.0002,0.0409,0.0863,0.0214,0.0002,0.0000,0.0000,0.0000,0.0004,0.0057,0.0039,0.0003,0.0000,0.0000,0.0000,0.0000,0.0003,0.0011,0.0000,0.0000,0.0000,0.0000,0.0000,0.0001,0.0003,0.0001,0.0000,0.0000,0.0000,0.0000,0.0000,0.0007,0.0000,0.0000,0.0000,0.0000,0.0000,0.0000,0.0000
olympus/pic.0701.jpg,0.0002,0.0002,0.0002,0.0002,0.0003,0.0002,0.0002,0.0054,0.0000,0.0001,0.0017,0.0029,0.0013,0.0005,0.0017,0.0001,0.0000,0.0005,0.4915,0.4027,0.0219,0.0057,0.0003,0.0000,0.0000,0.0002,0.0067,0.0404,0.0130,0.0002,0.0000,0.0000,0.0000,0.0001,0.0004,0.0005,0.0002,0.0000,0.0000,0.0000,0.0000,0.0000,0.0001,0.0000,0.0000,0.0000,0.0000,0.0000,0.0000,0.0001,0.0000,0.0000,0.0000,0.0000,0.0000,0.0000,0.0003,0.0000,0.0000,0.0000,0.0000,0.0000,0.0000,0.0000
olympus/pic.0702.jpg,0.0000,0.0000,0.0000,0.0007,0.0009,0.0001,0.0001,0.0003,0.0000,0.0000,0.0003,0.0913,0.0007,0.0000,0.0000,0.0000,0.0000,0.0001,0.7837,0.0234,0.0001,0.0001,0.0000,0.0000,0.0000,0.0003,0.0886,0.0046,0.0003,0.0000,0.0000,0.0000,0.0000,0.0001,0.0004,0.0011,0.0004,0.0000,0.0000,0.0000,0.0000,0.0001,0.0005,0.0000,0.0000,0.0000,0.0000,0.0000,0.0000,0.0002,0.0001,0.0000,0.0000,0.0000,0.0000,0.0000,0.0013,0.0000,0.0000,0.0000,0.0000,0.0000,0.0000,0.0000
olympus/pic.0703.jpg,0.0000,0.0000,0.0000,0.0001,0.0001,0.0000,0.0000,0.0003,0.0000,0.0001,0.0002,0.0003,0.0000,0.0000,0.0000,0.0000,0.0000,0.0002,0.9734,0.0028,0.0004,0.0001,0.0000,0.0000,0.0000,0.0001,0.0172,0.0016,0.0003,0.0000,0.0000,0.0000,0.0000,0.0001,0.0006,0.0003,0.0001,0.0000,0.0000,0.0000,0.0000,0.0001,0.0003,0.0000,0.0000,0.0000,0.0000,0.0000,0.0000,0.0002,0.0001,0.0000,0.0000,0.0000,0.0000,0.0000,0.0007,0.0000,0.0000,0.0000,0.0000,0.0000,0.0000,0.0000
olympus/pic.0704.jpg,0.0004,0.0001,0.0001,0.0001,0.0002,0.0001,0.0001,0.0086,0.0001,0.0002,0.0005,0.0008,0.0005,0.0002,0.0010,0.0000,0.0001,0.0014,0.6942,0.1429,0.0054,0.0027,0.0003,0.0000,0.0003,0.0015,0.0676,0.0554,0.0081,0.0001,0.0000,0.0000,0.0002,0.0007,0.0009,0.0012,0.0003,0.0000,0.0000,0.0000,0.0002,0.0001,0.0005,0.0000,0.0000,0.0000,0.0000,0.0000,0.0002,0.0003,0.0001,0.0000,0.0000,0.0000,0.0000,0.0000,0.0022,0.0000,0.0000,0.0000,0.0000,0.0000,0.0000,0.0000
olympus/pic.0705.jpg,0.0002,0.0000,0.0001,0.0001,0.0002,0.0003,0.0003,0.0182,0.0001,0.0000,0.0003,0.0017,0.0035,0.0021,0.0047,0.0005,0.0001,0.0001,0.2395,0.6444,0.0346,0.0110,0.0009,0.0000,0.0001,0.0001,0.0087,0.0157,0.0088,0.0003,0.0000,0.0000,0.0000,0.0001,0.0004,0.0009,0.0005,0.0000,0.0000,0.0000,0.0000,0.0001,0.0003,0.0000,0.0000,0.0000,0.0000,0.0000,0.0000,0.0001,0.0001,0.0000,0.0000,0.0000,0.0000,0.0000,0.0010,0.0000,0.0000,0.0000,0.0000,0.0000,0.0000,0.0000
olympus/pic.0706.jpg,0.0011,0.0001,0.0003,0.0010,0.0005,0.0009,0.0009,0.0699,0.0003,0.0005,0.0007,0.0022,0.0033,0.0028,0.0133,0.0007,0.0003,0.0031,0.6389,0.1161,0.0392,0.0242,0.0035,0.0000,0.0002,0.0009,0.0314,0.0131,0.0109,0.0006,0.0000,0.0000,0.0003,0.0010,0.0017,0.0021,0.0022,0.0000,0.0000,0.0000,0.0005,0.0006,0.0011,0.0000,0.0000,0.0000,0.0000,0.0000,0.0003,0.0005,0.0001,0.0000,0.0000,0.0000,0.0000,0.0000,0.0086,0.0000,0.0000,0.0000,0.0000,0.0000,0.0000,0.0000
olympus/pic.0707.jpg,0.0010,0.0002,0.0003,0.0003,0.0005,0.0004,0.0003,0.0129,0.0001,0.0007,0.0017,0.0028,0.0017,0.0008,0.0013,0.0000,0.0002,0.0018,0.7335,0.1735,0.0085,0.0028,0.0002,0.0000,0.0004,0.0011,0.0178,0.0256,0.0051,0.0001,0.0000,0.0000,0.0002,0.0003,0.0004,0.0006,0.0004,0.0000,0.0000,0.0000,0.0002,0.0001,0.0002,0.0000,0.0000,0.0000,0.0000,0.0000,0.0001,0.0001,0.0001,0.0000,0.0000,0.0000,0.0000,0.0000,0.0016,0.0000,0.0000,0.0000,0.0000,0.0000,0.0000,0.0000
olympus/pic.0708.jpg,0.0016,0.0007,0.0007,0.0003,0.0003,0.0002,0.0001,0.0115,0.0004,0.0002,0.0014,0.0007,0.0003,0.0002,0.0016,0.0001,0.0005,0.0010,0.7307,0.0805,0.0064,0.0052,0.0007,0.0000,0.0003,0.0015,0.0414,0.0362,0.0116,0.0004,0.0000,0.0000,0.0006,0.0058,0.0044,0.0041,0.0016,0.0000,0.0000,0.0000,0.0007,0.0332,0.0015,0.0001,0.0000,0.0000,0.0000,0.0000,0.0008,0.0053,0.0003,0.0000,0.0000,0.0000,0.0000,0.0000,0.0052,0.0001,0.0000,0.0000,0.0000,0.0000,0.0000,0.0000
olympus/pic.0709.jpg,0.0001,0.0001,0.0004,0.0160,0.0002,0.0000,0.0000,0.0003,0.0000,0.0045,0.0067,0.0037,0.0005,0.0000,0.0001,0.0000,0.0000,0.0147,0.1031,0.0430,0.0033,0.0001,0.0000,0.0000,0.0000,0.0092,0.3793,0.0101,0.0001,0.0000,0.0000,0.0000,0.0000,0.0747,0.3256,0.0001,0.0001,0.0000,0.0000,0.0000,0.0002,0.0025,0.0002,0.0000,0.0000,0.0000,0.0000,0.0000,0.0003,0.0003,0.0000,0.0000,0.0000,0.0000,0.0000,0.0000,0.0006,0.0000,0.0000,0.0000,0.0000,0.0000,0.0000,0.0000
olympus/pic.0710.jpg,0.0001,0.0001,0.0000,0.0000,0.0000,0.0001,0.0001,0.0021,0.0000,0.0000,0.0002,0.0004,0.0003,0.0001,0.0002,0.0000,0.0000,0.0001,0.7043,0.1411,0.0023,0.0006,0.0001,0.0000,0.0000,0.0001,0.0823,0.0586,0.0018,0.0000,0.0000,0.0000,0.0001,0.0001,0.0006,0.0020,0.0002,0.0000,0.0000,0.0000,0.0000,0.0000,0.0005,0.0000,0.0000,0.0000,0.0000,0.0000,0.0000,0.0002,0.0001,0.0000,0.0000,0.0000,0.0000,0.0000,0.0008,0.0000,0.0000,0.0000,0.0000,0.0000,0.0000,0.0000
olympus/pic.0711.jpg,0.0008,0.0015,0.0028,0.0002,0.0004,0.0003,0.0002,0.0166,0.0003,0.0001,0.0077,0.0015,0.0013,0.0007,0.0047,0.0004,0.0001,0.0008,0.5426,0.2841,0.0330,0.0128,0.0010,0.0000,0.0001,0.0003,0.0264,0.0400,0.0128,0.0004,0.0000,0.0000,0.0001,0.0003,0.0011,0.0015,0.0006,0.0000,0.0000,0.0000,0.0001,0.0002,0.0005,0.0000,0.0000,0.0000,0.0000,0.0000,0.0001,0.0003,0.0001,0.0000,0.0000,0.0000,0.0000,0.0000,0.0012,0.0000,0.0000,0.0000,0.0000,0.0000,0.0000,0.0000
olympus/pic.0712.jpg,0.0014,0.0003,0.0002,0.0002,0.0003,0.0001,0.0000,0.0006,0.0008,0.0008,0.0043,0.0007,0.0001,0.0000,0.0000,0.0000,0.0007,0.0064,0.6150,0.0274,0.0002,0.0001,0.0001,0.0000,0.0007,0.0062,0.1910,0.0069,0.0004,0.0000,0.0000,0.0000,0.0015,0.0292,0.0537,0.0024,0.0003,0.0000,0.0000,0.0000,0.0010,0.0264,0.0070,0.0000,0.0000,0.0000,0.0000,0.0000,0.0013,0.0037,0.0003,0.0000,0.0000,0.0000,0.0000,0.0000,0.0084,0.0000,0.0000,0.0000,0.0000,0.0000,0.0000,0.0000
olympus/pic.0713.jpg,0.0010,0.0010,0.0004,0.0004,0.0004,0.0002,0.0001,0.0009,0.0003,0.0059,0.0094,0.0012,0.0002,0.0000,0.0000,0.0000,0.0003,0.0032,0.8292,0.0127,0.0007,0.0001,0.0001,0.0000,0.0002,0.0013,0.0836,0.0092,0.0003,0.0000,0.0000,0.0000,0.0002,0.0017,0.0064,0.0010,0.0003,0.0000,0.0000,0.0000,0.0003,0.0073,0.0094,0.0000,0.0000,0.0000,0.0000,0.0000,0.0004,0.0087,0.0001,0.0000,0.0000,0.0000,0.0000,0.0000,0.0021,0.0000,0.0000,0.0000,0.0000,0.0000,0.0000,0.0000
olympus/pic.0714.jpg,0.0001,0.0000,0.0000,0.0000,0.0000,0.0000,0.0000,0.0001,0.0000,0.0000,0.0001,0.0000,0.0000,0.0000,0.0000,0.0000,0.0000,0.0002,0.5469,0.0036,0.0000,0.0000,0.0000,0.0000,0.0001,0.0020,0.1970,0.0142,0.0001,0.0000,0.0000,0.0000,0.0004,0.0124,0.1626,0.0010,0.0000,0.0000,0.0000,0.0000,0.0102,0.0224,0.0033,0.0000,0.0000,0.0000,0.0000,0.0000,0.0133,0.0030,0.0001,0.0000,0.0000,0.0000,0.0000,0.0000,0.0068,0.0000,0.0000,0.0000,0.0000,0.0000,0.0000,0.0000
olympus/pic.0715.jpg,0.0004,0.0001,0.0001,0.0001,0.0002,0.0001,0.0001,0.0018,0.0001,0.0001,0.0034,0.0026,0.0006,0.0002,0.0004,0.0000,0.0002,0.0010,0.7088,0.2327,0.0054,0.0011,0.0001,0.0000,0.0002,0.0006,0.0142,0.0163,0.0031,0.0000,0.0000,0.0000,0.0001,0.0009,0.0011,0.0005,0.0002,0.0000,0.0000,0.0000,0.0003,0.0005,0.0002,0.0000,0.0000,0.0000,0.0000,0.0000,0.0009,0.0001,0.0000,0.0000,0.0000,0.0000,0.0000,0.0000,0.0008,0.0000,0.0000,0.0000,0.0000,0.0000,0.0000,0.0000
olympus/pic.0716.jpg,0.0004,0.0001,0.0001,0.0001,0.0001,0.0001,0.0002,0.0043,0.0001,0.0000,0.0003,0.0008,0.0025,0.0015,0.0016,0.0001,0.0000,0.0002,0.5716,0.3793,0.0188,0.0026,0.0003,0.0000,0.0001,0.0002,0.0070,0.0049,0.0011,0.0001,0.0000,0.0000,0.0001,0.0001,0.0002,0.0003,0.0001,0.0000,0.0000,0.0000,0.0000,0.0000,0.0001,0.0000,0.0000,0.0000,0.0000,0.0000,0.0000,0.0000,0.0000,0.0000,0.0000,0.0000,0.0000,0.0000,0.0004,0.0000,0.0000,0.0000,0.0000,0.0000,0.0000,0.0000
olympus/pic.0717.jpg,0.0015,0.0003,0.0005,0.0003,0.0004,0.0004,0.0002,0.0045,0.0002,0.0003,0.0016,0.0028,0.0024,0.0005,0.0009,0.0001,0.0004,0.0008,0.7412,0.0843,0.0080,0.0022,0.0003,0.0000,0.0003,0.0006,0.1072,0.0240,0.0039,0.0001,0.0000,0.0000,0.0002,0.0006,0.0026,0.0013,0.0006,0.0000,0.0000,0.0000,0.0001,0.0003,0.0008,0.0000,0.0000,0.0000,0.0000,0.0000,0.0002,0.0005,0.0001,0.0000,0.0000,0.0000,0.0000,0.0000,0.0026,0.0000,0.0000,0.0000,0.0000,0.0000,0.0000,0.0000
olympus/pic.0718.jpg,0.0001,0.0001,0.0000,0.0000,0.0000,0.0000,0.0000,0.0000,0.0000,0.0000,0.0004,0.0000,0.0000,0.0000,0.0000,0.0000,0.0001,0.0002,0.9980,0.0001,0.0000,0.0000,0.0000,0.0000,0.0000,0.0001,0.0007,0.0000,0.0000,0.0000,0.0000,0.0000,0.0000,0.0000,0.0000,0.0000,0.0000,0.0000,0.0000,0.0000,0.0000,0.0000,0.0000,0.0000,0.0000,0.0000,0.0000,0.0000,0.0000,0.0000,0.0000,0.0000,0.0000,0.0000,0.0000,0.0000,0.0000,0.0000,0.0000,0.0000,0.0000,0.0000,0.0000,0.0000
olympus/pic.0719.jpg,0.0001,0.0001,0.0001,0.0001,0.0006,0.0011,0.0012,0.0156,0.0000,0.0000,0.0003,0.0189,0.0147,0.0044,0.0032,0.0001,0.0000,0.0001,0.3582,0.5309,0.0265,0.0037,0.0003,0.0000,0.0000,0.0001,0.0098,0.0066,0.0017,0.0001,0.0000,0.0000,0.0000,0.0000,0.0002,0.0004,0.0002,0.0000,0.0000,0.0000,0.0000,0.0000,0.0002,0.0000,0.0000,0.0000,0.0000,0.0000,0.0000,0.0001,0.0000,0.0000,0.0000,0.0000,0.0000,0.0000,0.0005,0.0000,0.0000,0.0000,0.0000,0.0000,0.0000,0.0000
olympus/pic.0720.jpg,0.0000,0.0000,0.0000,0.0000,0.0001,0.0001,0.0000,0.0005,0.0000,0.0000,0.0001,0.0012,0.0005,0.0001,0.0001,0.0000,0.0000,0.0001,0.7186,0.2675,0.0014,0.0002,0.0000,0.0000,0.0000,0.0001,0.0058,0.0028,0.0004,0.0000,0.0000,0.0000,0.0000,0.0000,0.0001,0.0000,0.0000,0.0000,0.0000,0.0000,0.0000,0.0000,0.0000,0.0000,0.0000,0.0000,0.0000,0.0000,0.0000,0.0000,0.0000,0.0000,0.0000,0.0000,0.0000,0.0000,0.0001,0.0000,0.0000,0.0000,0.0000,0.0000,0.0000,0.0000
olympus/pic.0721.jpg,0.0011,0.0002,0.0002,0.0001,0.0001,0.0001,0.0000,0.0018,0.0003,0.0002,0.0010,0.0012,0.0003,0.0001,0.0001,0.0000,0.0004,0.0017,0.7797,0.1835,0.0009,0.0004,0.0000,0.0000,0.0006,0.0015,0.0160,0.0037,0.0009,0.0000,0.0000,0.0000,0.0004,0.0005,0.0005,0.0003,0.0001,0.0000,0.0000,0.0000,0.0003,0.0001,0.0001,0.0000,0.0000,0.0000,0.0000,0.0000,0.0002,0.0001,0.0000,0.0000,0.0000,0.0000,0.0000,0.0000,0.0012,0.0000,0.0000,0.0000,0.0000,0.0000,0.0000,0.0000
olympus/pic.0722.jpg,0.0002,0.0001,0.0001,0.0001,0.0002,0.0001,0.0002,0.0022,0.0000,0.0000,0.0003,0.0015,0.0009,0.0002,0.0004,0.0000,0.0000,0.0001,0.4517,0.5280,0.0024,0.0005,0.0000,0.0000,0.0000,0.0001,0.0081,0.0017,0.0003,0.0000,0.0000,0.0000,0.0000,0.0000,0.0001,0.0001,0.0001,0.0000,0.0000,0.0000,0.0000,0.0000,0.0000,0.0000,0.0000,0.0000,0.0000,0.0000,0.0000,0.0000,0.0000,0.0000,0.0000,0.0000,0.0000,0.0000,0.0003,0.0000,0.0000,0.0000,0.0000,0.0000,0.0000,0.0000
olympus/pic.0723.jpg,0.0002,0.0001,0.0002,0.0001,0.0002,0.0002,0.0000,0.0017,0.0001,0.0000,0.0004,0.0010,0.0004,0.0002,0.0001,0.0000,0.0001,0.0003,0.6763,0.2928,0.0017,0.0003,0.0001,0.0000,0.0001,0.0004,0.0174,0.0031,0.0005,0.0000,0.0000,0.0000,0.0001,0.0003,0.0003,0.0003,0.0001,0.0000,0.0000,0.0000,0.0001,0.0001,0.0002,0.0000,0.0000,0.0000,0.0000,0.0000,0.0001,0.0001,0.0000,0.0000,0.0000,0.0000,0.0000,0.0000,0.0007,0.0000,0.0000,0.0000,0.0000,0.0000,0.0000,0.0000
olympus/pic.0724.jpg,0.0002,0.0000,0.0000,0.0000,0.0000,0.0000,0.0000,0.0010,0.0001,0.0001,0.0004,0.0003,0.0001,0.0001,0.0001,0.0000,0.0001,0.0007,0.6444,0.2509,0.0054,0.0004,0.0000,0.0000,0.0001,0.0010,0.0701,0.0115,0.0013,0.0000,0.0000,0.0000,0.0002,0.0007,0.0027,0.0016,0.0004,0.0000,0.0000,0.0000,0.0002,0.0004,0.0012,0.0000,0.0000,0.0000,0.0000,0.0000,0.0002,0.0006,0.0000,0.0000,0.0000,0.0000,0.0000,0.0000,0.0032,0.0000,0.0000,0.0000,0.0000,0.0000,0.0000,0.0000
olympus/pic.0725.jpg,0.0056,0.0008,0.0011,0.0004,0.0004,0.0003,0.0001,0.0042,0.0014,0.0005,0.0017,0.0009,0.0004,0.0000,0.0001,0.0000,0.0016,0.0027,0.6772,0.0874,0.0033,0.0008,0.0002,0.0000,0.0013,0.0028,0.0665,0.1123,0.0093,0.0002,0.0000,0.0000,0.0015,0.0008,0.0014,0.0034,0.0019,0.0000,0.0000,0.0000,0.0007,0.0002,0.0008,0.0000,0.0000,0.0000,0.0000,0.0000,0.0003,0.0002,0.0000,0.0000,0.0000,0.0000,0.0000,0.0000,0.0051,0.0000,0.0000,0.0000,0.0000,0.0000,0.0000,0.0000
olympus/pic.0726.jpg,0.0003,0.0001,0.0001,0.0002,0.0002,0.0001,0.0000,0.0011,0.0002,0.0001,0.0023,0.0010,0.0002,0.0000,0.0000,0.0000,0.0001,0.0005,0.9104,0.0515,0.0002,0.0001,0.0000,0.0000,0.0002,0.0010,0.0224,0.0017,0.0003,0.0000,0.0000,0.0000,0.0004,0.0007,0.0007,0.0003,0.0002,0.0000,0.0000,0.0000,0.0002,0.0002,0.0003,0.0000,0.0000,0.0000,0.0000,0.0000,0.0002,0.0002,0.0000,0.0000,0.0000,0.0000,0.0000,0.0000,0.0023,0.0000,0.0000,0.0000,0.0000,0.0000,0.0000,0.0000
olympus/pic.0727.jpg,0.0001,0.0000,0.0000,0.0000,0.0000,0.0000,0.0000,0.0004,0.0000,0.0000,0.0001,0.0002,0.0001,0.0000,0.0001,0.0000,0.0000,0.0000,0.8752,0.0444,0.0006,0.0001,0.0000,0.0000,0.0001,0.0003,0.0716,0.0023,0.0003,0.0000,0.0000,0.0000,0.0001,0.0003,0.0012,0.0002,0.0001,0.0000,0.0000,0.0000,0.0001,0.0001,0.0002,0.0000,0.0000,0.0000,0.0000,0.0000,0.0001,0.0002,0.0000,0.0000,0.0000,0.0000,0.0000,0.0000,0.0012,0.0000,0.0000,0.0000,0.0000,0.0000,0.0000,0.0000
olympus/pic.0728.jpg,0.0051,0.0007,0.0009,0.0010,0.0014,0.0003,0.0001,0.0013,0.0010,0.0008,0.0019,0.0030,0.0004,0.0000,0.0000,0.0000,0.0012,0.0025,0.8786,0.0122,0.0002,0.0000,0.0000,0.0000,0.0007,0.0020,0.0681,0.0020,0.0002,0.0000,0.0000,0.0000,0.0009,0.0018,0.0027,0.0006,0.0001,0.0000,0.0000,0.0000,0.0006,0.0011,0.0009,0.0000,0.0000,0.0000,0.0000,0.0000,0.0006,0.0005,0.0000,0.0000,0.0000,0.0000,0.0000,0.0000,0.0044,0.0000,0.0000,0.0000,0.0000,0.0000,0.0000,0.0000
olympus/pic.0729.jpg,0.0066,0.0003,0.0005,0.0003,0.0002,0.0002,0.0001,0.0033,0.0021,0.0260,0.0021,0.0015,0.0009,0.0003,0.0006,0.0001,0.0029,0.0103,0.7526,0.1030,0.0078,0.0022,0.0003,0.0000,0.0035,0.0081,0.0195,0.0085,0.0024,0.0002,0.0000,0.0000,0.0005,0.0038,0.0005,0.0016,0.0039,0.0000,0.0000,0.0000,0.0116,0.0001,0.0014,0.0000,0.0000,0.0000,0.0000,0.0000,0.0000,0.0001,0.0000,0.0000,0.0000,0.0000,0.0000,0.0000,0.0101,0.0000,0.0000,0.0000,0.0000,0.0000,0.0000,0.0000
olympus/pic.0730.jpg,0.0007,0.0002,0.0002,0.0002,0.0006,0.0005,0.0003,0.0078,0.0002,0.0001,0.0007,0.0053,0.0028,0.0009,0.0014,0.0001,0.0001,0.0005,0.5982,0.3027,0.0293,0.0034,0.0002,0.0000,0.0001,0.0004,0.0180,0.0168,0.0049,0.0001,0.0000,0.0000,0.0001,0.0001,0.0004,0.0007,0.0004,0.0000,0.0000,0.0000,0.0000,0.0000,0.0003,0.0000,0.0000,0.0000,0.0000,0.0000,0.0000,0.0001,0.0001,0.0000,0.0000,0.0000,0.0000,0.0000,0.0009,0.0000,0.0000,0.0000,0.0000,0.0000,0.0000,0.0000
olympus/pic.0731.jpg,0.0016,0.0006,0.0007,0.0004,0.0001,0.0001,0.0000,0.0006,0.0003,0.0004,0.0082,0.0020,0.0001,0.0000,0.0000,0.0000,0.0003,0.0018,0.5438,0.0100,0.0004,0.0002,0.0000,0.0000,0.0004,0.0040,0.2623,0.0296,0.0005,0.0000,0.0000,0.0000,0.0008,0.0356,0.0475,0.0078,0.0002,0.0000,0.0000,0.0000,0.0008,0.0161,0.0042,0.0000,0.0000,0.0000,0.0000,0.0000,0.0019,0.0045,0.0004,0.0000,0.0000,0.0000,0.0000,0.0000,0.0117,0.0000,0.0000,0.0000,0.0000,0.0000,0.0000,0.0000
olympus/pic.0732.jpg,0.0036,0.0013,0.0015,0.0008,0.0013,0.0008,0.0004,0.0033,0.0002,0.0003,0.0189,0.0410,0.0039,0.0006,0.0005,0.0000,0.0002,0.0010,0.5710,0.1570,0.0045,0.0006,0.0001,0.0000,0.0004,0.0020,0.1664,0.0007,0.0002,0.0000,0.0000,0.0000,0.0003,0.0007,0.0115,0.0003,0.0000,0.0000,0.0000,0.0000,0.0002,0.0004,0.0010,0.0000,0.0000,0.0000,0.0000,0.0000,0.0002,0.0005,0.0001,0.0000,0.0000,0.0000,0.0000,0.0000,0.0025,0.0000,0.0000,0.0000,0.0000,0.0000,0.0000,0.0000
olympus/pic.0733.jpg,0.0016,0.0003,0.0001,0.0000,0.0000,0.0000,0.0000,0.0005,0.0024,0.0008,0.0017,0.0001,0.0000,0.0000,0.0000,0.0000,0.0010,0.0116,0.6597,0.0065,0.0001,0.0001,0.0000,0.0000,0.0007,0.0042,0.2556,0.0024,0.0004,0.0000,0.0000,0.0000,0.0010,0.0041,0.0321,0.0006,0.0002,0.0000,0.0000,0.0000,0.0005,0.0017,0.0016,0.0000,0.0000,0.0000,0.0000,0.0000,0.0007,0.0013,0.0001,0.0000,0.0000,0.0000,0.0000,0.0000,0.0062,0.0000,0.0000,0.0000,0.0000,0.0000,0.0000,0.0000
olympus/pic.0734.jpg,0.0029,0.0007,0.0004,0.0002,0.0001,0.0001,0.0000,0.0006,0.0009,0.0012,0.0040,0.0014,0.0006,0.0001,0.0001,0.0000,0.0004,0.0040,0.6993,0.0429,0.0016,0.0002,0.0000,0.0000,0.0005,0.0043,0.1138,0.0075,0.0009,0.0000,0.0000,0.0000,0.0007,0.0063,0.0535,0.0034,0.0001,0.0000,0.0000,0.0000,0.0011,0.0026,0.0325,0.0000,0.0000,0.0000,0.0000,0.0000,0.0009,0.0026,0.0002,0.0000,0.0000,0.0000,0.0000,0.0000,0.0072,0.0000,0.0000,0.0000,0.0000,0.0000,0.0000,0.0000
olympus/pic.0735.jpg,0.0016,0.0012,0.0022,0.0068,0.0004,0.0001,0.0000,0.0004,0.0002,0.0003,0.0351,0.0192,0.0000,0.0000,0.0001,0.0000,0.0001,0.0006,0.7705,0.0149,0.0002,0.0001,0.0000,0.0000,0.0002,0.0009,0.1291,0.0036,0.0003,0.0000,0.0000,0.0000,0.0003,0.0006,0.0036,0.0008,0.0001,0.0000,0.0000,0.0000,0.0001,0.0003,0.0013,0.0000,0.0000,0.0000,0.0000,0.0000,0.0002,0.0007,0.0001,0.0000,0.0000,0.0000,0.0000,0.0000,0.0038,0.0000,0.0000,0.0000,0.0000,0.0000,0.0000,0.0000
olympus/pic.0736.jpg,0.0012,0.0006,0.0007,0.0003,0.0003,0.0001,0.0000,0.0003,0.0002,0.0003,0.0037,0.0110,0.0002,0.0000,0.0000,0.0000,0.0001,0.0008,0.7588,0.0325,0.0001,0.0000,0.0000,0.0000,0.0002,0.0015,0.1447,0.0135,0.0001,0.0000,0.0000,0.0000,0.0003,0.0043,0.0177,0.0002,0.0000,0.0000,0.0000,0.0000,0.0003,0.0016,0.0009,0.0000,0.0000,0.0000,0.0000,0.0000,0.0004,0.0005,0.0000,0.0000,0.0000,0.0000,0.0000,0.0000,0.0024,0.0000,0.0000,0.0000,0.0000,0.0000,0.0000,0.0000
olympus/pic.0737.jpg,0.0042,0.0024,0.0031,0.0014,0.0004,0.0001,0.0001,0.0005,0.0005,0.0023,0.0715,0.0142,0.0007,0.0001,0.0000,0.0000,0.0006,0.0042,0.6782,0.0604,0.0006,0.0000,0.0000,0.0000,0.0005,0.0027,0.1294,0.0011,0.0001,0.0000,0.0000,0.0000,0.0005,0.0031,0.0124,0.0003,0.0000,0.0000,0.0000,0.0000,0.0003,0.0005,0.0006,0.0000,0.0000,0.0000,0.0000,0.0000,0.0003,0.0004,0.0000,0.0000,0.0000,0.0000,0.0000,0.0000,0.0023,0.0000,0.0000,0.0000,0.0000,0.0000,0.0000,0.0000
olympus/pic.0738.jpg,0.0014,0.0005,0.0005,0.0006,0.0003,0.0001,0.0000,0.0004,0.0003,0.0002,0.0021,0.0021,0.0001,0.0000,0.0000,0.0000,0.0003,0.0010,0.6852,0.0110,0.0001,0.0001,0.0000,0.0000,0.0003,0.0009,0.2383,0.0011,0.0001,0.0000,0.0000,0.0000,0.0002,0.0011,0.0428,0.0002,0.0001,0.0000,0.0000,0.0000,0.0002,0.0010,0.0032,0.0000,0.0000,0.0000,0.0000,0.0000,0.0002,0.0012,0.0001,0.0000,0.0000,0.0000,0.0000,0.0000,0.0029,0.0000,0.0000,0.0000,0.0000,0.0000,0.0000,0.0000
olympus/pic.0739.jpg,0.0058,0.0044,0.0037,0.0013,0.0023,0.0007,0.0002,0.0057,0.0005,0.0026,0.0291,0.0101,0.0016,0.0008,0.0007,0.0000,0.0003,0.0017,0.5448,0.0890,0.0050,0.0004,0.0001,0.0000,0.0003,0.0020,0.2540,0.0031,0.0006,0.0000,0.0000,0.0000,0.0006,0.0029,0.0138,0.0005,0.0002,0.0000,0.0000,0.0000,0.0003,0.0012,0.0019,0.0000,0.0000,0.0000,0.0000,0.0000,0.0006,0.0012,0.0002,0.0000,0.0000,0.0000,0.0000,0.0000,0.0059,0.0000,0.0000,0.0000,0.0000,0.0000,0.0000,0.0000
olympus/pic.0740.jpg,0.0027,0.0028,0.0068,0.0044,0.0022,0.0007,0.0002,0.0015,0.0003,0.0008,0.0850,0.0386,0.0013,0.0000,0.0000,0.0000,0.0001,0.0016,0.7294,0.0637,0.0001,0.0001,0.0000,0.0000,0.0003,0.0006,0.0520,0.0005,0.0002,0.0000,0.0000,0.0000,0.0003,0.0004,0.0012,0.0001,0.0001,0.0000,0.0000,0.0000,0.0001,0.0002,0.0002,0.0000,0.0000,0.0000,0.0000,0.0000,0.0001,0.0001,0.0000,0.0000,0.0000,0.0000,0.0000,0.0000,0.0013,0.0000,0.0000,0.0000,0.0000,0.0000,0.0000,0.0000
olympus/pic.0741.jpg,0.0012,0.0008,0.0016,0.0036,0.0022,0.0002,0.0001,0.0012,0.0004,0.0003,0.0095,0.0201,0.0002,0.0000,0.0000,0.0000,0.0002,0.0015,0.7160,0.0393,0.0009,0.0003,0.0001,0.0000,0.0002,0.0010,0.1350,0.0244,0.0020,0.0000,0.0000,0.0000,0.0003,0.0014,0.0199,0.0039,0.0003,0.0000,0.0000,0.0000,0.0002,0.0008,0.0029,0.0001,0.0000,0.0000,0.0000,0.0000,0.0003,0.0015,0.0004,0.0000,0.0000,0.0000,0.0000,0.0000,0.0057,0.0000,0.0000,0.0000,0.0000,0.0000,0.0000,0.0000
olympus/pic.0742.jpg,0.0013,0.0006,0.0013,0.0003,0.0001,0.0000,0.0000,0.0002,0.0003,0.0007,0.0405,0.0019,0.0000,0.0000,0.0000,0.0000,0.0002,0.0019,0.8486,0.0095,0.0000,0.0000,0.0000,0.0000,0.0004,0.0030,0.0691,0.0074,0.0001,0.0000,0.0000,0.0000,0.0004,0.0055,0.0017,0.0010,0.0000,0.0000,0.0000,0.0000,0.0002,0.0014,0.0004,0.0000,0.0000,0.0000,0.0000,0.0000,0.0002,0.0003,0.0001,0.0000,0.0000,0.0000,0.0000,0.0000,0.0016,0.0000,0.0000,0.0000,0.0000,0.0000,0.0000,0.0000
olympus/pic.0743.jpg,0.0024,0.0014,0.0017,0.0008,0.0004,0.0001,0.0001,0.0004,0.0004,0.0012,0.0356,0.0127,0.0004,0.0000,0.0000,0.0000,0.0003,0.0019,0.7740,0.0778,0.0002,0.0000,0.0000,0.0000,0.0002,0.0014,0.0725,0.0031,0.0000,0.0000,0.0000,0.0000,0.0002,0.0035,0.0049,0.0006,0.0000,0.0000,0.0000,0.0000,0.0001,0.0003,0.0002,0.0000,0.0000,0.0000,0.0000,0.0000,0.0001,0.0001,0.0000,0.0000,0.0000,0.0000,0.0000,0.0000,0.0008,0.0000,0.0000,0.0000,0.0000,0.0000,0.0000,0.0000
olympus/pic.0744.jpg,0.0028,0.0010,0.0008,0.0005,0.0003,0.0002,0.0001,0.0008,0.0007,0.0009,0.0234,0.0094,0.0004,0.0001,0.0001,0.0000,0.0004,0.0028,0.8721,0.0555,0.0005,0.0001,0.0000,0.0000,0.0003,0.0017,0.0193,0.0009,0.0002,0.0000,0.0000,0.0000,0.0004,0.0019,0.0008,0.0001,0.0000,0.0000,0.0000,0.0000,0.0002,0.0002,0.0001,0.0000,0.0000,0.0000,0.0000,0.0000,0.0001,0.0001,0.0000,0.0000,0.0000,0.0000,0.0000,0.0000,0.0007,0.0000,0.0000,0.0000,0.0000,0.0000,0.0000,0.0000
olympus/pic.0745.jpg,0.0016,0.0003,0.0004,0.0002,0.0001,0.0001,0.0000,0.0006,0.0009,0.0006,0.0065,0.0005,0.0001,0.0000,0.0000,0.0000,0.0012,0.0233,0.6435,0.0032,0.0001,0.0000,0.0000,0.0000,0.0009,0.0129,0.1930,0.0006,0.0000,0.0000,0.0000,0.0000,0.0013,0.0178,0.0342,0.0008,0.0001,0.0000,0.0000,0.0000,0.0011,0.0342,0.0016,0.0000,0.0000,0.0000,0.0000,0.0000,0.0013,0.0089,0.0001,0.0000,0.0000,0.0000,0.0000,0.0000,0.0081,0.0000,0.0000,0.0000,0.0000,0.0000,0.0000,0.0000
olympus/pic.0746.jpg,0.0000,0.0000,0.0000,0.0002,0.0064,0.0005,0.0002,0.0013,0.0000,0.0000,0.0001,0.2352,0.0580,0.0007,0.0004,0.0000,0.0000,0.0000,0.3690,0.3014,0.0094,0.0005,0.0000,0.0000,0.0000,0.0001,0.0135,0.0021,0.0002,0.0000,0.0000,0.0000,0.0001,0.0001,0.0001,0.0001,0.0000,0.0000,0.0000,0.0000,0.0000,0.0000,0.0000,0.0000,0.0000,0.0000,0.0000,0.0000,0.0001,0.0000,0.0000,0.0000,0.0000,0.0000,0.0000,0.0000,0.0002,0.0000,0.0000,0.0000,0.0000,0.0000,0.0000,0.0000
olympus/pic.0747.jpg,0.0001,0.0000,0.0001,0.0016,0.0004,0.0001,0.0002,0.0016,0.0000,0.0000,0.0006,0.2243,0.0018,0.0004,0.0003,0.0000,0.0000,0.0001,0.4677,0.2721,0.0119,0.0006,0.0000,0.0000,0.0000,0.0001,0.0073,0.0063,0.0015,0.0000,0.0000,0.0000,0.0000,0.0000,0.0001,0.0002,0.0000,0.0000,0.0000,0.0000,0.0000,0.0000,0.0001,0.0000,0.0000,0.0000,0.0000,0.0000,0.0000,0.0000,0.0000,0.0000,0.0000,0.0000,0.0000,0.0000,0.0002,0.0000,0.0000,0.0000,0.0000,0.0000,0.0000,0.0000
olympus/pic.0748.jpg,0.0004,0.0001,0.0004,0.0005,0.0789,0.0012,0.0003,0.0009,0.0001,0.0001,0.0026,0.1074,0.1043,0.0000,0.0000,0.0000,0.0001,0.0005,0.6554,0.0243,0.0001,0.0000,0.0000,0.0000,0.0001,0.0008,0.0154,0.0029,0.0000,0.0000,0.0000,0.0000,0.0002,0.0003,0.0012,0.0002,0.0000,0.0000,0.0000,0.0000,0.0001,0.0001,0.0002,0.0000,0.0000,0.0000,0.0000,0.0000,0.0001,0.0001,0.0000,0.0000,0.0000,0.0000,0.0000,0.0000,0.0006,0.0000,0.0000,0.0000,0.0000,0.0000,0.0000,0.0000
olympus/pic.0749.jpg,0.0008,0.0002,0.0003,0.0009,0.0709,0.0006,0.0001,0.0003,0.0007,0.0002,0.0113,0.2110,0.0914,0.0000,0.0000,0.0000,0.0003,0.0025,0.5843,0.0077,0.0001,0.0000,0.0000,0.0000,0.0003,0.0007,0.0115,0.0016,0.0000,0.0000,0.0000,0.0000,0.0003,0.0004,0.0005,0.0001,0.0000,0.0000,0.0000,0.0000,0.0001,0.0001,0.0001,0.0000,0.0000,0.0000,0.0000,0.0000,0.0001,0.0001,0.0000,0.0000,0.0000,0.0000,0.0000,0.0000,0.0006,0.0000,0.0000,0.0000,0.0000,0.0000,0.0000,0.0000
olympus/pic.0750.jpg,0.0002,0.0000,0.0002,0.0004,0.0027,0.0006,0.0003,0.0011,0.0001,0.0000,0.0013,0.1979,0.0362,0.0001,0.0001,0.0000,0.0001,0.0004,0.5873,0.0700,0.0004,0.0002,0.0000,0.0000,0.0001,0.0009,0.0846,0.0056,0.0006,0.0000,0.0000,0.0000,0.0002,0.0008,0.0034,0.0006,0.0002,0.0000,0.0000,0.0000,0.0002,0.0003,0.0007,0.0000,0.0000,0.0000,0.0000,0.0000,0.0002,0.0004,0.0001,0.0000,0.0000,0.0000,0.0000,0.0000,0.0019,0.0000,0.0000,0.0000,0.0000,0.0000,0.0000,0.0000
olympus/pic.0751.jpg,0.0006,0.0001,0.0001,0.0016,0.0009,0.0000,0.0000,0.0000,0.0007,0.0020,0.0141,0.1366,0.0000,0.0000,0.0000,0.0000,0.0011,0.0074,0.7907,0.0038,0.0000,0.0000,0.0000,0.0000,0.0005,0.0012,0.0370,0.0005,0.0000,0.0000,0.0000,0.0000,0.0002,0.0004,0.0002,0.0000,0.0000,0.0000,0.0000,0.0000,0.0001,0.0001,0.0000,0.0000,0.0000,0.0000,0.0000,0.0000,0.0001,0.0000,0.0000,0.0000,0.0000,0.0000,0.0000,0.0000,0.0001,0.0000,0.0000,0.0000,0.0000,0.0000,0.0000,0.0000
olympus/pic.0752.jpg,0.0002,0.0000,0.0001,0.0136,0.0066,0.0003,0.0001,0.0007,0.0000,0.0001,0.0007,0.2344,0.0017,0.0001,0.0001,0.0000,0.0001,0.0003,0.5371,0.1303,0.0006,0.0001,0.0000,0.0000,0.0001,0.0007,0.0645,0.0029,0.0003,0.0000,0.0000,0.0000,0.0001,0.0004,0.0015,0.0003,0.0001,0.0000,0.0000,0.0000,0.0001,0.0002,0.0003,0.0000,0.0000,0.0000,0.0000,0.0000,0.0002,0.0002,0.0000,0.0000,0.0000,0.0000,0.0000,0.0000,0.0010,0.0000,0.0000,0.0000,0.0000,0.0000,0.0000,0.0000
olympus/pic.0753.jpg,0.0003,0.0001,0.0001,0.0001,0.0014,0.0004,0.0003,0.0032,0.0001,0.0001,0.0003,0.1150,0.0073,0.0001,0.0003,0.0000,0.0001,0.0004,0.6812,0.1480,0.0013,0.0007,0.0001,0.0000,0.0000,0.0002,0.0237,0.0088,0.0015,0.0001,0.0000,0.0000,0.0001,0.0002,0.0007,0.0011,0.0003,0.0000,0.0000,0.0000,0.0001,0.0001,0.0005,0.0001,0.0000,0.0000,0.0000,0.0000,0.0001,0.0002,0.0002,0.0000,0.0000,0.0000,0.0000,0.0000,0.0014,0.0000,0.0000,0.0000,0.0000,0.0000,0.0000,0.0000
olympus/pic.0754.jpg,0.0002,0.0001,0.0001,0.0002,0.0348,0.0010,0.0006,0.0076,0.0000,0.0001,0.0013,0.0300,0.0156,0.0015,0.0018,0.0001,0.0000,0.0001,0.4835,0.3681,0.0202,0.0041,0.0003,0.0000,0.0000,0.0002,0.0146,0.0091,0.0026,0.0001,0.0000,0.0000,0.0000,0.0001,0.0004,0.0004,0.0002,0.0000,0.0000,0.0000,0.0000,0.0000,0.0002,0.0000,0.0000,0.0000,0.0000,0.0000,0.0000,0.0001,0.0000,0.0000,0.0000,0.0000,0.0000,0.0000,0.0006,0.0000,0.0000,0.0000,0.0000,0.0000,0.0000,0.0000
olympus/pic.0755.jpg,0.0001,0.0000,0.0001,0.0001,0.0002,0.0002,0.0001,0.0014,0.0000,0.0000,0.0001,0.2810,0.0021,0.0001,0.0002,0.0000,0.0000,0.0001,0.5320,0.1402,0.0008,0.0004,0.0000,0.0000,0.0000,0.0002,0.0289,0.0076,0.0008,0.0001,0.0000,0.0000,0.0001,0.0002,0.0006,0.0006,0.0002,0.0000,0.0000,0.0000,0.0000,0.0001,0.0003,0.0000,0.0000,0.0000,0.0000,0.0000,0.0001,0.0001,0.0001,0.0000,0.0000,0.0000,0.0000,0.0000,0.0008,0.0000,0.0000,0.0000,0.0000,0.0000,0.0000,0.0000
olympus/pic.0756.jpg,0.0004,0.0002,0.0002,0.0000,0.0001,0.0000,0.0000,0.0001,0.0001,0.0002,0.0007,0.0001,0.0000,0.0000,0.0000,0.0000,0.0001,0.0002,0.5635,0.0005,0.0000,0.0000,0.0000,0.0000,0.0000,0.0018,0.4120,0.0011,0.0001,0.0000,0.0000,0.0000,0.0001,0.0022,0.0086,0.0005,0.0001,0.0000,0.0000,0.0000,0.0001,0.0008,0.0020,0.0000,0.0000,0.0000,0.0000,0.0000,0.0003,0.0009,0.0000,0.0000,0.0000,0.0000,0.0000,0.0000,0.0032,0.0000,0.0000,0.0000,0.0000,0.0000,0.0000,0.0000
olympus/pic.0757.jpg,0.0000,0.0000,0.0000,0.0000,0.0000,0.0000,0.0000,0.0000,0.0000,0.0002,0.0001,0.0000,0.0000,0.0000,0.0000,0.0000,0.0001,0.0002,0.9979,0.0000,0.0000,0.0000,0.0000,0.0000,0.0000,0.0001,0.0011,0.0000,0.0000,0.0000,0.0000,0.0000,0.0000,0.0000,0.0000,0.0000,0.0000,0.0000,0.0000,0.0000,0.0000,0.0000,0.0000,0.0000,0.0000,0.0000,0.0000,0.0000,0.0000,0.0000,0.0000,0.0000,0.0000,0.0000,0.0000,0.0000,0.0000,0.0000,0.0000,0.0000,0.0000,0.0000,0.0000,0.0000
olympus/pic.0758.jpg,0.0005,0.0002,0.0001,0.0000,0.0000,0.0000,0.0000,0.0002,0.0001,0.0002,0.0008,0.0000,0.0000,0.0000,0.0000,0.0000,0.0001,0.0001,0.9956,0.0002,0.0000,0.0000,0.0000,0.0000,0.0000,0.0000,0.0013,0.0001,0.0000,0.0000,0.0000,0.0000,0.0000,0.0000,0.0000,0.0000,0.0000,0.0000,0.0000,0.0000,0.0000,0.0000,0.0000,0.0000,0.0000,0.0000,0.0000,0.0000,0.0000,0.0000,0.0000,0.0000,0.0000,0.0000,0.0000,0.0000,0.0002,0.0000,0.0000,0.0000,0.0000,0.0000,0.0000,0.0000
olympus/pic.0759.jpg,0.0000,0.0000,0.0000,0.0000,0.0000,0.0000,0.0000,0.0000,0.0000,0.0000,0.0002,0.0000,0.0000,0.0000,0.0000,0.0000,0.0000,0.0000,0.6271,0.0000,0.0000,0.0000,0.0000,0.0000,0.0000,0.0001,0.3726,0.0000,0.0000,0.0000,0.0000,0.0000,0.0000,0.0000,0.0000,0.0000,0.0000,0.0000,0.0000,0.0000,0.0000,0.0000,0.0000,0.0000,0.0000,0.0000,0.0000,0.0000,0.0000,0.0000,0.0000,0.0000,0.0000,0.0000,0.0000,0.0000,0.0000,0.0000,0.0000,0.0000,0.0000,0.0000,0.0000,0.0000
olympus/pic.0760.jpg,0.0005,0.0002,0.0001,0.0000,0.0000,0.0000,0.0000,0.0000,0.0000,0.0001,0.0007,0.0001,0.0000,0.0000,0.0000,0.0000,0.0000,0.0003,0.5900,0.0028,0.0000,0.0000,0.0000,0.0000,0.0000,0.0064,0.3920,0.0017,0.0000,0.0000,0.0000,0.0000,0.0002,0.0015,0.0007,0.0001,0.0000,0.0000,0.0000,0.0000,0.0002,0.0003,0.0001,0.0000,0.0000,0.0000,0.0000,0.0000,0.0002,0.0001,0.0000,0.0000,0.0000,0.0000,0.0000,0.0000,0.0013,0.0000,0.0000,0.0000,0.0000,0.0000,0.0000,0.0000
olympus/pic.0761.jpg,0.0007,0.0005,0.0013,0.0031,0.0021,0.0010,0.0004,0.0006,0.0001,0.0001,0.0230,0.0865,0.0091,0.0002,0.0001,0.0000,0.0000,0.0004,0.5366,0.2629,0.0087,0.0002,0.0015,0.0000,0.0000,0.0001,0.0426,0.0144,0.0010,0.0002,0.0000,0.0000,0.0000,0.0001,0.0010,0.0003,0.0007,0.0000,0.0000,0.0000,0.0000,0.0000,0.0001,0.0000,0.0000,0.0000,0.0000,0.0000,0.0000,0.0000,0.0000,0.0000,0.0000,0.0000,0.0000,0.0000,0.0002,0.0000,0.0000,0.0000,0.0000,0.0000,0.0000,0.0000
olympus/pic.0762.jpg,0.0015,0.0174,0.0066,0.0008,0.0004,0.0003,0.0001,0.0014,0.0005,0.0010,0.0991,0.0051,0.0007,0.0000,0.0000,0.0000,0.0005,0.0017,0.4147,0.0227,0.0005,0.0002,0.0001,0.0000,0.0006,0.0022,0.3822,0.0214,0.0009,0.0001,0.0000,0.0000,0.0008,0.0011,0.0045,0.0037,0.0006,0.0000,0.0000,0.0000,0.0005,0.0003,0.0010,0.0000,0.0000,0.0000,0.0000,0.0000,0.0003,0.0005,0.0001,0.0000,0.0000,0.0000,0.0000,0.0000,0.0039,0.0000,0.0000,0.0000,0.0000,0.0000,0.0000,0.0000
olympus/pic.0763.jpg,0.0012,0.0012,0.0130,0.0006,0.0002,0.0001,0.0001,0.0016,0.0003,0.0006,0.1386,0.0014,0.0002,0.0000,0.0001,0.0000,0.0003,0.0012,0.4875,0.0076,0.0003,0.0002,0.0001,0.0000,0.0003,0.0014,0.3187,0.0094,0.0004,0.0000,0.0000,0.0000,0.0004,0.0007,0.0052,0.0023,0.0004,0.0000,0.0000,0.0000,0.0002,0.0004,0.0008,0.0000,0.0000,0.0000,0.0000,0.0000,0.0002,0.0005,0.0001,0.0000,0.0000,0.0000,0.0000,0.0000,0.0020,0.0000,0.0000,0.0000,0.0000,0.0000,0.0000,0.0000
olympus/pic.0764.jpg,0.0002,0.0006,0.0502,0.0002,0.0001,0.0001,0.0000,0.0002,0.0001,0.0008,0.0773,0.0015,0.0002,0.0000,0.0000,0.0000,0.0001,0.0013,0.4942,0.0051,0.0003,0.0001,0.0000,0.0000,0.0001,0.0008,0.1868,0.0193,0.0006,0.0000,0.0000,0.0000,0.0000,0.0006,0.1283,0.0262,0.0004,0.0000,0.0000,0.0000,0.0002,0.0003,0.0021,0.0000,0.0000,0.0000,0.0000,0.0000,0.0001,0.0007,0.0001,0.0000,0.0000,0.0000,0.0000,0.0000,0.0009,0.0000,0.0000,0.0000,0.0000,0.0000,0.0000,0.0000
olympus/pic.0765.jpg,0.0014,0.0010,0.0208,0.0003,0.0001,0.0001,0.0000,0.0004,0.0002,0.0009,0.1276,0.0009,0.0001,0.0000,0.0000,0.0000,0.0002,0.0007,0.3655,0.0058,0.0001,0.0000,0.0000,0.0000,0.0002,0.0009,0.2924,0.0287,0.0006,0.0000,0.0000,0.0000,0.0001,0.0009,0.1349,0.0096,0.0002,0.0000,0.0000,0.0000,0.0002,0.0004,0.0015,0.0000,0.0000,0.0000,0.0000,0.0000,0.0003,0.0004,0.0001,0.0000,0.0000,0.0000,0.0000,0.0000,0.0024,0.0000,0.0000,0.0000,0.0000,0.0000,0.0000,0.0000
olympus/pic.0766.jpg,0.0012,0.0012,0.1127,0.0001,0.0000,0.0000,0.0000,0.0001,0.0001,0.0006,0.1876,0.0001,0.0000,0.0000,0.0000,0.0000,0.0001,0.0002,0.1400,0.0000,0.0000,0.0000,0.0000,0.0000,0.0000,0.0003,0.5081,0.0000,0.0000,0.0000,0.0000,0.0000,0.0001,0.0055,0.0334,0.0000,0.0000,0.0000,0.0000,0.0000,0.0001,0.0034,0.0008,0.0000,0.0000,0.0000,0.0000,0.0000,0.0002,0.0016,0.0000,0.0000,0.0000,0.0000,0.0000,0.0000,0.0024,0.0000,0.0000,0.0000,0.0000,0.0000,0.0000,0.0000
olympus/pic.0767.jpg,0.0010,0.0004,0.0005,0.0003,0.0002,0.0000,0.0000,0.0003,0.0003,0.0004,0.0032,0.0019,0.0001,0.0000,0.0000,0.0000,0.0003,0.0010,0.3988,0.0086,0.0000,0.0000,0.0000,0.0000,0.0002,0.0007,0.1562,0.0034,0.0001,0.0000,0.0000,0.0000,0.0002,0.0007,0.3685,0.0029,0.0001,0.0000,0.0000,0.0000,0.0001,0.0005,0.0460,0.0000,0.0000,0.0000,0.0000,0.0000,0.0001,0.0010,0.0001,0.0000,0.0000,0.0000,0.0000,0.0000,0.0019,0.0000,0.0000,0.0000,0.0000,0.0000,0.0000,0.0000
olympus/pic.0768.jpg,0.0016,0.0009,0.0007,0.0002,0.0000,0.0000,0.0000,0.0001,0.0004,0.0003,0.0226,0.0003,0.0000,0.0000,0.0000,0.0000,0.0003,0.0011,0.9539,0.0011,0.0000,0.0000,0.0000,0.0000,0.0001,0.0003,0.0149,0.0001,0.0000,0.0000,0.0000,0.0000,0.0000,0.0001,0.0003,0.0000,0.0000,0.0000,0.0000,0.0000,0.0000,0.0000,0.0001,0.0000,0.0000,0.0000,0.0000,0.0000,0.0000,0.0000,0.0000,0.0000,0.0000,0.0000,0.0000,0.0000,0.0003,0.0000,0.0000,0.0000,0.0000,0.0000,0.0000,0.0000
olympus/pic.0769.jpg,0.0005,0.0017,0.0052,0.0470,0.0001,0.0001,0.0000,0.0001,0.0000,0.0021,0.0250,0.0045,0.0003,0.0000,0.0000,0.0000,0.0000,0.0004,0.5709,0.0146,0.0002,0.0000,0.0000,0.0000,0.0000,0.0001,0.1959,0.0229,0.0002,0.0000,0.0000,0.0000,0.0000,0.0003,0.0665,0.0387,0.0001,0.0000,0.0000,0.0000,0.0000,0.0002,0.0022,0.0000,0.0000,0.0000,0.0000,0.0000,0.0000,0.0000,0.0000,0.0000,0.0000,0.0000,0.0000,0.0000,0.0000,0.0000,0.0000,0.0000,0.0000,0.0000,0.0000,0.0000
olympus/pic.0770.jpg,0.0014,0.0002,0.0002,0.0001,0.0001,0.0000,0.0000,0.0003,0.0003,0.0004,0.0025,0.0003,0.0000,0.0000,0.0000,0.0000,0.0003,0.0007,0.9541,0.0016,0.0000,0.0000,0.0000,0.0000,0.0001,0.0003,0.0306,0.0007,0.0000,0.0000,0.0000,0.0000,0.0002,0.0003,0.0020,0.0003,0.0001,0.0000,0.0000,0.0000,0.0001,0.0001,0.0005,0.0000,0.0000,0.0000,0.0000,0.0000,0.0001,0.0003,0.0000,0.0000,0.0000,0.0000,0.0000,0.0000,0.0016,0.0000,0.0000,0.0000,0.0000,0.0000,0.0000,0.0000
olympus/pic.0771.jpg,0.0138,0.0040,0.0017,0.0003,0.0002,0.0001,0.0000,0.0007,0.0041,0.0120,0.0312,0.0030,0.0020,0.0001,0.0000,0.0000,0.0046,0.0198,0.7090,0.0644,0.0021,0.0001,0.0001,0.0000,0.0013,0.0046,0.0573,0.0171,0.0003,0.0000,0.0000,0.0000,0.0006,0.0075,0.0161,0.0095,0.0002,0.0000,0.0000,0.0000,0.0011,0.0024,0.0029,0.0001,0.0000,0.0000,0.0000,0.0000,0.0006,0.0009,0.0001,0.0000,0.0000,0.0000,0.0000,0.0000,0.0040,0.0000,0.0000,0.0000,0.0000,0.0000,0.0000,0.0000
olympus/pic.0772.jpg,0.0033,0.0028,0.0027,0.0003,0.0001,0.0001,0.0000,0.0002,0.0014,0.0045,0.1434,0.0006,0.0001,0.0000,0.0000,0.0000,0.0006,0.0029,0.6792,0.0024,0.0001,0.0001,0.0001,0.0000,0.0002,0.0023,0.0214,0.0229,0.0013,0.0000,0.0000,0.0000,0.0002,0.0107,0.0614,0.0263,0.0002,0.0000,0.0000,0.0000,0.0003,0.0047,0.0004,0.0000,0.0000,0.0000,0.0000,0.0000,0.0008,0.0003,0.0000,0.0000,0.0000,0.0000,0.0000,0.0000,0.0018,0.0000,0.0000,0.0000,0.0000,0.0000,0.0000,0.0000
olympus/pic.0773.jpg,0.0007,0.0005,0.0006,0.0001,0.0000,0.0000,0.0000,0.0001,0.0002,0.0002,0.0110,0.0001,0.0000,0.0000,0.0000,0.0000,0.0001,0.0008,0.9137,0.0002,0.0000,0.0000,0.0000,0.0000,0.0000,0.0001,0.0663,0.0042,0.0000,0.0000,0.0000,0.0000,0.0001,0.0001,0.0002,0.0002,0.0000,0.0000,0.0000,0.0000,0.0000,0.0000,0.0001,0.0000,0.0000,0.0000,0.0000,0.0000,0.0000,0.0000,0.0000,0.0000,0.0000,0.0000,0.0000,0.0000,0.0002,0.0000,0.0000,0.0000,0.0000,0.0000,0.0000,0.0000
olympus/pic.0774.jpg,0.0009,0.0002,0.0002,0.0000,0.0001,0.0000,0.0000,0.0002,0.0003,0.0003,0.0016,0.0005,0.0001,0.0000,0.0000,0.0000,0.0002,0.0008,0.5946,0.0044,0.0001,0.0000,0.0000,0.0000,0.0001,0.0005,0.1932,0.0030,0.0001,0.0000,0.0000,0.0000,0.0001,0.0048,0.1715,0.0016,0.0001,0.0000,0.0000,0.0000,0.0002,0.0041,0.0117,0.0000,0.0000,0.0000,0.0000,0.0000,0.0002,0.0018,0.0001,0.0000,0.0000,0.0000,0.0000,0.0000,0.0023,0.0000,0.0000,0.0000,0.0000,0.0000,0.0000,0.0000
olympus/pic.0775.jpg,0.0008,0.0003,0.0002,0.0000,0.0000,0.0000,0.0000,0.0001,0.0001,0.0003,0.0025,0.0001,0.0000,0.0000,0.0000,0.0000,0.0002,0.0022,0.6708,0.0057,0.0001,0.0001,0.0000,0.0000,0.0005,0.0204,0.2037,0.0394,0.0024,0.0001,0.0000,0.0000,0.0001,0.0121,0.0034,0.0231,0.0021,0.0000,0.0000,0.0000,0.0027,0.0006,0.0019,0.0000,0.0000,0.0000,0.0000,0.0000,0.0001,0.0005,0.0001,0.0000,0.0000,0.0000,0.0000,0.0000,0.0032,0.0000,0.0000,0.0000,0.0000,0.0000,0.0000,0.0000
olympus/pic.0776.jpg,0.0002,0.0002,0.0002,0.0001,0.0000,0.0000,0.0000,0.0001,0.0000,0.0000,0.0002,0.0000,0.0000,0.0000,0.0000,0.0000,0.0000,0.0000,0.3906,0.0006,0.0001,0.0000,0.0000,0.0000,0.0000,0.0002,0.1306,0.0035,0.0000,0.0000,0.0000,0.0000,0.0000,0.0253,0.0329,0.0005,0.0001,0.0000,0.0000,0.0000,0.0001,0.3096,0.0428,0.0000,0.0000,0.0000,0.0000,0.0000,0.0044,0.0518,0.0000,0.0000,0.0000,0.0000,0.0000,0.0000,0.0055,0.0002,0.0000,0.0000,0.0000,0.0000,0.0000,0.0000
olympus/pic.0777.jpg,0.0003,0.0001,0.0001,0.0000,0.0000,0.0000,0.0000,0.0001,0.0001,0.0001,0.0041,0.0001,0.0000,0.0000,0.0000,0.0000,0.0002,0.0024,0.7278,0.0968,0.0001,0.0000,0.0000,0.0000,0.0000,0.0004,0.0405,0.1234,0.0001,0.0000,0.0000,0.0000,0.0001,0.0002,0.0004,0.0004,0.0001,0.0000,0.0000,0.0000,0.0001,0.0001,0.0003,0.0000,0.0000,0.0000,0.0000,0.0000,0.0001,0.0002,0.0000,0.0000,0.0000,0.0000,0.0000,0.0000,0.0012,0.0000,0.0000,0.0000,0.0000,0.0000,0.0000,0.0000
olympus/pic.0778.jpg,0.0057,0.0112,0.0019,0.0006,0.0005,0.0001,0.0001,0.0011,0.0010,0.0076,0.0179,0.0039,0.0006,0.0000,0.0000,0.0000,0.0010,0.0034,0.5826,0.0093,0.0020,0.0001,0.0000,0.0000,0.0005,0.0038,0.1132,0.0032,0.0002,0.0000,0.0000,0.0000,0.0008,0.0106,0.1458,0.0014,0.0004,0.0000,0.0000,0.0000,0.0022,0.0106,0.0405,0.0000,0.0000,0.0000,0.0000,0.0000,0.0025,0.0039,0.0003,0.0000,0.0000,0.0000,0.0000,0.0000,0.0094,0.0000,0.0000,0.0000,0.0000,0.0000,0.0000,0.0000
olympus/pic.0779.jpg,0.0021,0.0015,0.0013,0.0003,0.0002,0.0001,0.0001,0.0011,0.0006,0.0022,0.0119,0.0012,0.0002,0.0000,0.0000,0.0000,0.0004,0.0025,0.7708,0.0033,0.0002,0.0001,0.0000,0.0000,0.0005,0.0033,0.0477,0.0007,0.0002,0.0000,0.0000,0.0000,0.0009,0.0065,0.0867,0.0006,0.0001,0.0000,0.0000,0.0000,0.0017,0.0059,0.0269,0.0000,0.0000,0.0000,0.0000,0.0000,0.0037,0.0041,0.0003,0.0000,0.0000,0.0000,0.0000,0.0000,0.0100,0.0000,0.0000,0.0000,0.0000,0.0000,0.0000,0.0000
olympus/pic.0780.jpg,0.0001,0.0001,0.0002,0.0000,0.0000,0.0000,0.0000,0.0001,0.0001,0.0002,0.0068,0.0003,0.0000,0.0000,0.0000,0.0000,0.0001,0.0013,0.6121,0.0004,0.0000,0.0000,0.0000,0.0000,0.0000,0.0022,0.1340,0.0004,0.0000,0.0000,0.0000,0.0000,0.0001,0.0163,0.1944,0.0002,0.0000,0.0000,0.0000,0.0000,0.0011,0.0078,0.0127,0.0000,0.0000,0.0000,0.0000,0.0000,0.0045,0.0018,0.0001,0.0000,0.0000,0.0000,0.0000,0.0000,0.0026,0.0000,0.0000,0.0000,0.0000,0.0000,0.0000,0.0000
olympus/pic.0781.jpg,0.0009,0.0012,0.0003,0.0001,0.0005,0.0002,0.0005,0.0894,0.0002,0.0066,0.0029,0.0011,0.0031,0.0016,0.0116,0.0002,0.0000,0.0014,0.3635,0.3296,0.0448,0.0326,0.0043,0.0000,0.0000,0.0001,0.0101,0.0473,0.0369,0.0016,0.0000,0.0000,0.0000,0.0001,0.0006,0.0017,0.0009,0.0000,0.0000,0.0000,0.0000,0.0000,0.0007,0.0001,0.0000,0.0000,0.0000,0.0000,0.0000,0.0004,0.0003,0.0000,0.0000,0.0000,0.0000,0.0000,0.0021,0.0000,0.0000,0.0000,0.0000,0.0000,0.0000,0.0000
olympus/pic.0782.jpg,0.0014,0.0011,0.0004,0.0002,0.0001,0.0000,0.0000,0.0001,0.0002,0.0325,0.0318,0.0026,0.0000,0.0000,0.0000,0.0000,0.0001,0.0010,0.3471,0.3983,0.0115,0.0000,0.0000,0.0000,0.0001,0.0009,0.0634,0.0997,0.0055,0.0000,0.0000,0.0000,0.0001,0.0009,0.0002,0.0000,0.0000,0.0000,0.0000,0.0000,0.0001,0.0002,0.0001,0.0000,0.0000,0.0000,0.0000,0.0000,0.0000,0.0000,0.0000,0.0000,0.0000,0.0000,0.0000,0.0000,0.0004,0.0000,0.0000,0.0000,0.0000,0.0000,0.0000,0.0000
olympus/pic.0783.jpg,0.0163,0.0060,0.0029,0.0003,0.0005,0.0003,0.0001,0.0028,0.0024,0.0128,0.0507,0.0014,0.0002,0.0001,0.0001,0.0000,0.0003,0.0104,0.8595,0.0191,0.0004,0.0002,0.0000,0.0000,0.0003,0.0011,0.0062,0.0021,0.0007,0.0000,0.0000,0.0000,0.0002,0.0004,0.0002,0.0001,0.0000,0.0000,0.0000,0.0000,0.0001,0.0000,0.0001,0.0000,0.0000,0.0000,0.0000,0.0000,0.0001,0.0001,0.0000,0.0000,0.0000,0.0000,0.0000,0.0000,0.0014,0.0000,0.0000,0.0000,0.0000,0.0000,0.0000,0.0000
olympus/pic.0784.jpg,0.0007,0.0014,0.0062,0.0005,0.0002,0.0002,0.0001,0.0006,0.0000,0.0033,0.0861,0.0138,0.0038,0.0003,0.0002,0.0000,0.0000,0.0002,0.6907,0.0860,0.0045,0.0007,0.0001,0.0000,0.0000,0.0000,0.0491,0.0446,0.0014,0.0001,0.0000,0.0000,0.0000,0.0000,0.0008,0.0028,0.0004,0.0000,0.0000,0.0000,0.0000,0.0000,0.0004,0.0000,0.0000,0.0000,0.0000,0.0000,0.0000,0.0001,0.0001,0.0000,0.0000,0.0000,0.0000,0.0000,0.0004,0.0000,0.0000,0.0000,0.0000,0.0000,0.0000,0.0000
olympus/pic.0785.jpg,0.0006,0.0003,0.0002,0.0000,0.0001,0.0000,0.0000,0.0005,0.0001,0.0036,0.0070,0.0002,0.0000,0.0000,0.0000,0.0000,0.0000,0.0009,0.9840,0.0009,0.0000,0.0000,0.0000,0.0000,0.0000,0.0000,0.0008,0.0003,0.0002,0.0000,0.0000,0.0000,0.0000,0.0000,0.0000,0.0000,0.0000,0.0000,0.0000,0.0000,0.0000,0.0000,0.0000,0.0000,0.0000,0.0000,0.0000,0.0000,0.0000,0.0000,0.0000,0.0000,0.0000,0.0000,0.0000,0.0000,0.0001,0.0000,0.0000,0.0000,0.0000,0.0000,0.0000,0.0000
olympus/pic.0786.jpg,0.0026,0.0008,0.0009,0.0002,0.0005,0.0003,0.0002,0.0094,0.0005,0.0003,0.0078,0.0027,0.0015,0.0006,0.0008,0.0001,0.0001,0.0015,0.8536,0.0577,0.0053,0.0016,0.0003,0.0000,0.0001,0.0009,0.0222,0.0090,0.0041,0.0001,0.0000,0.0000,0.0003,0.0007,0.0027,0.0012,0.0007,0.0000,0.0000,0.0000,0.0002,0.0002,0.0010,0.0000,0.0000,0.0000,0.0000,0.0000,0.0002,0.0006,0.0004,0.0000,0.0000,0.0000,0.0000,0.0000,0.0058,0.0000,0.0000,0.0000,0.0000,0.0000,0.0000,0.0000
olympus/pic.0787.jpg,0.0007,0.0011,0.0056,0.0010,0.0002,0.0000,0.0000,0.0000,0.0001,0.0010,0.0218,0.0005,0.0001,0.0000,0.0000,0.0000,0.0001,0.0006,0.9669,0.0003,0.0000,0.0000,0.0000,0.0000,0.0000,0.0000,0.0000,0.0000,0.0000,0.0000,0.0000,0.0000,0.0000,0.0000,0.0000,0.0000,0.0000,0.0000,0.0000,0.0000,0.0000,0.0000,0.0000,0.0000,0.0000,0.0000,0.0000,0.0000,0.0000,0.0000,0.0000,0.0000,0.0000,0.0000,0.0000,0.0000,0.0000,0.0000,0.0000,0.0000,0.0000,0.0000,0.0000,0.0000
olympus/pic.0788.jpg,0.0008,0.0005,0.0004,0.0001,0.0001,0.0001,0.0000,0.0005,0.0001,0.0016,0.0201,0.0008,0.0001,0.0000,0.0000,0.0000,0.0000,0.0005,0.9232,0.0033,0.0000,0.0001,0.0000,0.0000,0.0001,0.0007,0.0433,0.0008,0.0002,0.0000,0.0000,0.0000,0.0002,0.0003,0.0004,0.0003,0.0001,0.0000,0.0000,0.0000,0.0001,0.0001,0.0002,0.0000,0.0000,0.0000,0.0000,0.0000,0.0001,0.0001,0.0000,0.0000,0.0000,0.0000,0.0000,0.0000,0.0009,0.0000,0.0000,0.0000,0.0000,0.0000,0.0000,0.0000
olympus/pic.0789.jpg,0.0000,0.0000,0.0000,0.0000,0.0000,0.0000,0.0000,0.0000,0.0000,0.0015,0.0006,0.0001,0.0000,0.0000,0.0000,0.0000,0.0000,0.0001,0.9696,0.0001,0.0000,0.0000,0.0000,0.0000,0.0000,0.0001,0.0277,0.0000,0.0000,0.0000,0.0000,0.0000,0.0000,0.0000,0.0000,0.0000,0.0000,0.0000,0.0000,0.0000,0.0000,0.0000,0.0000,0.0000,0.0000,0.0000,0.0000,0.0000,0.0000,0.0000,0.0000,0.0000,0.0000,0.0000,0.0000,0.0000,0.0000,0.0000,0.0000,0.0000,0.0000,0.0000,0.0000,0.0000
olympus/pic.0790.jpg,0.0009,0.0002,0.0003,0.0001,0.0000,0.0001,0.0000,0.0002,0.0002,0.0011,0.0093,0.0003,0.0001,0.0000,0.0000,0.0000,0.0001,0.0005,0.5215,0.0027,0.0001,0.0000,0.0000,0.0000,0.0001,0.0005,0.4256,0.0024,0.0001,0.0000,0.0000,0.0000,0.0001,0.0003,0.0318,0.0002,0.0000,0.0000,0.0000,0.0000,0.0000,0.0002,0.0003,0.0000,0.0000,0.0000,0.0000,0.0000,0.0001,0.0001,0.0000,0.0000,0.0000,0.0000,0.0000,0.0000,0.0007,0.0000,0.0000,0.0000,0.0000,0.0000,0.0000,0.0000
olympus/pic.0791.jpg,0.0013,0.0006,0.0038,0.0002,0.0001,0.0000,0.0000,0.0003,0.0002,0.0007,0.0330,0.0017,0.0000,0.0000,0.0000,0.0000,0.0002,0.0011,0.8517,0.0029,0.0000,0.0000,0.0000,0.0000,0.0003,0.0006,0.0865,0.0009,0.0001,0.0000,0.0000,0.0000,0.0004,0.0011,0.0102,0.0002,0.0001,0.0000,0.0000,0.0000,0.0002,0.0001,0.0002,0.0000,0.0000,0.0000,0.0000,0.0000,0.0001,0.0001,0.0000,0.0000,0.0000,0.0000,0.0000,0.0000,0.0009,0.0000,0.0000,0.0000,0.0000,0.0000,0.0000,0.0000
olympus/pic.0792.jpg,0.0017,0.0003,0.0003,0.0001,0.0000,0.0000,0.0000,0.0005,0.0005,0.0003,0.0014,0.0002,0.0000,0.0000,0.0000,0.0000,0.0004,0.0018,0.5594,0.0005,0.0000,0.0000,0.0000,0.0000,0.0002,0.0023,0.1420,0.0004,0.0001,0.0000,0.0000,0.0000,0.0003,0.0385,0.1219,0.0003,0.0001,0.0000,0.0000,0.0000,0.0003,0.0660,0.0381,0.0000,0.0000,0.0000,0.0000,0.0000,0.0004,0.0140,0.0002,0.0000,0.0000,0.0000,0.0000,0.0000,0.0073,0.0000,0.0000,0.0000,0.0000,0.0000,0.0000,0.0000
olympus/pic.0793.jpg,0.0010,0.0013,0.0060,0.0028,0.0002,0.0000,0.0000,0.0001,0.0004,0.0017,0.0122,0.0036,0.0000,0.0000,0.0000,0.0000,0.0003,0.0015,0.6386,0.0023,0.0000,0.0000,0.0000,0.0000,0.0003,0.0085,0.1482,0.0055,0.0000,0.0000,0.0000,0.0000,0.0010,0.0633,0.0854,0.0003,0.0001,0.0000,0.0000,0.0000,0.0020,0.0059,0.0016,0.0000,0.0000,0.0000,0.0000,0.0000,0.0015,0.0016,0.0000,0.0000,0.0000,0.0000,0.0000,0.0000,0.0026,0.0000,0.0000,0.0000,0.0000,0.0000,0.0000,0.0000
olympus/pic.0794.jpg,0.0027,0.0013,0.0008,0.0001,0.0002,0.0001,0.0001,0.0009,0.0014,0.0020,0.0208,0.0009,0.0004,0.0001,0.0002,0.0000,0.0007,0.0083,0.7796,0.0220,0.0048,0.0004,0.0001,0.0000,0.0007,0.0023,0.1257,0.0027,0.0002,0.0000,0.0000,0.0000,0.0006,0.0029,0.0134,0.0003,0.0001,0.0000,0.0000,0.0000,0.0003,0.0003,0.0003,0.0000,0.0000,0.0000,0.0000,0.0000,0.0003,0.0002,0.0000,0.0000,0.0000,0.0000,0.0000,0.0000,0.0016,0.0000,0.0000,0.0000,0.0000,0.0000,0.0000,0.0000
olympus/pic.0795.jpg,0.0008,0.0006,0.0008,0.0001,0.0000,0.0000,0.0000,0.0005,0.0002,0.0010,0.0194,0.0019,0.0000,0.0000,0.0000,0.0000,0.0002,0.0015,0.6749,0.0023,0.0001,0.0001,0.0000,0.0000,0.0006,0.0053,0.1296,0.0017,0.0001,0.0000,0.0000,0.0000,0.0013,0.0431,0.0813,0.0014,0.0002,0.0000,0.0000,0.0000,0.0015,0.0098,0.0024,0.0000,0.0000,0.0000,0.0000,0.0000,0.0022,0.0023,0.0001,0.0000,0.0000,0.0000,0.0000,0.0000,0.0123,0.0000,0.0000,0.0000,0.0000,0.0000,0.0000,0.0000
olympus/pic.0796.jpg,0.0000,0.0000,0.0000,0.0000,0.0000,0.0000,0.0000,0.0000,0.0000,0.0000,0.0031,0.0004,0.0000,0.0000,0.0000,0.0000,0.0000,0.0000,0.6691,0.0018,0.0000,0.0000,0.0000,0.0000,0.0000,0.0000,0.1809,0.0115,0.0000,0.0000,0.0000,0.0000,0.0000,0.0114,0.1171,0.0004,0.0000,0.0000,0.0000,0.0000,0.0000,0.0004,0.0036,0.0000,0.0000,0.0000,0.0000,0.0000,0.0000,0.0002,0.0000,0.0000,0.0000,0.0000,0.0000,0.0000,0.0000,0.0000,0.0000,0.0000,0.0000,0.0000,0.0000,0.0000
olympus/pic.0797.jpg,0.0002,0.0000,0.0000,0.0000,0.0000,0.0000,0.0000,0.0002,0.0001,0.0000,0.0001,0.0000,0.0000,0.0000,0.0000,0.0000,0.0002,0.0002,0.8583,0.0042,0.0000,0.0000,0.0000,0.0000,0.0002,0.0007,0.1067,0.0008,0.0001,0.0000,0.0000,0.0000,0.0002,0.0004,0.0235,0.0005,0.0002,0.0000,0.0000,0.0000,0.0001,0.0001,0.0005,0.0000,0.0000,0.0000,0.0000,0.0000,0.0001,0.0003,0.0000,0.0000,0.0000,0.0000,0.0000,0.0000,0.0019,0.0000,0.0000,0.0000,0.0000,0.0000,0.0000,0.0000
olympus/pic.0798.jpg,0.0000,0.0000,0.0000,0.0000,0.0000,0.0000,0.0000,0.0000,0.0000,0.0000,0.0017,0.0030,0.0007,0.0000,0.0000,0.0000,0.0000,0.0004,0.9644,0.0051,0.0000,0.0000,0.0000,0.0000,0.0001,0.0014,0.0120,0.0018,0.0000,0.0000,0.0000,0.0000,0.0000,0.0020,0.0047,0.0005,0.0000,0.0000,0.0000,0.0000,0.0001,0.0012,0.0005,0.0000,0.0000,0.0000,0.0000,0.0000,0.0000,0.0002,0.0000,0.0000,0.0000,0.0000,0.0000,0.0000,0.0000,0.0000,0.0000,0.0000,0.0000,0.0000,0.0000,0.0000
olympus/pic.0799.jpg,0.0004,0.0001,0.0001,0.0000,0.0000,0.0000,0.0000,0.0001,0.0002,0.0001,0.0007,0.0001,0.0000,0.0000,0.0000,0.0000,0.0003,0.0005,0.9930,0.0003,0.0000,0.0000,0.0000,0.0000,0.0001,0.0003,0.0017,0.0002,0.0000,0.0000,0.0000,0.0000,0.0003,0.0002,0.0000,0.0001,0.0000,0.0000,0.0000,0.0000,0.0002,0.0001,0.0001,0.0000,0.0000,0.0000,0.0000,0.0000,0.0002,0.0000,0.0000,0.0000,0.0000,0.0000,0.0000,0.0000,0.0006,0.0000,0.0000,0.0000,0.0000,0.0000,0.0000,0.0000
olympus/pic.0800.jpg,0.0004,0.0000,0.0000,0.0000,0.0000,0.0000,0.0000,0.0000,0.0004,0.0001,0.0001,0.0000,0.0000,0.0000,0.0000,0.0000,0.0029,0.0315,0.7043,0.0003,0.0000,0.0000,0.0000,0.0000,0.0005,0.0010,0.2017,0.0005,0.0000,0.0000,0.0000,0.0000,0.0003,0.0043,0.0485,0.0001,0.0000,0.0000,0.0000,0.0000,0.0001,0.0004,0.0012,0.0000,0.0000,0.0000,0.0000,0.0000,0.0001,0.0004,0.0000,0.0000,0.0000,0.0000,0.0000,0.0000,0.0007,0.0000,0.0000,0.0000,0.0000,0.0000,0.0000,0.0000
olympus/pic.0801.jpg,0.0004,0.0001,0.0001,0.0000,0.0000,0.0000,0.0000,0.0000,0.0001,0.0001,0.0004,0.0000,0.0000,0.0000,0.0000,0.0000,0.0000,0.0001,0.3090,0.0002,0.0000,0.0000,0.0000,0.0000,0.0000,0.0001,0.6526,0.0221,0.0000,0.0000,0.0000,0.0000,0.0001,0.0001,0.0121,0.0019,0.0000,0.0000,0.0000,0.0000,0.0000,0.0000,0.0002,0.0000,0.0000,0.0000,0.0000,0.0000,0.0000,0.0000,0.0000,0.0000,0.0000,0.0000,0.0000,0.0000,0.0002,0.0000,0.0000,0.0000,0.0000,0.0000,0.0000,0.0000
olympus/pic.0802.jpg,0.0003,0.0004,0.0006,0.0001,0.0000,0.0000,0.0000,0.0000,0.0000,0.0001,0.0082,0.0002,0.0000,0.0000,0.0000,0.0000,0.0000,0.0002,0.7132,0.0192,0.0000,0.0000,0.0000,0.0000,0.0000,0.0003,0.1892,0.0053,0.0001,0.0000,0.0000,0.0000,0.0000,0.0020,0.0577,0.0004,0.0000,0.0000,0.0000,0.0000,0.0000,0.0003,0.0005,0.0000,0.0000,0.0000,0.0000,0.0000,0.0001,0.0003,0.0001,0.0000,0.0000,0.0000,0.0000,0.0000,0.0010,0.0000,0.0000,0.0000,0.0000,0.0000,0.0000,0.0000
olympus/pic.0803.jpg,0.0000,0.0000,0.0000,0.0000,0.0000,0.0000,0.0000,0.0000,0.0000,0.0002,0.0083,0.0038,0.0000,0.0000,0.0000,0.0000,0.0000,0.0008,0.9130,0.0334,0.0015,0.0001,0.0000,0.0000,0.0000,0.0001,0.0336,0.0044,0.0003,0.0000,0.0000,0.0000,0.0000,0.0001,0.0002,0.0001,0.0000,0.0000,0.0000,0.0000,0.0001,0.0000,0.0000,0.0000,0.0000,0.0000,0.0000,0.0000,0.0000,0.0000,0.0000,0.0000,0.0000,0.0000,0.0000,0.0000,0.0001,0.0000,0.0000,0.0000,0.0000,0.0000,0.0000,0.0000
olympus/pic.0804.jpg,0.0018,0.0005,0.0012,0.0007,0.0002,0.0001,0.0000,0.0011,0.0006,0.0003,0.0117,0.0017,0.0002,0.0000,0.0000,0.0000,0.0005,0.0023,0.7586,0.0099,0.0001,0.0001,0.0001,0.0000,0.0003,0.0014,0.1226,0.0029,0.0001,0.0000,0.0000,0.0000,0.0005,0.0088,0.0640,0.0005,0.0001,0.0000,0.0000,0.0000,0.0002,0.0013,0.0027,0.0000,0.0000,0.0000,0.0000,0.0000,0.0003,0.0006,0.0000,0.0000,0.0000,0.0000,0.0000,0.0000,0.0022,0.0000,0.0000,0.0000,0.0000,0.0000,0.0000,0.0000
olympus/pic.0805.jpg,0.0042,0.0022,0.0053,0.0013,0.0009,0.0003,0.0000,0.0010,0.0009,0.0021,0.0198,0.0018,0.0003,0.0000,0.0000,0.0000,0.0008,0.0031,0.6792,0.0046,0.0002,0.0001,0.0000,0.0000,0.0007,0.0042,0.1596,0.0038,0.0001,0.0000,0.0000,0.0000,0.0012,0.0078,0.0532,0.0005,0.0002,0.0000,0.0000,0.0000,0.0009,0.0127,0.0183,0.0000,0.0000,0.0000,0.0000,0.0000,0.0009,0.0018,0.0001,0.0000,0.0000,0.0000,0.0000,0.0000,0.0059,0.0000,0.0000,0.0000,0.0000,0.0000,0.0000,0.0000
olympus/pic.0806.jpg,0.0012,0.0006,0.0007,0.0003,0.0003,0.0002,0.0001,0.0048,0.0003,0.0004,0.0061,0.0029,0.0013,0.0004,0.0015,0.0001,0.0002,0.0010,0.4214,0.3168,0.0148,0.0051,0.0003,0.0000,0.0001,0.0003,0.0228,0.1837,0.0108,0.0002,0.0000,0.0000,0.0001,0.0000,0.0002,0.0005,0.0002,0.0000,0.0000,0.0000,0.0000,0.0000,0.0001,0.0000,0.0000,0.0000,0.0000,0.0000,0.0000,0.0000,0.0000,0.0000,0.0000,0.0000,0.0000,0.0000,0.0003,0.0000,0.0000,0.0000,0.0000,0.0000,0.0000,0.0000
olympus/pic.0807.jpg,0.0007,0.0003,0.0004,0.0002,0.0004,0.0002,0.0002,0.0087,0.0002,0.0001,0.0061,0.0041,0.0031,0.0013,0.0018,0.0002,0.0002,0.0008,0.4832,0.3510,0.0326,0.0045,0.0005,0.0000,0.0001,0.0004,0.0235,0.0619,0.0077,0.0002,0.0000,0.0000,0.0001,0.0002,0.0005,0.0018,0.0006,0.0000,0.0000,0.0000,0.0001,0.0001,0.0004,0.0000,0.0000,0.0000,0.0000,0.0000,0.0001,0.0002,0.0001,0.0000,0.0000,0.0000,0.0000,0.0000,0.0013,0.0000,0.0000,0.0000,0.0000,0.0000,0.0000,0.0000
olympus/pic.0808.jpg,0.0012,0.0006,0.0008,0.0003,0.0002,0.0001,0.0000,0.0010,0.0002,0.0005,0.0180,0.0017,0.0002,0.0001,0.0001,0.0000,0.0003,0.0014,0.8593,0.0705,0.0012,0.0004,0.0001,0.0000,0.0001,0.0004,0.0040,0.0356,0.0009,0.0000,0.0000,0.0000,0.0002,0.0001,0.0001,0.0001,0.0001,0.0000,0.0000,0.0000,0.0000,0.0000,0.0000,0.0000,0.0000,0.0000,0.0000,0.0000,0.0000,0.0000,0.0000,0.0000,0.0000,0.0000,0.0000,0.0000,0.0002,0.0000,0.0000,0.0000,0.0000,0.0000,0.0000,0.0000
olympus/pic.0809.jpg,0.0020,0.0019,0.0022,0.0007,0.0005,0.0002,0.0001,0.0030,0.0003,0.0009,0.0252,0.0037,0.0004,0.0001,0.0002,0.0000,0.0002,0.0013,0.5198,0.3638,0.0012,0.0005,0.0001,0.0000,0.0001,0.0009,0.0121,0.0545,0.0013,0.0000,0.0000,0.0000,0.0001,0.0003,0.0003,0.0004,0.0001,0.0000,0.0000,0.0000,0.0001,0.0001,0.0002,0.0000,0.0000,0.0000,0.0000,0.0000,0.0001,0.0001,0.0001,0.0000,0.0000,0.0000,0.0000,0.0000,0.0009,0.0000,0.0000,0.0000,0.0000,0.0000,0.0000,0.0000
olympus/pic.0810.jpg,0.0021,0.0014,0.0017,0.0004,0.0007,0.0003,0.0001,0.0160,0.0004,0.0002,0.0054,0.0035,0.0016,0.0008,0.0016,0.0003,0.0002,0.0014,0.3656,0.4537,0.0150,0.0047,0.0007,0.0000,0.0004,0.0019,0.0431,0.0459,0.0129,0.0003,0.0000,0.0000,0.0004,0.0018,0.0031,0.0032,0.0009,0.0000,0.0000,0.0000,0.0003,0.0005,0.0015,0.0001,0.0000,0.0000,0.0000,0.0000,0.0003,0.0008,0.0004,0.0000,0.0000,0.0000,0.0000,0.0000,0.0043,0.0000,0.0000,0.0000,0.0000,0.0000,0.0000,0.0000
olympus/pic.0811.jpg,0.0028,0.0016,0.0030,0.0032,0.0030,0.0021,0.0011,0.0159,0.0004,0.0005,0.0250,0.0570,0.0193,0.0024,0.0028,0.0002,0.0002,0.0012,0.4170,0.3719,0.0303,0.0053,0.0005,0.0000,0.0002,0.0005,0.0148,0.0097,0.0048,0.0001,0.0000,0.0000,0.0002,0.0004,0.0006,0.0004,0.0002,0.0000,0.0000,0.0000,0.0001,0.0002,0.0002,0.0000,0.0000,0.0000,0.0000,0.0000,0.0001,0.0001,0.0000,0.0000,0.0000,0.0000,0.0000,0.0000,0.0009,0.0000,0.0000,0.0000,0.0000,0.0000,0.0000,0.0000
olympus/pic.0812.jpg,0.0028,0.0009,0.0013,0.0024,0.0016,0.0008,0.0003,0.0069,0.0002,0.0005,0.0118,0.0186,0.0030,0.0001,0.0005,0.0000,0.0002,0.0008,0.5014,0.2394,0.0132,0.0025,0.0008,0.0000,0.0001,0.0002,0.0057,0.1570,0.0224,0.0005,0.0000,0.0000,0.0001,0.0001,0.0002,0.0010,0.0010,0.0000,0.0000,0.0000,0.0001,0.0000,0.0003,0.0000,0.0000,0.0000,0.0000,0.0000,0.0000,0.0001,0.0001,0.0000,0.0000,0.0000,0.0000,0.0000,0.0011,0.0000,0.0000,0.0000,0.0000,0.0000,0.0000,0.0000
olympus/pic.0813.jpg,0.0001,0.0001,0.0001,0.0002,0.0005,0.0003,0.0002,0.0018,0.0001,0.0000,0.0024,0.0125,0.0017,0.0003,0.0003,0.0000,0.0000,0.0002,0.7401,0.2170,0.0018,0.0003,0.0001,0.0000,0.0000,0.0003,0.0150,0.0031,0.0005,0.0000,0.0000,0.0000,0.0000,0.0000,0.0001,0.0001,0.0001,0.0000,0.0000,0.0000,0.0000,0.0000,0.0001,0.0000,0.0000,0.0000,0.0000,0.0000,0.0000,0.0000,0.0000,0.0000,0.0000,0.0000,0.0000,0.0000,0.0003,0.0000,0.0000,0.0000,0.0000,0.0000,0.0000,0.0000
olympus/pic.0814.jpg,0.0009,0.0004,0.0004,0.0002,0.0003,0.0002,0.0001,0.0066,0.0002,0.0005,0.0050,0.0015,0.0006,0.0002,0.0008,0.0001,0.0001,0.0008,0.6885,0.1106,0.0036,0.0019,0.0003,0.0000,0.0001,0.0005,0.0535,0.1059,0.0067,0.0002,0.0000,0.0000,0.0001,0.0004,0.0010,0.0031,0.0007,0.0000,0.0000,0.0000,0.0001,0.0001,0.0008,0.0001,0.0000,0.0000,0.0000,0.0000,0.0001,0.0004,0.0003,0.0000,0.0000,0.0000,0.0000,0.0000,0.0021,0.0000,0.0000,0.0000,0.0000,0.0000,0.0000,0.0000
olympus/pic.0815.jpg,0.0015,0.0006,0.0007,0.0002,0.0001,0.0001,0.0000,0.0004,0.0009,0.0008,0.0136,0.0023,0.0001,0.0000,0.0000,0.0000,0.0008,0.0031,0.7485,0.0151,0.0001,0.0000,0.0000,0.0000,0.0007,0.0029,0.2042,0.0001,0.0000,0.0000,0.0000,0.0000,0.0004,0.0004,0.0007,0.0000,0.0000,0.0000,0.0000,0.0000,0.0002,0.0001,0.0001,0.0000,0.0000,0.0000,0.0000,0.0000,0.0003,0.0000,0.0000,0.0000,0.0000,0.0000,0.0000,0.0000,0.0007,0.0000,0.0000,0.0000,0.0000,0.0000,0.0000,0.0000
olympus/pic.0816.jpg,0.0019,0.0012,0.0013,0.0006,0.0004,0.0003,0.0002,0.0123,0.0002,0.0004,0.0442,0.0012,0.0026,0.0006,0.0017,0.0000,0.0003,0.0016,0.4523,0.3614,0.0304,0.0057,0.0007,0.0000,0.0004,0.0019,0.0222,0.0356,0.0105,0.0005,0.0000,0.0000,0.0003,0.0007,0.0007,0.0015,0.0015,0.0000,0.0000,0.0000,0.0002,0.0001,0.0005,0.0000,0.0000,0.0000,0.0000,0.0000,0.0001,0.0002,0.0001,0.0000,0.0000,0.0000,0.0000,0.0000,0.0017,0.0000,0.0000,0.0000,0.0000,0.0000,0.0000,0.0000
olympus/pic.0817.jpg,0.0042,0.0038,0.0114,0.0073,0.0047,0.0016,0.0008,0.0085,0.0006,0.0018,0.1235,0.0586,0.0056,0.0012,0.0009,0.0000,0.0006,0.0021,0.6404,0.0936,0.0049,0.0010,0.0001,0.0000,0.0009,0.0037,0.0124,0.0019,0.0007,0.0000,0.0000,0.0000,0.0009,0.0003,0.0003,0.0002,0.0001,0.0000,0.0000,0.0000,0.0003,0.0001,0.0001,0.0000,0.0000,0.0000,0.0000,0.0000,0.0001,0.0001,0.0000,0.0000,0.0000,0.0000,0.0000,0.0000,0.0010,0.0000,0.0000,0.0000,0.0000,0.0000,0.0000,0.0000
olympus/pic.0818.jpg,0.0006,0.0002,0.0001,0.0001,0.0002,0.0002,0.0003,0.0106,0.0001,0.0001,0.0008,0.0010,0.0022,0.0016,0.0026,0.0001,0.0001,0.0002,0.7454,0.2047,0.0150,0.0032,0.0002,0.0000,0.0001,0.0002,0.0083,0.0004,0.0004,0.0000,0.0000,0.0000,0.0001,0.0003,0.0000,0.0000,0.0000,0.0000,0.0000,0.0000,0.0001,0.0001,0.0000,0.0000,0.0000,0.0000,0.0000,0.0000,0.0002,0.0000,0.0000,0.0000,0.0000,0.0000,0.0000,0.0000,0.0001,0.0000,0.0000,0.0000,0.0000,0.0000,0.0000,0.0000
olympus/pic.0819.jpg,0.0019,0.0003,0.0004,0.0003,0.0003,0.0002,0.0001,0.0091,0.0005,0.0004,0.0027,0.0035,0.0008,0.0004,0.0023,0.0002,0.0002,0.0011,0.6534,0.2448,0.0137,0.0053,0.0007,0.0000,0.0002,0.0007,0.0281,0.0148,0.0063,0.0003,0.0000,0.0000,0.0002,0.0019,0.0011,0.0009,0.0005,0.0000,0.0000,0.0000,0.0002,0.0003,0.0003,0.0000,0.0000,0.0000,0.0000,0.0000,0.0001,0.0002,0.0001,0.0000,0.0000,0.0000,0.0000,0.0000,0.0015,0.0000,0.0000,0.0000,0.0000,0.0000,0.0000,0.0000
olympus/pic.0820.jpg,0.0028,0.0004,0.0004,0.0002,0.0003,0.0003,0.0001,0.0030,0.0005,0.0007,0.0020,0.0019,0.0013,0.0003,0.0005,0.0000,0.0006,0.0015,0.5700,0.2632,0.0185,0.0022,0.0001,0.0000,0.0004,0.0010,0.0331,0.0822,0.0085,0.0001,0.0000,0.0000,0.0004,0.0001,0.0003,0.0010,0.0004,0.0000,0.0000,0.0000,0.0002,0.0000,0.0003,0.0000,0.0000,0.0000,0.0000,0.0000,0.0001,0.0001,0.0001,0.0000,0.0000,0.0000,0.0000,0.0000,0.0008,0.0000,0.0000,0.0000,0.0000,0.0000,0.0000,0.0000
olympus/pic.0821.jpg,0.0046,0.0015,0.0011,0.0003,0.0003,0.0003,0.0003,0.0094,0.0008,0.0060,0.0110,0.0037,0.0017,0.0010,0.0027,0.0002,0.0003,0.0020,0.5168,0.3889,0.0237,0.0048,0.0004,0.0000,0.0001,0.0001,0.0066,0.0078,0.0024,0.0001,0.0000,0.0000,0.0000,0.0001,0.0003,0.0003,0.0001,0.0000,0.0000,0.0000,0.0000,0.0000,0.0001,0.0000,0.0000,0.0000,0.0000,0.0000,0.0000,0.0001,0.0000,0.0000,0.0000,0.0000,0.0000,0.0000,0.0004,0.0000,0.0000,0.0000,0.0000,0.0000,0.0000,0.0000
olympus/pic.0822.jpg,0.0147,0.0035,0.0039,0.0011,0.0009,0.0010,0.0001,0.0036,0.0024,0.0037,0.0181,0.0070,0.0033,0.0005,0.0001,0.0000,0.0026,0.0082,0.6193,0.1213,0.0499,0.0022,0.0014,0.0000,0.0017,0.0041,0.0126,0.0623,0.0315,0.0009,0.0000,0.0000,0.0011,0.0013,0.0004,0.0011,0.0092,0.0000,0.0000,0.0000,0.0011,0.0001,0.0002,0.0000,0.0000,0.0000,0.0000,0.0000,0.0002,0.0001,0.0000,0.0000,0.0000,0.0000,0.0000,0.0000,0.0030,0.0000,0.0000,0.0000,0.0000,0.0000,0.0000,0.0000
olympus/pic.0823.jpg,0.0001,0.0000,0.0001,0.0001,0.0004,0.0011,0.0018,0.0237,0.0000,0.0000,0.0002,0.0069,0.0188,0.0087,0.0059,0.0001,0.0000,0.0000,0.1686,0.7055,0.0493,0.0051,0.0002,0.0000,0.0000,0.0000,0.0011,0.0012,0.0007,0.0000,0.0000,0.0000,0.0000,0.0000,0.0000,0.0001,0.0000,0.0000,0.0000,0.0000,0.0000,0.0000,0.0000,0.0000,0.0000,0.0000,0.0000,0.0000,0.0000,0.0000,0.0000,0.0000,0.0000,0.0000,0.0000,0.0000,0.0001,0.0000,0.0000,0.0000,0.0000,0.0000,0.0000,0.0000
olympus/pic.0824.jpg,0.0000,0.0000,0.0000,0.0000,0.0000,0.0001,0.0002,0.0029,0.0000,0.0000,0.0000,0.0017,0.0052,0.0021,0.0022,0.0001,0.0000,0.0000,0.2437,0.5482,0.1087,0.0073,0.0003,0.0000,0.0000,0.0001,0.0330,0.0339,0.0044,0.0001,0.0000,0.0000,0.0000,0.0001,0.0041,0.0009,0.0001,0.0000,0.0000,0.0000,0.0000,0.0000,0.0003,0.0000,0.0000,0.0000,0.0000,0.0000,0.0000,0.0000,0.0000,0.0000,0.0000,0.0000,0.0000,0.0000,0.0001,0.0000,0.0000,0.0000,0.0000,0.0000,0.0000,0.0000
olympus/pic.0825.jpg,0.0004,0.0001,0.0003,0.0001,0.0002,0.0009,0.0004,0.0155,0.0001,0.0000,0.2348,0.0021,0.0025,0.0005,0.0022,0.0001,0.0000,0.0002,0.4725,0.1126,0.0284,0.0135,0.0053,0.0000,0.0000,0.0001,0.0046,0.0591,0.0303,0.0059,0.0000,0.0000,0.0000,0.0002,0.0002,0.0021,0.0030,0.0000,0.0000,0.0000,0.0001,0.0000,0.0004,0.0000,0.0000,0.0000,0.0000,0.0000,0.0000,0.0001,0.0000,0.0000,0.0000,0.0000,0.0000,0.0000,0.0012,0.0000,0.0000,0.0000,0.0000,0.0000,0.0000,0.0000
olympus/pic.0826.jpg,0.0030,0.0010,0.0018,0.0004,0.0009,0.0006,0.0002,0.0055,0.0006,0.0010,0.0079,0.0044,0.0008,0.0002,0.0002,0.0000,0.0006,0.0170,0.8399,0.0205,0.0010,0.0004,0.0000,0.0000,0.0009,0.0083,0.0479,0.0029,0.0015,0.0000,0.0000,0.0000,0.0013,0.0041,0.0027,0.0003,0.0002,0.0000,0.0000,0.0000,0.0011,0.0003,0.0014,0.0000,0.0000,0.0000,0.0000,0.0000,0.0018,0.0008,0.0000,0.0000,0.0000,0.0000,0.0000,0.0000,0.0164,0.0000,0.0000,0.0000,0.0000,0.0000,0.0000,0.0000
olympus/pic.0827.jpg,0.0005,0.0001,0.0000,0.0000,0.0000,0.0001,0.0000,0.0004,0.0003,0.0001,0.0001,0.0001,0.0000,0.0000,0.0000,0.0000,0.0004,0.0007,0.2735,0.0006,0.0000,0.0000,0.0000,0.0000,0.0008,0.0051,0.3376,0.0521,0.0001,0.0000,0.0000,0.0000,0.0013,0.0244,0.2401,0.0014,0.0001,0.0000,0.0000,0.0000,0.0068,0.0142,0.0158,0.0000,0.0000,0.0000,0.0000,0.0000,0.0058,0.0047,0.0002,0.0000,0.0000,0.0000,0.0000,0.0000,0.0123,0.0001,0.0000,0.0000,0.0000,0.0000,0.0000,0.0000
olympus/pic.0828.jpg,0.0033,0.0014,0.0012,0.0006,0.0018,0.0015,0.0008,0.0035,0.0007,0.0021,0.0121,0.0194,0.0054,0.0006,0.0003,0.0000,0.0004,0.0038,0.7691,0.1118,0.0020,0.0006,0.0001,0.0000,0.0003,0.0013,0.0332,0.0127,0.0017,0.0000,0.0000,0.0000,0.0002,0.0018,0.0020,0.0010,0.0002,0.0000,0.0000,0.0000,0.0003,0.0006,0.0005,0.0000,0.0000,0.0000,0.0000,0.0000,0.0003,0.0002,0.0000,0.0000,0.0000,0.0000,0.0000,0.0000,0.0011,0.0000,0.0000,0.0000,0.0000,0.0000,0.0000,0.0000
olympus/pic.0829.jpg,0.0026,0.0012,0.0011,0.0024,0.0017,0.0004,0.0005,0.0081,0.0007,0.0005,0.0064,0.0087,0.0050,0.0018,0.0023,0.0002,0.0003,0.0023,0.6138,0.1729,0.0190,0.0044,0.0004,0.0000,0.0003,0.0007,0.1023,0.0215,0.0047,0.0001,0.0000,0.0000,0.0002,0.0011,0.0039,0.0026,0.0004,0.0000,0.0000,0.0000,0.0001,0.0007,0.0015,0.0000,0.0000,0.0000,0.0000,0.0000,0.0001,0.0007,0.0002,0.0000,0.0000,0.0000,0.0000,0.0000,0.0021,0.0000,0.0000,0.0000,0.0000,0.0000,0.0000,0.0000
olympus/pic.0830.jpg,0.0000,0.0000,0.0000,0.0000,0.0000,0.0000,0.0000,0.0031,0.0000,0.0000,0.0001,0.0000,0.0004,0.0004,0.0017,0.0001,0.0000,0.0000,0.8148,0.0705,0.0182,0.0041,0.0003,0.0000,0.0000,0.0001,0.0582,0.0177,0.0025,0.0001,0.0000,0.0000,0.0001,0.0003,0.0012,0.0010,0.0002,0.0000,0.0000,0.0000,0.0001,0.0003,0.0008,0.0000,0.0000,0.0000,0.0000,0.0000,0.0001,0.0004,0.0001,0.0000,0.0000,0.0000,0.0000,0.0000,0.0031,0.0000,0.0000,0.0000,0.0000,0.0000,0.0000,0.0000
olympus/pic.0831.jpg,0.0053,0.0053,0.0027,0.0002,0.0001,0.0000,0.0000,0.0012,0.0005,0.0001,0.0070,0.0003,0.0001,0.0001,0.0006,0.0000,0.0001,0.0008,0.5518,0.3329,0.0179,0.0020,0.0000,0.0000,0.0000,0.0003,0.0582,0.0095,0.0014,0.0000,0.0000,0.0000,0.0000,0.0002,0.0002,0.0002,0.0000,0.0000,0.0000,0.0000,0.0000,0.0000,0.0001,0.0000,0.0000,0.0000,0.0000,0.0000,0.0000,0.0000,0.0000,0.0000,0.0000,0.0000,0.0000,0.0000,0.0003,0.0000,0.0000,0.0000,0.0000,0.0000,0.0000,0.0000
olympus/pic.0832.jpg,0.0002,0.0001,0.0002,0.0003,0.0008,0.0006,0.0004,0.0020,0.0000,0.0001,0.0195,0.0074,0.0027,0.0004,0.0002,0.0000,0.0000,0.0002,0.5732,0.3675,0.0100,0.0002,0.0000,0.0000,0.0000,0.0005,0.0067,0.0010,0.0001,0.0000,0.0000,0.0000,0.0000,0.0021,0.0021,0.0001,0.0000,0.0000,0.0000,0.0000,0.0000,0.0010,0.0000,0.0000,0.0000,0.0000,0.0000,0.0000,0.0000,0.0000,0.0000,0.0000,0.0000,0.0000,0.0000,0.0000,0.0002,0.0000,0.0000,0.0000,0.0000,0.0000,0.0000,0.0000
olympus/pic.0833.jpg,0.0034,0.0021,0.0021,0.0003,0.0001,0.0000,0.0000,0.0004,0.0017,0.0037,0.0461,0.0011,0.0001,0.0000,0.0000,0.0000,0.0016,0.0056,0.6959,0.0014,0.0001,0.0000,0.0000,0.0000,0.0016,0.0038,0.1361,0.0142,0.0001,0.0000,0.0000,0.0000,0.0013,0.0036,0.0530,0.0008,0.0001,0.0000,0.0000,0.0000,0.0023,0.0062,0.0013,0.0000,0.0000,0.0000,0.0000,0.0000,0.0078,0.0008,0.0000,0.0000,0.0000,0.0000,0.0000,0.0000,0.0014,0.0000,0.0000,0.0000,0.0000,0.0000,0.0000,0.0000
olympus/pic.0834.jpg,0.0014,0.0025,0.0052,0.0003,0.0001,0.0001,0.0000,0.0003,0.0004,0.0039,0.0156,0.0009,0.0001,0.0000,0.0000,0.0000,0.0006,0.0023,0.7128,0.0027,0.0001,0.0000,0.0000,0.0000,0.0006,0.0134,0.0972,0.0026,0.0002,0.0000,0.0000,0.0000,0.0158,0.0331,0.0162,0.0023,0.0001,0.0000,0.0000,0.0000,0.0165,0.0280,0.0053,0.0000,0.0000,0.0000,0.0000,0.0000,0.0022,0.0128,0.0001,0.0000,0.0000,0.0000,0.0000,0.0000,0.0040,0.0000,0.0000,0.0000,0.0000,0.0000,0.0000,0.0000
olympus/pic.0835.jpg,0.0000,0.0003,0.0009,0.0000,0.0000,0.0000,0.0000,0.0000,0.0000,0.0053,0.0204,0.0002,0.0000,0.0000,0.0000,0.0000,0.0000,0.0010,0.6007,0.0003,0.0000,0.0000,0.0000,0.0000,0.0000,0.0226,0.2243,0.0026,0.0000,0.0000,0.0000,0.0000,0.0167,0.0254,0.0258,0.0003,0.0000,0.0000,0.0000,0.0000,0.0100,0.0324,0.0070,0.0000,0.0000,0.0000,0.0000,0.0000,0.0009,0.0025,0.0000,0.0000,0.0000,0.0000,0.0000,0.0000,0.0004,0.0000,0.0000,0.0000,0.0000,0.0000,0.0000,0.0000
olympus/pic.0836.jpg,0.0002,0.0000,0.0000,0.0001,0.0001,0.0000,0.0000,0.0002,0.0001,0.0000,0.0003,0.0178,0.0000,0.0000,0.0000,0.0000,0.0001,0.0004,0.4699,0.0047,0.0000,0.0000,0.0000,0.0000,0.0001,0.0037,0.1410,0.0003,0.0000,0.0000,0.0000,0.0000,0.0003,0.0789,0.2613,0.0001,0.0000,0.0000,0.0000,0.0000,0.0010,0.0117,0.0027,0.0000,0.0000,0.0000,0.0000,0.0000,0.0007,0.0014,0.0000,0.0000,0.0000,0.0000,0.0000,0.0000,0.0027,0.0000,0.0000,0.0000,0.0000,0.0000,0.0000,0.0000
olympus/pic.0837.jpg,0.0000,0.0016,0.0004,0.0000,0.0000,0.0000,0.0000,0.0000,0.0000,0.0921,0.2297,0.0000,0.0000,0.0000,0.0000,0.0000,0.0000,0.0149,0.4185,0.0000,0.0000,0.0000,0.0000,0.0000,0.0000,0.0064,0.2235,0.0000,0.0000,0.0000,0.0000,0.0000,0.0001,0.0047,0.0042,0.0000,0.0000,0.0000,0.0000,0.0000,0.0026,0.0012,0.0000,0.0000,0.0000,0.0000,0.0000,0.0000,0.0000,0.0000,0.0000,0.0000,0.0000,0.0000,0.0000,0.0000,0.0000,0.0000,0.0000,0.0000,0.0000,0.0000,0.0000,0.0000
olympus/pic.0838.jpg,0.0000,0.0000,0.0000,0.0000,0.0000,0.0000,0.0000,0.0000,0.0000,0.0000,0.0002,0.0001,0.0000,0.0000,0.0000,0.0000,0.0000,0.0000,0.8433,0.0019,0.0000,0.0000,0.0000,0.0000,0.0000,0.0017,0.1039,0.0016,0.0000,0.0000,0.0000,0.0000,0.0000,0.0104,0.0011,0.0002,0.0000,0.0000,0.0000,0.0000,0.0015,0.0100,0.0001,0.0000,0.0000,0.0000,0.0000,0.0000,0.0198,0.0004,0.0000,0.0000,0.0000,0.0000,0.0000,0.0000,0.0035,0.0000,0.0000,0.0000,0.0000,0.0000,0.0000,0.0000
olympus/pic.0839.jpg,0.0003,0.0002,0.0006,0.0044,0.0008,0.0000,0.0000,0.0000,0.0001,0.0001,0.0742,0.1699,0.0001,0.0000,0.0000,0.0000,0.0000,0.0001,0.4764,0.0493,0.0000,0.0000,0.0000,0.0000,0.0000,0.0030,0.0472,0.0001,0.0000,0.0000,0.0000,0.0000,0.0000,0.0219,0.0029,0.0000,0.0000,0.0000,0.0000,0.0000,0.0241,0.0608,0.0001,0.0000,0.0000,0.0000,0.0000,0.0000,0.0622,0.0010,0.0000,0.0000,0.0000,0.0000,0.0000,0.0000,0.0001,0.0000,0.0000,0.0000,0.0000,0.0000,0.0000,0.0000
olympus/pic.0840.jpg,0.0052,0.0054,0.0045,0.0008,0.0002,0.0001,0.0000,0.0002,0.0017,0.0051,0.0460,0.0013,0.0001,0.0000,0.0000,0.0000,0.0010,0.0053,0.4900,0.0007,0.0000,0.0000,0.0000,0.0000,0.0007,0.0046,0.2732,0.0005,0.0000,0.0000,0.0000,0.0000,0.0011,0.0318,0.0617,0.0004,0.0001,0.0000,0.0000,0.0000,0.0044,0.0314,0.0067,0.0000,0.0000,0.0000,0.0000,0.0000,0.0085,0.0014,0.0001,0.0000,0.0000,0.0000,0.0000,0.0000,0.0055,0.0000,0.0000,0.0000,0.0000,0.0000,0.0000,0.0000
olympus/pic.0841.jpg,0.0236,0.0103,0.0103,0.0012,0.0005,0.0007,0.0000,0.0010,0.0024,0.0095,0.1957,0.0018,0.0002,0.0000,0.0000,0.0000,0.0013,0.0042,0.3738,0.0007,0.0000,0.0000,0.0000,0.0000,0.0012,0.0074,0.2594,0.0007,0.0001,0.0000,0.0000,0.0000,0.0084,0.0359,0.0126,0.0003,0.0001,0.0000,0.0000,0.0000,0.0149,0.0124,0.0010,0.0000,0.0000,0.0000,0.0000,0.0000,0.0035,0.0010,0.0001,0.0000,0.0000,0.0000,0.0000,0.0000,0.0039,0.0000,0.0000,0.0000,0.0000,0.0000,0.0000,0.0000
olympus/pic.0842.jpg,0.0003,0.0001,0.0001,0.0001,0.0000,0.0000,0.0000,0.0000,0.0001,0.0002,0.0024,0.0003,0.0000,0.0000,0.0000,0.0000,0.0003,0.0028,0.6105,0.0006,0.0000,0.0000,0.0000,0.0000,0.0003,0.0316,0.2021,0.0006,0.0000,0.0000,0.0000,0.0000,0.0004,0.0741,0.0515,0.0001,0.0000,0.0000,0.0000,0.0000,0.0003,0.0181,0.0012,0.0000,0.0000,0.0000,0.0000,0.0000,0.0004,0.0010,0.0000,0.0000,0.0000,0.0000,0.0000,0.0000,0.0004,0.0000,0.0000,0.0000,0.0000,0.0000,0.0000,0.0000
olympus/pic.0843.jpg,0.0000,0.0000,0.0000,0.0000,0.0000,0.0000,0.0000,0.0000,0.0000,0.0000,0.0000,0.0000,0.0000,0.0000,0.0000,0.0000,0.0000,0.0000,0.7220,0.0014,0.0000,0.0000,0.0000,0.0000,0.0000,0.0339,0.1905,0.0011,0.0000,0.0000,0.0000,0.0000,0.0002,0.0384,0.0034,0.0002,0.0000,0.0000,0.0000,0.0000,0.0008,0.0020,0.0005,0.0000,0.0000,0.0000,0.0000,0.0000,0.0050,0.0003,0.0001,0.0000,0.0000,0.0000,0.0000,0.0000,0.0000,0.0000,0.0000,0.0000,0.0000,0.0000,0.0000,0.0000
olympus/pic.0844.jpg,0.0202,0.0028,0.0012,0.0000,0.0001,0.0001,0.0000,0.0005,0.0029,0.0021,0.0039,0.0003,0.0000,0.0000,0.0000,0.0000,0.0001,0.0073,0.9562,0.0009,0.0000,0.0000,0.0000,0.0000,0.0000,0.0001,0.0005,0.0003,0.0001,0.0000,0.0000,0.0000,0.0000,0.0000,0.0000,0.0000,0.0000,0.0000,0.0000,0.0000,0.0000,0.0000,0.0000,0.0000,0.0000,0.0000,0.0000,0.0000,0.0000,0.0000,0.0000,0.0000,0.0000,0.0000,0.0000,0.0000,0.0001,0.0000,0.0000,0.0000,0.0000,0.0000,0.0000,0.0000
olympus/pic.0845.jpg,0.0007,0.0001,0.0003,0.0001,0.0000,0.0000,0.0000,0.0002,0.0002,0.0003,0.0578,0.0012,0.0000,0.0000,0.0000,0.0000,0.0003,0.0009,0.7533,0.0023,0.0000,0.0001,0.0000,0.0000,0.0002,0.0017,0.0429,0.0003,0.0001,0.0000,0.0000,0.0000,0.0002,0.0026,0.0037,0.0016,0.0002,0.0000,0.0000,0.0000,0.0009,0.0211,0.0127,0.0000,0.0000,0.0000,0.0000,0.0000,0.0031,0.0738,0.0018,0.0000,0.0000,0.0000,0.0000,0.0000,0.0149,0.0000,0.0000,0.0000,0.0000,0.0000,0.0000,0.0000
olympus/pic.0846.jpg,0.0000,0.0000,0.0001,0.0000,0.0000,0.0000,0.0000,0.0000,0.0000,0.0000,0.0056,0.0012,0.0000,0.0000,0.0000,0.0000,0.0000,0.0034,0.6859,0.0053,0.0000,0.0000,0.0000,0.0000,0.0001,0.0026,0.2199,0.0016,0.0000,0.0000,0.0000,0.0000,0.0001,0.0070,0.0595,0.0001,0.0000,0.0000,0.0000,0.0000,0.0001,0.0035,0.0038,0.0000,0.0000,0.0000,0.0000,0.0000,0.0002,0.0001,0.0000,0.0000,0.0000,0.0000,0.0000,0.0000,0.0000,0.0000,0.0000,0.0000,0.0000,0.0000,0.0000,0.0000
olympus/pic.0847.jpg,0.0020,0.0007,0.0005,0.0001,0.0000,0.0000,0.0000,0.0000,0.0010,0.0030,0.0142,0.0002,0.0000,0.0000,0.0000,0.0000,0.0007,0.0077,0.6521,0.0020,0.0000,0.0000,0.0000,0.0000,0.0006,0.0025,0.2939,0.0079,0.0001,0.0000,0.0000,0.0000,0.0002,0.0017,0.0061,0.0005,0.0001,0.0000,0.0000,0.0000,0.0001,0.0003,0.0007,0.0000,0.0000,0.0000,0.0000,0.0000,0.0001,0.0003,0.0000,0.0000,0.0000,0.0000,0.0000,0.0000,0.0006,0.0000,0.0000,0.0000,0.0000,0.0000,0.0000,0.0000
olympus/pic.0848.jpg,0.0013,0.0004,0.0003,0.0000,0.0000,0.0000,0.0000,0.0001,0.0004,0.0005,0.0064,0.0000,0.0000,0.0000,0.0000,0.0000,0.0003,0.0015,0.9688,0.0048,0.0000,0.0000,0.0000,0.0000,0.0001,0.0008,0.0102,0.0002,0.0000,0.0000,0.0000,0.0000,0.0003,0.0009,0.0000,0.0000,0.0000,0.0000,0.0000,0.0000,0.0015,0.0004,0.0000,0.0000,0.0000,0.0000,0.0000,0.0000,0.0004,0.0000,0.0000,0.0000,0.0000,0.0000,0.0000,0.0000,0.0002,0.0000,0.0000,0.0000,0.0000,0.0000,0.0000,0.0000
olympus/pic.0849.jpg,0.0001,0.0000,0.0000,0.0000,0.0000,0.0000,0.0000,0.0003,0.0000,0.0000,0.0007,0.0000,0.0001,0.0000,0.0001,0.0000,0.0000,0.0002,0.5803,0.0061,0.0007,0.0002,0.0000,0.0000,0.0000,0.0014,0.3282,0.0045,0.0003,0.0000,0.0000,0.0000,0.0001,0.0076,0.0469,0.0015,0.0001,0.0000,0.0000,0.0000,0.0001,0.0083,0.0044,0.0000,0.0000,0.0000,0.0000,0.0000,0.0003,0.0026,0.0002,0.0000,0.0000,0.0000,0.0000,0.0000,0.0046,0.0000,0.0000,0.0000,0.0000,0.0000,0.0000,0.0000
olympus/pic.0850.jpg,0.0001,0.0000,0.0000,0.0000,0.0000,0.0000,0.0000,0.0000,0.0001,0.0000,0.0005,0.0006,0.0000,0.0000,0.0000,0.0000,0.0001,0.0002,0.7861,0.0182,0.0000,0.0000,0.0000,0.0000,0.0000,0.0003,0.1848,0.0057,0.0000,0.0000,0.0000,0.0000,0.0001,0.0002,0.0014,0.0005,0.0000,0.0000,0.0000,0.0000,0.0001,0.0001,0.0001,0.0000,0.0000,0.0000,0.0000,0.0000,0.0000,0.0001,0.0000,0.0000,0.0000,0.0000,0.0000,0.0000,0.0005,0.0000,0.0000,0.0000,0.0000,0.0000,0.0000,0.0000
olympus/pic.0851.jpg,0.0001,0.0000,0.0000,0.0000,0.0000,0.0000,0.0000,0.0005,0.0000,0.0000,0.0000,0.0000,0.0000,0.0000,0.0000,0.0000,0.0000,0.0001,0.9881,0.0010,0.0000,0.0001,0.0000,0.0000,0.0000,0.0001,0.0045,0.0024,0.0003,0.0000,0.0000,0.0000,0.0000,0.0001,0.0002,0.0004,0.0001,0.0000,0.0000,0.0000,0.0000,0.0000,0.0001,0.0000,0.0000,0.0000,0.0000,0.0000,0.0000,0.0001,0.0001,0.0000,0.0000,0.0000,0.0000,0.0000,0.0011,0.0000,0.0000,0.0000,0.0000,0.0000,0.0000,0.0000
olympus/pic.0852.jpg,0.0084,0.0013,0.0039,0.0052,0.0058,0.0038,0.0020,0.0297,0.0016,0.0020,0.0285,0.0341,0.0120,0.0038,0.0070,0.0002,0.0021,0.0298,0.4836,0.0891,0.0338,0.0311,0.0053,0.0000,0.0020,0.0092,0.0713,0.0251,0.0166,0.0013,0.0000,0.0000,0.0021,0.0049,0.0089,0.0052,0.0070,0.0000,0.0000,0.0000,0.0022,0.0021,0.0033,0.0000,0.0000,0.0000,0.0000,0.0000,0.0011,0.0017,0.0004,0.0000,0.0000,0.0000,0.0000,0.0000,0.0112,0.0000,0.0000,0.0000,0.0000,0.0000,0.0000,0.0000
olympus/pic.0853.jpg,0.0037,0.0014,0.0020,0.0011,0.0021,0.0009,0.0004,0.0086,0.0010,0.0008,0.0152,0.0162,0.0044,0.0009,0.0013,0.0001,0.0012,0.0115,0.5544,0.1067,0.0274,0.0047,0.0004,0.0000,0.0012,0.0062,0.1525,0.0294,0.0173,0.0001,0.0000,0.0000,0.0010,0.0028,0.0090,0.0015,0.0004,0.0000,0.0000,0.0000,0.0004,0.0010,0.0014,0.0000,0.0000,0.0000,0.0000,0.0000,0.0006,0.0011,0.0002,0.0000,0.0000,0.0000,0.0000,0.0000,0.0074,0.0000,0.0000,0.0000,0.0000,0.0000,0.0000,0.0000
olympus/pic.0854.jpg,0.0011,0.0009,0.0010,0.0011,0.0010,0.0007,0.0004,0.0038,0.0002,0.0004,0.0127,0.0150,0.0014,0.0003,0.0003,0.0000,0.0001,0.0007,0.8124,0.1365,0.0023,0.0006,0.0001,0.0000,0.0000,0.0001,0.0017,0.0036,0.0011,0.0000,0.0000,0.0000,0.0000,0.0000,0.0001,0.0001,0.0001,0.0000,0.0000,0.0000,0.0000,0.0000,0.0000,0.0000,0.0000,0.0000,0.0000,0.0000,0.0000,0.0000,0.0000,0.0000,0.0000,0.0000,0.0000,0.0000,0.0003,0.0000,0.0000,0.0000,0.0000,0.0000,0.0000,0.0000
olympus/pic.0855.jpg,0.0018,0.0008,0.0010,0.0009,0.0013,0.0007,0.0006,0.0114,0.0003,0.0004,0.0122,0.0085,0.0033,0.0008,0.0013,0.0001,0.0004,0.0009,0.8270,0.0786,0.0057,0.0022,0.0004,0.0000,0.0003,0.0009,0.0201,0.0057,0.0024,0.0001,0.0000,0.0000,0.0006,0.0006,0.0010,0.0009,0.0006,0.0000,0.0000,0.0000,0.0002,0.0002,0.0007,0.0000,0.0000,0.0000,0.0000,0.0000,0.0003,0.0004,0.0001,0.0000,0.0000,0.0000,0.0000,0.0000,0.0044,0.0000,0.0000,0.0000,0.0000,0.0000,0.0000,0.0000
olympus/pic.0856.jpg,0.0009,0.0005,0.0012,0.0007,0.0003,0.0001,0.0001,0.0040,0.0001,0.0001,0.0899,0.0083,0.0004,0.0001,0.0005,0.0001,0.0002,0.0005,0.3132,0.4250,0.0074,0.0017,0.0002,0.0000,0.0004,0.0015,0.0289,0.0774,0.0196,0.0001,0.0000,0.0000,0.0005,0.0010,0.0019,0.0017,0.0006,0.0000,0.0000,0.0000,0.0003,0.0005,0.0008,0.0000,0.0000,0.0000,0.0000,0.0000,0.0005,0.0006,0.0004,0.0000,0.0000,0.0000,0.0000,0.0000,0.0075,0.0000,0.0000,0.0000,0.0000,0.0000,0.0000,0.0000
olympus/pic.0857.jpg,0.0064,0.0035,0.0056,0.0009,0.0008,0.0004,0.0001,0.0065,0.0023,0.0009,0.0425,0.0030,0.0004,0.0000,0.0000,0.0000,0.0017,0.0984,0.7351,0.0071,0.0003,0.0003,0.0000,0.0000,0.0017,0.0054,0.0440,0.0021,0.0011,0.0000,0.0000,0.0000,0.0017,0.0031,0.0029,0.0006,0.0003,0.0000,0.0000,0.0000,0.0007,0.0010,0.0008,0.0000,0.0000,0.0000,0.0000,0.0000,0.0013,0.0007,0.0003,0.0000,0.0000,0.0000,0.0000,0.0000,0.0159,0.0000,0.0000,0.0000,0.0000,0.0000,0.0000,0.0000
olympus/pic.0858.jpg,0.0028,0.0008,0.0012,0.0007,0.0005,0.0002,0.0001,0.0017,0.0011,0.0017,0.0128,0.0019,0.0004,0.0000,0.0000,0.0000,0.0023,0.2616,0.5530,0.0066,0.0003,0.0002,0.0001,0.0000,0.0026,0.0130,0.0890,0.0037,0.0005,0.0000,0.0000,0.0000,0.0024,0.0068,0.0074,0.0017,0.0010,0.0000,0.0000,0.0000,0.0016,0.0024,0.0017,0.0000,0.0000,0.0000,0.0000,0.0000,0.0015,0.0017,0.0002,0.0000,0.0000,0.0000,0.0000,0.0000,0.0129,0.0000,0.0000,0.0000,0.0000,0.0000,0.0000,0.0000
olympus/pic.0859.jpg,0.0019,0.0009,0.0013,0.0009,0.0013,0.0010,0.0007,0.0083,0.0002,0.0004,0.0053,0.0104,0.0043,0.0009,0.0009,0.0001,0.0001,0.0005,0.5938,0.2724,0.0068,0.0018,0.0003,0.0000,0.0001,0.0004,0.0396,0.0325,0.0030,0.0001,0.0000,0.0000,0.0001,0.0013,0.0024,0.0015,0.0006,0.0000,0.0000,0.0000,0.0000,0.0007,0.0005,0.0000,0.0000,0.0000,0.0000,0.0000,0.0001,0.0004,0.0001,0.0000,0.0000,0.0000,0.0000,0.0000,0.0018,0.0000,0.0000,0.0000,0.0000,0.0000,0.0000,0.0000
olympus/pic.0860.jpg,0.0005,0.0001,0.0005,0.0001,0.0001,0.0000,0.0000,0.0003,0.0005,0.0005,0.0090,0.0023,0.0002,0.0000,0.0000,0.0000,0.0071,0.2583,0.2844,0.0092,0.0007,0.0001,0.0000,0.0000,0.0897,0.2716,0.0449,0.0021,0.0002,0.0000,0.0000,0.0000,0.0030,0.0049,0.0042,0.0004,0.0001,0.0000,0.0000,0.0000,0.0010,0.0012,0.0006,0.0000,0.0000,0.0000,0.0000,0.0000,0.0005,0.0004,0.0000,0.0000,0.0000,0.0000,0.0000,0.0000,0.0011,0.0000,0.0000,0.0000,0.0000,0.0000,0.0000,0.0000
olympus/pic.0861.jpg,0.0003,0.0000,0.0001,0.0001,0.0001,0.0001,0.0000,0.0004,0.0006,0.0002,0.0050,0.0013,0.0002,0.0000,0.0001,0.0000,0.0081,0.2572,0.3288,0.0097,0.0009,0.0002,0.0000,0.0000,0.0757,0.2215,0.0641,0.0028,0.0004,0.0000,0.0000,0.0000,0.0026,0.0055,0.0056,0.0009,0.0003,0.0000,0.0000,0.0000,0.0010,0.0013,0.0010,0.0000,0.0000,0.0000,0.0000,0.0000,0.0006,0.0007,0.0001,0.0000,0.0000,0.0000,0.0000,0.0000,0.0023,0.0000,0.0000,0.0000,0.0000,0.0000,0.0000,0.0000
olympus/pic.0862.jpg,0.0268,0.0423,0.0294,0.0035,0.0015,0.0007,0.0002,0.0028,0.0083,0.0489,0.1006,0.0200,0.0015,0.0001,0.0001,0.0000,0.0043,0.0679,0.5278,0.0388,0.0011,0.0002,0.0001,0.0000,0.0021,0.0068,0.0501,0.0011,0.0002,0.0000,0.0000,0.0000,0.0016,0.0018,0.0014,0.0005,0.0002,0.0000,0.0000,0.0000,0.0007,0.0005,0.0004,0.0000,0.0000,0.0000,0.0000,0.0000,0.0006,0.0003,0.0000,0.0000,0.0000,0.0000,0.0000,0.0000,0.0049,0.0000,0.0000,0.0000,0.0000,0.0000,0.0000,0.0000
olympus/pic.0863.jpg,0.0059,0.0019,0.0020,0.0004,0.0007,0.0004,0.0003,0.0073,0.0018,0.0020,0.0099,0.0042,0.0010,0.0002,0.0002,0.0000,0.0020,0.0389,0.7532,0.0327,0.0008,0.0006,0.0001,0.0000,0.0038,0.0260,0.0573,0.0038,0.0017,0.0001,0.0000,0.0000,0.0016,0.0120,0.0031,0.0008,0.0003,0.0000,0.0000,0.0000,0.0015,0.0028,0.0014,0.0000,0.0000,0.0000,0.0000,0.0000,0.0015,0.0010,0.0001,0.0000,0.0000,0.0000,0.0000,0.0000,0.0146,0.0000,0.0000,0.0000,0.0000,0.0000,0.0000,0.0000
olympus/pic.0864.jpg,0.0067,0.0017,0.0016,0.0007,0.0008,0.0003,0.0001,0.0038,0.0027,0.0007,0.0048,0.0019,0.0003,0.0000,0.0000,0.0000,0.0008,0.0112,0.8704,0.0046,0.0002,0.0002,0.0000,0.0000,0.0017,0.0055,0.0594,0.0020,0.0008,0.0000,0.0000,0.0000,0.0014,0.0017,0.0018,0.0008,0.0004,0.0000,0.0000,0.0000,0.0005,0.0006,0.0009,0.0000,0.0000,0.0000,0.0000,0.0000,0.0005,0.0006,0.0001,0.0000,0.0000,0.0000,0.0000,0.0000,0.0077,0.0000,0.0000,0.0000,0.0000,0.0000,0.0000,0.0000
olympus/pic.0865.jpg,0.0004,0.0001,0.0001,0.0000,0.0001,0.0000,0.0000,0.0007,0.0001,0.0001,0.0001,0.0001,0.0001,0.0000,0.0000,0.0000,0.0002,0.0002,0.9912,0.0007,0.0001,0.0000,0.0000,0.0000,0.0001,0.0003,0.0024,0.0003,0.0001,0.0000,0.0000,0.0000,0.0001,0.0001,0.0002,0.0002,0.0001,0.0000,0.0000,0.0000,0.0001,0.0001,0.0001,0.0000,0.0000,0.0000,0.0000,0.0000,0.0000,0.0001,0.0000,0.0000,0.0000,0.0000,0.0000,0.0000,0.0015,0.0000,0.0000,0.0000,0.0000,0.0000,0.0000,0.0000
olympus/pic.0866.jpg,0.0007,0.0006,0.0009,0.0007,0.0008,0.0004,0.0003,0.0028,0.0001,0.0002,0.0114,0.0998,0.0025,0.0004,0.0002,0.0000,0.0001,0.0005,0.5974,0.2123,0.0017,0.0003,0.0000,0.0000,0.0000,0.0040,0.0440,0.0008,0.0002,0.0000,0.0000,0.0000,0.0001,0.0096,0.0024,0.0001,0.0000,0.0000,0.0000,0.0000,0.0006,0.0025,0.0001,0.0000,0.0000,0.0000,0.0000,0.0000,0.0004,0.0002,0.0000,0.0000,0.0000,0.0000,0.0000,0.0000,0.0008,0.0000,0.0000,0.0000,0.0000,0.0000,0.0000,0.0000
olympus/pic.0867.jpg,0.0008,0.0003,0.0008,0.0018,0.0094,0.0125,0.0104,0.0865,0.0002,0.0001,0.0019,0.0663,0.0653,0.0174,0.0109,0.0008,0.0003,0.0005,0.1870,0.3459,0.0476,0.0093,0.0010,0.0000,0.0002,0.0094,0.0284,0.0065,0.0038,0.0003,0.0000,0.0000,0.0003,0.0467,0.0011,0.0012,0.0008,0.0000,0.0000,0.0000,0.0042,0.0120,0.0007,0.0000,0.0000,0.0000,0.0000,0.0000,0.0033,0.0006,0.0001,0.0000,0.0000,0.0000,0.0000,0.0000,0.0033,0.0000,0.0000,0.0000,0.0000,0.0000,0.0000,0.0000
olympus/pic.0868.jpg,0.0003,0.0003,0.0006,0.0010,0.0036,0.0070,0.0071,0.0279,0.0001,0.0001,0.0076,0.0611,0.0976,0.0153,0.0044,0.0002,0.0000,0.0002,0.2724,0.4156,0.0640,0.0036,0.0001,0.0000,0.0000,0.0004,0.0043,0.0012,0.0008,0.0000,0.0000,0.0000,0.0001,0.0012,0.0002,0.0001,0.0000,0.0000,0.0000,0.0000,0.0003,0.0005,0.0001,0.0000,0.0000,0.0000,0.0000,0.0000,0.0001,0.0001,0.0000,0.0000,0.0000,0.0000,0.0000,0.0000,0.0004,0.0000,0.0000,0.0000,0.0000,0.0000,0.0000,0.0000
olympus/pic.0869.jpg,0.0005,0.0004,0.0006,0.0007,0.0015,0.0013,0.0008,0.0057,0.0001,0.0003,0.0094,0.2059,0.0127,0.0011,0.0006,0.0000,0.0001,0.0003,0.3698,0.2557,0.0044,0.0009,0.0001,0.0000,0.0000,0.0015,0.0828,0.0049,0.0007,0.0000,0.0000,0.0000,0.0002,0.0128,0.0094,0.0003,0.0001,0.0000,0.0000,0.0000,0.0002,0.0090,0.0008,0.0000,0.0000,0.0000,0.0000,0.0000,0.0006,0.0011,0.0000,0.0000,0.0000,0.0000,0.0000,0.0000,0.0025,0.0000,0.0000,0.0000,0.0000,0.0000,0.0000,0.0000
olympus/pic.0870.jpg,0.0003,0.0001,0.0001,0.0001,0.0001,0.0000,0.0000,0.0026,0.0001,0.0001,0.0007,0.0053,0.0090,0.0001,0.0003,0.0000,0.0001,0.0002,0.4456,0.1817,0.0381,0.0017,0.0003,0.0000,0.0001,0.0004,0.0848,0.1362,0.0068,0.0002,0.0000,0.0000,0.0001,0.0072,0.0409,0.0036,0.0014,0.0000,0.0000,0.0000,0.0002,0.0133,0.0030,0.0001,0.0000,0.0000,0.0000,0.0000,0.0032,0.0062,0.0002,0.0000,0.0000,0.0000,0.0000,0.0000,0.0055,0.0000,0.0000,0.0000,0.0000,0.0000,0.0000,0.0000
olympus/pic.0871.jpg,0.0000,0.0000,0.0000,0.0000,0.0000,0.0000,0.0000,0.0003,0.0000,0.0000,0.0000,0.0007,0.0011,0.0003,0.0003,0.0000,0.0000,0.0000,0.2447,0.7193,0.0281,0.0005,0.0000,0.0000,0.0000,0.0000,0.0004,0.0037,0.0005,0.0000,0.0000,0.0000,0.0000,0.0000,0.0000,0.0000,0.0000,0.0000,0.0000,0.0000,0.0000,0.0000,0.0000,0.0000,0.0000,0.0000,0.0000,0.0000,0.0000,0.0000,0.0000,0.0000,0.0000,0.0000,0.0000,0.0000,0.0000,0.0000,0.0000,0.0000,0.0000,0.0000,0.0000,0.0000
olympus/pic.0872.jpg,0.0002,0.0001,0.0003,0.0006,0.0014,0.0014,0.0010,0.0067,0.0001,0.0000,0.0016,0.0103,0.0050,0.0008,0.0007,0.0000,0.0001,0.0006,0.1724,0.0578,0.0026,0.0010,0.0001,0.0000,0.0002,0.0130,0.4470,0.0082,0.0015,0.0000,0.0000,0.0000,0.0007,0.0848,0.1067,0.0033,0.0004,0.0000,0.0000,0.0000,0.0019,0.0260,0.0071,0.0001,0.0000,0.0000,0.0000,0.0000,0.0036,0.0089,0.0003,0.0000,0.0000,0.0000,0.0000,0.0000,0.0211,0.0002,0.0000,0.0000,0.0000,0.0000,0.0000,0.0000
olympus/pic.0873.jpg,0.0004,0.0005,0.0006,0.0002,0.0002,0.0001,0.0001,0.0014,0.0002,0.0000,0.0064,0.0037,0.0013,0.0001,0.0001,0.0000,0.0001,0.0002,0.2106,0.1528,0.0005,0.0002,0.0000,0.0000,0.0002,0.0023,0.4602,0.0017,0.0003,0.0000,0.0000,0.0000,0.0002,0.0420,0.0630,0.0007,0.0001,0.0000,0.0000,0.0000,0.0007,0.0151,0.0031,0.0000,0.0000,0.0000,0.0000,0.0000,0.0026,0.0051,0.0002,0.0000,0.0000,0.0000,0.0000,0.0000,0.0226,0.0001,0.0000,0.0000,0.0000,0.0000,0.0000,0.0000
olympus/pic.0874.jpg,0.0005,0.0005,0.0008,0.0005,0.0007,0.0008,0.0005,0.0104,0.0000,0.0001,0.0071,0.0108,0.0048,0.0011,0.0021,0.0002,0.0000,0.0001,0.3553,0.2180,0.0125,0.0037,0.0004,0.0000,0.0000,0.0009,0.1914,0.0111,0.0020,0.0001,0.0000,0.0000,0.0001,0.0188,0.1104,0.0013,0.0002,0.0000,0.0000,0.0000,0.0003,0.0122,0.0035,0.0000,0.0000,0.0000,0.0000,0.0000,0.0009,0.0047,0.0001,0.0000,0.0000,0.0000,0.0000,0.0000,0.0106,0.0001,0.0000,0.0000,0.0000,0.0000,0.0000,0.0000
olympus/pic.0875.jpg,0.0003,0.0002,0.0004,0.0002,0.0006,0.0002,0.0001,0.0143,0.0000,0.0001,0.0018,0.0024,0.0016,0.0011,0.0015,0.0003,0.0000,0.0002,0.3172,0.4306,0.0101,0.0019,0.0004,0.0000,0.0001,0.0019,0.1098,0.0144,0.0017,0.0001,0.0000,0.0000,0.0002,0.0186,0.0424,0.0005,0.0002,0.0000,0.0000,0.0000,0.0009,0.0115,0.0014,0.0000,0.0000,0.0000,0.0000,0.0000,0.0020,0.0027,0.0001,0.0000,0.0000,0.0000,0.0000,0.0000,0.0060,0.0000,0.0000,0.0000,0.0000,0.0000,0.0000,0.0000
olympus/pic.0876.jpg,0.0010,0.0006,0.0004,0.0003,0.0008,0.0004,0.0003,0.0086,0.0003,0.0013,0.0051,0.0025,0.0013,0.0005,0.0011,0.0000,0.0003,0.0027,0.4073,0.2329,0.0063,0.0028,0.0003,0.0000,0.0003,0.0082,0.1708,0.0225,0.0030,0.0001,0.0000,0.0000,0.0007,0.0389,0.0367,0.0013,0.0002,0.0000,0.0000,0.0000,0.0049,0.0164,0.0017,0.0000,0.0000,0.0000,0.0000,0.0000,0.0041,0.0031,0.0001,0.0000,0.0000,0.0000,0.0000,0.0000,0.0098,0.0000,0.0000,0.0000,0.0000,0.0000,0.0000,0.0000
olympus/pic.0877.jpg,0.0005,0.0003,0.0005,0.0002,0.0002,0.0001,0.0000,0.0002,0.0001,0.0002,0.0193,0.0019,0.0002,0.0000,0.0000,0.0000,0.0003,0.0011,0.9484,0.0090,0.0005,0.0000,0.0001,0.0000,0.0002,0.0008,0.0080,0.0046,0.0001,0.0000,0.0000,0.0000,0.0004,0.0004,0.0002,0.0002,0.0002,0.0000,0.0000,0.0000,0.0003,0.0001,0.0001,0.0000,0.0000,0.0000,0.0000,0.0000,0.0002,0.0001,0.0000,0.0000,0.0000,0.0000,0.0000,0.0000,0.0011,0.0000,0.0000,0.0000,0.0000,0.0000,0.0000,0.0000
olympus/pic.0878.jpg,0.0033,0.0025,0.0039,0.0726,0.0029,0.0004,0.0001,0.0012,0.0006,0.0015,0.0511,0.0439,0.0004,0.0000,0.0000,0.0000,0.0007,0.0059,0.6412,0.0070,0.0002,0.0001,0.0000,0.0000,0.0004,0.0052,0.0997,0.0061,0.0001,0.0000,0.0000,0.0000,0.0004,0.0069,0.0363,0.0005,0.0001,0.0000,0.0000,0.0000,0.0003,0.0018,0.0011,0.0000,0.0000,0.0000,0.0000,0.0000,0.0002,0.0004,0.0000,0.0000,0.0000,0.0000,0.0000,0.0000,0.0011,0.0000,0.0000,0.0000,0.0000,0.0000,0.0000,0.0000
olympus/pic.0879.jpg,0.0074,0.0029,0.0031,0.0012,0.0005,0.0001,0.0000,0.0006,0.0018,0.0108,0.1671,0.0080,0.0001,0.0000,0.0000,0.0000,0.0018,0.0161,0.6737,0.0097,0.0001,0.0001,0.0000,0.0000,0.0025,0.0350,0.0238,0.0005,0.0001,0.0000,0.0000,0.0000,0.0041,0.0212,0.0007,0.0002,0.0001,0.0000,0.0000,0.0000,0.0020,0.0007,0.0001,0.0000,0.0000,0.0000,0.0000,0.0000,0.0013,0.0001,0.0000,0.0000,0.0000,0.0000,0.0000,0.0000,0.0024,0.0000,0.0000,0.0000,0.0000,0.0000,0.0000,0.0000
olympus/pic.0880.jpg,0.0000,0.0000,0.0000,0.0001,0.0006,0.0003,0.0001,0.0001,0.0000,0.0000,0.0005,0.0533,0.0073,0.0004,0.0000,0.0000,0.0000,0.0000,0.2218,0.0434,0.0013,0.0000,0.0000,0.0000,0.0000,0.0603,0.2928,0.0025,0.0000,0.0000,0.0000,0.0000,0.0000,0.1567,0.1330,0.0001,0.0000,0.0000,0.0000,0.0000,0.0006,0.0193,0.0013,0.0000,0.0000,0.0000,0.0000,0.0000,0.0008,0.0026,0.0000,0.0000,0.0000,0.0000,0.0000,0.0000,0.0006,0.0000,0.0000,0.0000,0.0000,0.0000,0.0000,0.0000
olympus/pic.0881.jpg,0.0040,0.0017,0.0036,0.0019,0.0045,0.0034,0.0015,0.0782,0.0006,0.0006,0.1453,0.0133,0.0086,0.0037,0.0090,0.0008,0.0005,0.0014,0.3143,0.2835,0.0354,0.0162,0.0023,0.0000,0.0002,0.0003,0.0088,0.0286,0.0187,0.0007,0.0000,0.0000,0.0001,0.0002,0.0002,0.0017,0.0020,0.0000,0.0000,0.0000,0.0001,0.0001,0.0006,0.0000,0.0000,0.0000,0.0000,0.0000,0.0000,0.0002,0.0002,0.0000,0.0000,0.0000,0.0000,0.0000,0.0028,0.0000,0.0000,0.0000,0.0000,0.0000,0.0000,0.0000
olympus/pic.0882.jpg,0.0031,0.0003,0.0002,0.0000,0.0000,0.0000,0.0000,0.0005,0.0017,0.0016,0.0028,0.0001,0.0000,0.0000,0.0000,0.0000,0.0016,0.0253,0.7437,0.0066,0.0002,0.0001,0.0000,0.0000,0.0009,0.0036,0.1421,0.0387,0.0015,0.0000,0.0000,0.0000,0.0006,0.0013,0.0046,0.0078,0.0016,0.0000,0.0000,0.0000,0.0005,0.0004,0.0021,0.0000,0.0000,0.0000,0.0000,0.0000,0.0003,0.0007,0.0002,0.0000,0.0000,0.0000,0.0000,0.0000,0.0053,0.0000,0.0000,0.0000,0.0000,0.0000,0.0000,0.0000
olympus/pic.0883.jpg,0.0005,0.0004,0.0009,0.0005,0.0002,0.0001,0.0000,0.0002,0.0002,0.0012,0.0107,0.0011,0.0004,0.0000,0.0000,0.0000,0.0006,0.0241,0.7641,0.0035,0.0008,0.0000,0.0000,0.0000,0.0003,0.0019,0.1782,0.0007,0.0000,0.0000,0.0000,0.0000,0.0003,0.0018,0.0023,0.0002,0.0002,0.0000,0.0000,0.0000,0.0011,0.0011,0.0002,0.0000,0.0000,0.0000,0.0000,0.0000,0.0005,0.0002,0.0000,0.0000,0.0000,0.0000,0.0000,0.0000,0.0013,0.0000,0.0000,0.0000,0.0000,0.0000,0.0000,0.0000
olympus/pic.0884.jpg,0.0000,0.0000,0.0000,0.0000,0.0006,0.0008,0.0002,0.0002,0.0000,0.0000,0.0000,0.0381,0.0095,0.0003,0.0000,0.0000,0.0000,0.0000,0.4816,0.1992,0.0058,0.0000,0.0000,0.0000,0.0000,0.0000,0.1616,0.1021,0.0000,0.0000,0.0000,0.0000,0.0000,0.0000,0.0001,0.0000,0.0000,0.0000,0.0000,0.0000,0.0000,0.0000,0.0000,0.0000,0.0000,0.0000,0.0000,0.0000,0.0000,0.0000,0.0000,0.0000,0.0000,0.0000,0.0000,0.0000,0.0000,0.0000,0.0000,0.0000,0.0000,0.0000,0.0000,0.0000
olympus/pic.0885.jpg,0.0024,0.0011,0.0026,0.0028,0.0147,0.0124,0.0066,0.0728,0.0003,0.0002,0.0042,0.0427,0.0162,0.0037,0.0033,0.0001,0.0002,0.0007,0.5262,0.2169,0.0126,0.0044,0.0003,0.0000,0.0002,0.0031,0.0360,0.0033,0.0024,0.0001,0.0000,0.0000,0.0003,0.0012,0.0005,0.0003,0.0004,0.0000,0.0000,0.0000,0.0003,0.0001,0.0002,0.0000,0.0000,0.0000,0.0000,0.0000,0.0004,0.0002,0.0001,0.0000,0.0000,0.0000,0.0000,0.0000,0.0035,0.0000,0.0000,0.0000,0.0000,0.0000,0.0000,0.0000
olympus/pic.0886.jpg,0.0146,0.0395,0.0213,0.0122,0.0039,0.0009,0.0003,0.0022,0.0024,0.0107,0.2834,0.0382,0.0036,0.0001,0.0002,0.0000,0.0004,0.0071,0.5261,0.0231,0.0016,0.0005,0.0002,0.0000,0.0003,0.0001,0.0014,0.0039,0.0009,0.0001,0.0000,0.0000,0.0001,0.0000,0.0000,0.0001,0.0001,0.0000,0.0000,0.0000,0.0000,0.0000,0.0000,0.0000,0.0000,0.0000,0.0000,0.0000,0.0000,0.0000,0.0000,0.0000,0.0000,0.0000,0.0000,0.0000,0.0001,0.0000,0.0000,0.0000,0.0000,0.0000,0.0000,0.0000
olympus/pic.0887.jpg,0.0066,0.0063,0.0053,0.0004,0.0002,0.0002,0.0001,0.0002,0.0001,0.0037,0.2483,0.0253,0.0057,0.0002,0.0000,0.0000,0.0001,0.0009,0.4852,0.1659,0.0024,0.0000,0.0000,0.0000,0.0001,0.0012,0.0119,0.0000,0.0000,0.0000,0.0000,0.0000,0.0001,0.0075,0.0116,0.0000,0.0000,0.0000,0.0000,0.0000,0.0002,0.0093,0.0000,0.0000,0.0000,0.0000,0.0000,0.0000,0.0001,0.0001,0.0000,0.0000,0.0000,0.0000,0.0000,0.0000,0.0004,0.0000,0.0000,0.0000,0.0000,0.0000,0.0000,0.0000
olympus/pic.0888.jpg,0.0009,0.0012,0.0038,0.0004,0.0002,0.0001,0.0001,0.0033,0.0001,0.0011,0.2879,0.0057,0.0015,0.0003,0.0011,0.0000,0.0001,0.0006,0.5007,0.1387,0.0160,0.0036,0.0002,0.0000,0.0000,0.0003,0.0058,0.0204,0.0049,0.0001,0.0000,0.0000,0.0000,0.0000,0.0000,0.0002,0.0001,0.0000,0.0000,0.0000,0.0000,0.0000,0.0000,0.0000,0.0000,0.0000,0.0000,0.0000,0.0000,0.0000,0.0000,0.0000,0.0000,0.0000,0.0000,0.0000,0.0002,0.0000,0.0000,0.0000,0.0000,0.0000,0.0000,0.0000
olympus/pic.0889.jpg,0.0020,0.0009,0.0012,0.0008,0.0015,0.0020,0.0009,0.0378,0.0004,0.0004,0.0039,0.0032,0.0047,0.0022,0.0071,0.0002,0.0002,0.0008,0.6368,0.1768,0.0260,0.0125,0.0013,0.0000,0.0001,0.0010,0.0186,0.0268,0.0147,0.0005,0.0000,0.0000,0.0002,0.0013,0.0017,0.0022,0.0010,0.0000,0.0000,0.0000,0.0004,0.0007,0.0012,0.0001,0.0000,0.0000,0.0000,0.0000,0.0004,0.0007,0.0002,0.0000,0.0000,0.0000,0.0000,0.0000,0.0045,0.0000,0.0000,0.0000,0.0000,0.0000,0.0000,0.0000
olympus/pic.0890.jpg,0.0000,0.0000,0.0000,0.0000,0.0050,0.0006,0.0000,0.0000,0.0000,0.0000,0.0004,0.0676,0.0062,0.0000,0.0000,0.0000,0.0000,0.0000,0.9120,0.0081,0.0000,0.0000,0.0000,0.0000,0.0000,0.0000,0.0000,0.0000,0.0000,0.0000,0.0000,0.0000,0.0000,0.0000,0.0000,0.0000,0.0000,0.0000,0.0000,0.0000,0.0000,0.0000,0.0000,0.0000,0.0000,0.0000,0.0000,0.0000,0.0000,0.0000,0.0000,0.0000,0.0000,0.0000,0.0000,0.0000,0.0000,0.0000,0.0000,0.0000,0.0000,0.0000,0.0000,0.0000
olympus/pic.0891.jpg,0.0021,0.0012,0.0009,0.0001,0.0000,0.0000,0.0000,0.0000,0.0004,0.0031,0.0204,0.0002,0.0000,0.0000,0.0000,0.0000,0.0001,0.0023,0.9654,0.0001,0.0000,0.0000,0.0000,0.0000,0.0001,0.0001,0.0031,0.0000,0.0000,0.0000,0.0000,0.0000,0.0000,0.0000,0.0000,0.0000,0.0000,0.0000,0.0000,0.0000,0.0000,0.0000,0.0000,0.0000,0.0000,0.0000,0.0000,0.0000,0.0000,0.0000,0.0000,0.0000,0.0000,0.0000,0.0000,0.0000,0.0000,0.0000,0.0000,0.0000,0.0000,0.0000,0.0000,0.0000
olympus/pic.0892.jpg,0.0034,0.0017,0.0012,0.0003,0.0000,0.0000,0.0000,0.0003,0.0005,0.0012,0.0165,0.0002,0.0000,0.0000,0.0000,0.0000,0.0002,0.0014,0.9605,0.0007,0.0001,0.0000,0.0000,0.0000,0.0001,0.0001,0.0100,0.0007,0.0000,0.0000,0.0000,0.0000,0.0001,0.0000,0.0002,0.0001,0.0000,0.0000,0.0000,0.0000,0.0000,0.0000,0.0000,0.0000,0.0000,0.0000,0.0000,0.0000,0.0000,0.0000,0.0000,0.0000,0.0000,0.0000,0.0000,0.0000,0.0003,0.0000,0.0000,0.0000,0.0000,0.0000,0.0000,0.0000
olympus/pic.0893.jpg,0.0009,0.0010,0.0018,0.0007,0.0013,0.0007,0.0005,0.0118,0.0001,0.0002,0.0115,0.0091,0.0032,0.0023,0.0029,0.0001,0.0000,0.0003,0.4497,0.4081,0.0257,0.0042,0.0002,0.0000,0.0001,0.0004,0.0423,0.0055,0.0018,0.0001,0.0000,0.0000,0.0001,0.0004,0.0024,0.0016,0.0004,0.0000,0.0000,0.0000,0.0001,0.0002,0.0015,0.0001,0.0000,0.0000,0.0000,0.0000,0.0001,0.0009,0.0002,0.0000,0.0000,0.0000,0.0000,0.0000,0.0056,0.0000,0.0000,0.0000,0.0000,0.0000,0.0000,0.0000
olympus/pic.0894.jpg,0.0133,0.0024,0.0014,0.0002,0.0002,0.0001,0.0000,0.0048,0.0016,0.0060,0.0091,0.0007,0.0002,0.0000,0.0000,0.0000,0.0009,0.0132,0.8886,0.0116,0.0005,0.0007,0.0002,0.0000,0.0004,0.0007,0.0178,0.0119,0.0027,0.0001,0.0000,0.0000,0.0003,0.0002,0.0004,0.0021,0.0023,0.0000,0.0000,0.0000,0.0002,0.0001,0.0006,0.0000,0.0000,0.0000,0.0000,0.0000,0.0001,0.0002,0.0003,0.0000,0.0000,0.0000,0.0000,0.0000,0.0036,0.0000,0.0000,0.0000,0.0000,0.0000,0.0000,0.0000
olympus/pic.0895.jpg,0.0003,0.0002,0.0003,0.0003,0.0006,0.0066,0.0019,0.0203,0.0000,0.0000,0.0063,0.0033,0.0128,0.0030,0.0076,0.0005,0.0000,0.0000,0.2118,0.4608,0.0932,0.0302,0.0021,0.0000,0.0000,0.0000,0.0105,0.0745,0.0451,0.0016,0.0000,0.0000,0.0000,0.0001,0.0005,0.0027,0.0008,0.0000,0.0000,0.0000,0.0000,0.0000,0.0005,0.0001,0.0000,0.0000,0.0000,0.0000,0.0000,0.0002,0.0002,0.0000,0.0000,0.0000,0.0000,0.0000,0.0009,0.0000,0.0000,0.0000,0.0000,0.0000,0.0000,0.0000
olympus/pic.0896.jpg,0.0003,0.0002,0.0005,0.0005,0.0115,0.0056,0.0009,0.0102,0.0000,0.0000,0.0253,0.0831,0.0264,0.0003,0.0020,0.0002,0.0000,0.0001,0.6560,0.1136,0.0087,0.0060,0.0010,0.0000,0.0000,0.0001,0.0071,0.0210,0.0120,0.0008,0.0000,0.0000,0.0001,0.0001,0.0007,0.0016,0.0018,0.0000,0.0000,0.0000,0.0000,0.0000,0.0005,0.0000,0.0000,0.0000,0.0000,0.0000,0.0000,0.0002,0.0001,0.0000,0.0000,0.0000,0.0000,0.0000,0.0013,0.0000,0.0000,0.0000,0.0000,0.0000,0.0000,0.0000
olympus/pic.0897.jpg,0.0003,0.0003,0.0005,0.0022,0.0014,0.0008,0.0005,0.0073,0.0001,0.0000,0.0149,0.0585,0.0032,0.0008,0.0014,0.0000,0.0000,0.0002,0.3971,0.4203,0.0099,0.0029,0.0001,0.0000,0.0000,0.0001,0.0385,0.0339,0.0023,0.0001,0.0000,0.0000,0.0000,0.0001,0.0006,0.0007,0.0001,0.0000,0.0000,0.0000,0.0000,0.0000,0.0002,0.0000,0.0000,0.0000,0.0000,0.0000,0.0000,0.0001,0.0000,0.0000,0.0000,0.0000,0.0000,0.0000,0.0003,0.0000,0.0000,0.0000,0.0000,0.0000,0.0000,0.0000
olympus/pic.0898.jpg,0.0004,0.0005,0.0004,0.0153,0.0075,0.0005,0.0000,0.0001,0.0000,0.0007,0.5432,0.1170,0.0012,0.0000,0.0000,0.0000,0.0000,0.0001,0.3030,0.0071,0.0000,0.0000,0.0000,0.0000,0.0000,0.0000,0.0031,0.0000,0.0000,0.0000,0.0000,0.0000,0.0000,0.0000,0.0000,0.0000,0.0000,0.0000,0.0000,0.0000,0.0000,0.0000,0.0000,0.0000,0.0000,0.0000,0.0000,0.0000,0.0000,0.0000,0.0000,0.0000,0.0000,0.0000,0.0000,0.0000,0.0000,0.0000,0.0000,0.0000,0.0000,0.0000,0.0000,0.0000
olympus/pic.0899.jpg,0.0014,0.0012,0.0019,0.0023,0.0021,0.0012,0.0007,0.0123,0.0002,0.0002,0.0110,0.0126,0.0031,0.0009,0.0012,0.0000,0.0002,0.0005,0.5388,0.3385,0.0065,0.0016,0.0002,0.0000,0.0002,0.0007,0.0413,0.0090,0.0023,0.0001,0.0000,0.0000,0.0002,0.0005,0.0011,0.0010,0.0003,0.0000,0.0000,0.0000,0.0002,0.0001,0.0006,0.0000,0.0000,0.0000,0.0000,0.0000,0.0002,0.0004,0.0001,0.0000,0.0000,0.0000,0.0000,0.0000,0.0032,0.0000,0.0000,0.0000,0.0000,0.0000,0.0000,0.0000
olympus/pic.0900.jpg,0.0016,0.0010,0.0011,0.0008,0.0003,0.0000,0.0000,0.0001,0.0002,0.0013,0.0398,0.0048,0.0001,0.0000,0.0000,0.0000,0.0001,0.0013,0.9021,0.0363,0.0001,0.0000,0.0000,0.0000,0.0001,0.0011,0.0021,0.0027,0.0000,0.0000,0.0000,0.0000,0.0001,0.0017,0.0000,0.0000,0.0000,0.0000,0.0000,0.0000,0.0003,0.0005,0.0000,0.0000,0.0000,0.0000,0.0000,0.0000,0.0001,0.0000,0.0000,0.0000,0.0000,0.0000,0.0000,0.0000,0.0001,0.0000,0.0000,0.0000,0.0000,0.0000,0.0000,0.0000
olympus/pic.0901.jpg,0.0037,0.0017,0.0005,0.0001,0.0001,0.0000,0.0000,0.0002,0.0008,0.0226,0.1000,0.0003,0.0001,0.0000,0.0000,0.0000,0.0002,0.0146,0.8334,0.0138,0.0001,0.0001,0.0000,0.0000,0.0001,0.0006,0.0032,0.0017,0.0001,0.0000,0.0000,0.0000,0.0001,0.0005,0.0002,0.0001,0.0000,0.0000,0.0000,0.0000,0.0005,0.0001,0.0001,0.0000,0.0000,0.0000,0.0000,0.0000,0.0003,0.0000,0.0000,0.0000,0.0000,0.0000,0.0000,0.0000,0.0002,0.0000,0.0000,0.0000,0.0000,0.0000,0.0000,0.0000
olympus/pic.0902.jpg,0.0015,0.0007,0.0006,0.0003,0.0004,0.0002,0.0001,0.0034,0.0002,0.0013,0.0813,0.0050,0.0007,0.0002,0.0005,0.0000,0.0001,0.0013,0.7782,0.0782,0.0020,0.0011,0.0001,0.0000,0.0001,0.0005,0.0201,0.0132,0.0023,0.0001,0.0000,0.0000,0.0001,0.0007,0.0006,0.0011,0.0002,0.0000,0.0000,0.0000,0.0005,0.0006,0.0003,0.0000,0.0000,0.0000,0.0000,0.0000,0.0010,0.0002,0.0000,0.0000,0.0000,0.0000,0.0000,0.0000,0.0010,0.0000,0.0000,0.0000,0.0000,0.0000,0.0000,0.0000
olympus/pic.0903.jpg,0.0005,0.0003,0.0003,0.0001,0.0001,0.0000,0.0000,0.0017,0.0001,0.0011,0.0119,0.0006,0.0002,0.0001,0.0003,0.0000,0.0000,0.0004,0.6675,0.2373,0.0034,0.0012,0.0001,0.0000,0.0000,0.0000,0.0065,0.0594,0.0063,0.0001,0.0000,0.0000,0.0000,0.0000,0.0000,0.0004,0.0001,0.0000,0.0000,0.0000,0.0000,0.0000,0.0000,0.0000,0.0000,0.0000,0.0000,0.0000,0.0000,0.0000,0.0000,0.0000,0.0000,0.0000,0.0000,0.0000,0.0001,0.0000,0.0000,0.0000,0.0000,0.0000,0.0000,0.0000
olympus/pic.0904.jpg,0.0003,0.0002,0.0003,0.0002,0.0047,0.0029,0.0003,0.0001,0.0001,0.0001,0.0138,0.0869,0.0112,0.0000,0.0000,0.0000,0.0000,0.0004,0.8108,0.0578,0.0000,0.0000,0.0000,0.0000,0.0000,0.0002,0.0077,0.0005,0.0000,0.0000,0.0000,0.0000,0.0000,0.0001,0.0005,0.0002,0.0000,0.0000,0.0000,0.0000,0.0000,0.0000,0.0001,0.0000,0.0000,0.0000,0.0000,0.0000,0.0000,0.0001,0.0000,0.0000,0.0000,0.0000,0.0000,0.0000,0.0002,0.0000,0.0000,0.0000,0.0000,0.0000,0.0000,0.0000
olympus/pic.0905.jpg,0.0011,0.0006,0.0013,0.0004,0.0012,0.0004,0.0003,0.0089,0.0003,0.0002,0.0572,0.0228,0.0017,0.0006,0.0010,0.0001,0.0002,0.0012,0.6369,0.1619,0.0071,0.0022,0.0003,0.0000,0.0001,0.0006,0.0568,0.0164,0.0049,0.0001,0.0000,0.0000,0.0003,0.0006,0.0027,0.0017,0.0005,0.0000,0.0000,0.0000,0.0001,0.0003,0.0011,0.0000,0.0000,0.0000,0.0000,0.0000,0.0002,0.0006,0.0003,0.0000,0.0000,0.0000,0.0000,0.0000,0.0048,0.0000,0.0000,0.0000,0.0000,0.0000,0.0000,0.0000
olympus/pic.0906.jpg,0.0045,0.0029,0.0023,0.0004,0.0002,0.0001,0.0000,0.0006,0.0011,0.0030,0.1554,0.0003,0.0001,0.0000,0.0002,0.0000,0.0005,0.0084,0.7453,0.0199,0.0024,0.0010,0.0001,0.0000,0.0005,0.0026,0.0016,0.0044,0.0026,0.0001,0.0000,0.0000,0.0057,0.0280,0.0000,0.0001,0.0000,0.0000,0.0000,0.0000,0.0041,0.0005,0.0000,0.0000,0.0000,0.0000,0.0000,0.0000,0.0007,0.0000,0.0000,0.0000,0.0000,0.0000,0.0000,0.0000,0.0004,0.0000,0.0000,0.0000,0.0000,0.0000,0.0000,0.0000
olympus/pic.0907.jpg,0.0170,0.0033,0.0020,0.0003,0.0001,0.0001,0.0000,0.0007,0.0030,0.0056,0.1330,0.0003,0.0001,0.0000,0.0000,0.0000,0.0016,0.0065,0.8053,0.0008,0.0000,0.0000,0.0000,0.0000,0.0016,0.0012,0.0142,0.0003,0.0001,0.0000,0.0000,0.0000,0.0003,0.0003,0.0002,0.0001,0.0001,0.0000,0.0000,0.0000,0.0001,0.0001,0.0001,0.0000,0.0000,0.0000,0.0000,0.0000,0.0000,0.0001,0.0000,0.0000,0.0000,0.0000,0.0000,0.0000,0.0012,0.0000,0.0000,0.0000,0.0000,0.0000,0.0000,0.0000
olympus/pic.0908.jpg,0.0000,0.0000,0.0000,0.0000,0.0018,0.0009,0.0002,0.0003,0.0000,0.0000,0.0018,0.0376,0.0093,0.0000,0.0000,0.0000,0.0001,0.0001,0.9142,0.0300,0.0000,0.0000,0.0000,0.0000,0.0001,0.0002,0.0020,0.0001,0.0000,0.0000,0.0000,0.0000,0.0001,0.0001,0.0002,0.0001,0.0000,0.0000,0.0000,0.0000,0.0000,0.0000,0.0000,0.0000,0.0000,0.0000,0.0000,0.0000,0.0000,0.0001,0.0000,0.0000,0.0000,0.0000,0.0000,0.0000,0.0007,0.0000,0.0000,0.0000,0.0000,0.0000,0.0000,0.0000
olympus/pic.0909.jpg,0.0009,0.0003,0.0003,0.0003,0.0005,0.0003,0.0001,0.0170,0.0001,0.0001,0.0010,0.0021,0.0007,0.0003,0.0014,0.0001,0.0001,0.0004,0.5749,0.0821,0.0042,0.0049,0.0010,0.0000,0.0001,0.0011,0.1284,0.0705,0.0215,0.0008,0.0000,0.0000,0.0003,0.0045,0.0194,0.0159,0.0018,0.0000,0.0000,0.0000,0.0004,0.0033,0.0101,0.0006,0.0000,0.0000,0.0000,0.0000,0.0007,0.0067,0.0011,0.0000,0.0000,0.0000,0.0000,0.0000,0.0195,0.0003,0.0000,0.0000,0.0000,0.0000,0.0000,0.0000
olympus/pic.0910.jpg,0.0004,0.0002,0.0002,0.0000,0.0000,0.0000,0.0000,0.0000,0.0001,0.0003,0.0015,0.0001,0.0000,0.0000,0.0000,0.0000,0.0001,0.0007,0.9681,0.0000,0.0000,0.0000,0.0000,0.0000,0.0001,0.0001,0.0277,0.0000,0.0000,0.0000,0.0000,0.0000,0.0000,0.0000,0.0000,0.0000,0.0000,0.0000,0.0000,0.0000,0.0000,0.0000,0.0000,0.0000,0.0000,0.0000,0.0000,0.0000,0.0000,0.0000,0.0000,0.0000,0.0000,0.0000,0.0000,0.0000,0.0001,0.0000,0.0000,0.0000,0.0000,0.0000,0.0000,0.0000
olympus/pic.0911.jpg,0.0005,0.0002,0.0010,0.0001,0.0001,0.0001,0.0000,0.0004,0.0000,0.0003,0.0021,0.0004,0.0001,0.0000,0.0000,0.0000,0.0002,0.0060,0.6077,0.0018,0.0001,0.0000,0.0000,0.0000,0.0001,0.0019,0.1745,0.0130,0.0002,0.0000,0.0000,0.0000,0.0002,0.0079,0.0245,0.0015,0.0001,0.0000,0.0000,0.0000,0.0005,0.0525,0.0037,0.0000,0.0000,0.0000,0.0000,0.0000,0.0050,0.0853,0.0001,0.0000,0.0000,0.0000,0.0000,0.0000,0.0077,0.0001,0.0000,0.0000,0.0000,0.0000,0.0000,0.0000
olympus/pic.0912.jpg,0.0000,0.0000,0.0000,0.0000,0.0014,0.0008,0.0000,0.0000,0.0000,0.0000,0.0006,0.0073,0.0032,0.0000,0.0000,0.0000,0.0000,0.0000,0.0195,0.0365,0.0003,0.0000,0.0000,0.0000,0.0000,0.0002,0.0475,0.0336,0.0000,0.0000,0.0000,0.0000,0.0000,0.1712,0.1061,0.0005,0.0000,0.0000,0.0000,0.0000,0.0000,0.5444,0.0262,0.0000,0.0000,0.0000,0.0000,0.0000,0.0001,0.0003,0.0002,0.0000,0.0000,0.0000,0.0000,0.0000,0.0000,0.0000,0.0000,0.0000,0.0000,0.0000,0.0000,0.0000
olympus/pic.0913.jpg,0.0000,0.0000,0.0000,0.0000,0.0001,0.0001,0.0000,0.0000,0.0000,0.0000,0.0001,0.0045,0.0145,0.0002,0.0000,0.0000,0.0000,0.0000,0.0681,0.0904,0.0044,0.0000,0.0000,0.0000,0.0000,0.0002,0.4248,0.0346,0.0027,0.0000,0.0000,0.0000,0.0000,0.0078,0.0556,0.0113,0.0078,0.0000,0.0000,0.0000,0.0002,0.2629,0.0060,0.0000,0.0000,0.0000,0.0000,0.0000,0.0003,0.0029,0.0004,0.0000,0.0000,0.0000,0.0000,0.0000,0.0001,0.0000,0.0000,0.0000,0.0000,0.0000,0.0000,0.0000
olympus/pic.0914.jpg,0.0000,0.0000,0.0000,0.0000,0.0000,0.0000,0.0000,0.0000,0.0000,0.0000,0.0002,0.0000,0.0000,0.0000,0.0000,0.0000,0.0000,0.0001,0.0915,0.0022,0.0000,0.0000,0.0000,0.0000,0.0000,0.0011,0.7361,0.0072,0.0001,0.0000,0.0000,0.0000,0.0000,0.0038,0.1285,0.0022,0.0003,0.0000,0.0000,0.0000,0.0000,0.0070,0.0172,0.0000,0.0000,0.0000,0.0000,0.0000,0.0002,0.0016,0.0003,0.0000,0.0000,0.0000,0.0000,0.0000,0.0004,0.0000,0.0000,0.0000,0.0000,0.0000,0.0000,0.0000
olympus/pic.0915.jpg,0.0000,0.0000,0.0000,0.0000,0.0000,0.0000,0.0000,0.0000,0.0000,0.0000,0.0000,0.0000,0.0000,0.0000,0.0000,0.0000,0.0000,0.0000,0.6338,0.2763,0.0000,0.0000,0.0000,0.0000,0.0000,0.0001,0.0137,0.0000,0.0000,0.0000,0.0000,0.0000,0.0000,0.0136,0.0060,0.0000,0.0000,0.0000,0.0000,0.0000,0.0011,0.0269,0.0000,0.0000,0.0000,0.0000,0.0000,0.0000,0.0163,0.0122,0.0000,0.0000,0.0000,0.0000,0.0000,0.0000,0.0000,0.0000,0.0000,0.0000,0.0000,0.0000,0.0000,0.0000
olympus/pic.0916.jpg,0.0000,0.0000,0.0000,0.0000,0.0000,0.0000,0.0000,0.0000,0.0000,0.0000,0.0012,0.0000,0.0000,0.0000,0.0000,0.0000,0.0000,0.0000,0.1315,0.0000,0.0000,0.0000,0.0000,0.0000,0.0000,0.0000,0.1055,0.0276,0.0000,0.0000,0.0000,0.0000,0.0000,0.0000,0.5518,0.1442,0.0000,0.0000,0.0000,0.0000,0.0000,0.0000,0.0380,0.0001,0.0000,0.0000,0.0000,0.0000,0.0000,0.0000,0.0000,0.0000,0.0000,0.0000,0.0000,0.0000,0.0000,0.0000,0.0000,0.0000,0.0000,0.0000,0.0000,0.0000
olympus/pic.0917.jpg,0.0008,0.0003,0.0005,0.0002,0.0002,0.0001,0.0001,0.0040,0.0002,0.0003,0.1262,0.0029,0.0020,0.0006,0.0009,0.0000,0.0001,0.0009,0.7470,0.0759,0.0097,0.0026,0.0002,0.0000,0.0000,0.0009,0.0047,0.0130,0.0031,0.0001,0.0000,0.0000,0.0000,0.0003,0.0001,0.0006,0.0002,0.0000,0.0000,0.0000,0.0000,0.0000,0.0002,0.0000,0.0000,0.0000,0.0000,0.0000,0.0000,0.0001,0.0001,0.0000,0.0000,0.0000,0.0000,0.0000,0.0007,0.0000,0.0000,0.0000,0.0000,0.0000,0.0000,0.0000
olympus/pic.0918.jpg,0.0010,0.0005,0.0011,0.0019,0.0043,0.0030,0.0020,0.0463,0.0002,0.0001,0.0060,0.0225,0.0111,0.0047,0.0048,0.0002,0.0002,0.0007,0.3292,0.3413,0.0199,0.0064,0.0005,0.0000,0.0004,0.0047,0.0757,0.0202,0.0078,0.0002,0.0000,0.0000,0.0005,0.0212,0.0099,0.0032,0.0016,0.0000,0.0000,0.0000,0.0033,0.0088,0.0031,0.0001,0.0000,0.0000,0.0000,0.0000,0.0049,0.0031,0.0006,0.0000,0.0000,0.0000,0.0000,0.0000,0.0225,0.0001,0.0000,0.0000,0.0000,0.0000,0.0000,0.0000
olympus/pic.0919.jpg,0.0034,0.0021,0.0030,0.0007,0.0010,0.0006,0.0003,0.0222,0.0009,0.0005,0.0139,0.0042,0.0023,0.0010,0.0032,0.0004,0.0003,0.0053,0.8112,0.0798,0.0132,0.0045,0.0007,0.0000,0.0003,0.0007,0.0080,0.0075,0.0044,0.0002,0.0000,0.0000,0.0004,0.0002,0.0003,0.0006,0.0004,0.0000,0.0000,0.0000,0.0001,0.0001,0.0002,0.0000,0.0000,0.0000,0.0000,0.0000,0.0000,0.0002,0.0001,0.0000,0.0000,0.0000,0.0000,0.0000,0.0018,0.0000,0.0000,0.0000,0.0000,0.0000,0.0000,0.0000
olympus/pic.0920.jpg,0.0020,0.0608,0.0017,0.0002,0.0000,0.0000,0.0000,0.0000,0.0002,0.0132,0.1337,0.0003,0.0000,0.0000,0.0000,0.0000,0.0001,0.0008,0.6938,0.0004,0.0000,0.0000,0.0000,0.0000,0.0000,0.0001,0.0920,0.0001,0.0000,0.0000,0.0000,0.0000,0.0000,0.0000,0.0003,0.0000,0.0000,0.0000,0.0000,0.0000,0.0000,0.0000,0.0000,0.0000,0.0000,0.0000,0.0000,0.0000,0.0000,0.0000,0.0000,0.0000,0.0000,0.0000,0.0000,0.0000,0.0000,0.0000,0.0000,0.0000,0.0000,0.0000,0.0000,0.0000
olympus/pic.0921.jpg,0.0000,0.0000,0.0001,0.0001,0.0052,0.0022,0.0001,0.0000,0.0000,0.0000,0.0017,0.1097,0.0141,0.0000,0.0000,0.0000,0.0000,0.0000,0.8392,0.0271,0.0000,0.0000,0.0000,0.0000,0.0000,0.0000,0.0004,0.0000,0.0000,0.0000,0.0000,0.0000,0.0000,0.0000,0.0000,0.0000,0.0000,0.0000,0.0000,0.0000,0.0000,0.0000,0.0000,0.0000,0.0000,0.0000,0.0000,0.0000,0.0000,0.0000,0.0000,0.0000,0.0000,0.0000,0.0000,0.0000,0.0000,0.0000,0.0000,0.0000,0.0000,0.0000,0.0000,0.0000
olympus/pic.0922.jpg,0.0011,0.0007,0.0013,0.0004,0.0005,0.0004,0.0002,0.0102,0.0002,0.0003,0.0051,0.0029,0.0019,0.0007,0.0017,0.0003,0.0001,0.0005,0.3640,0.4811,0.0153,0.0039,0.0005,0.0000,0.0001,0.0006,0.0664,0.0141,0.0036,0.0001,0.0000,0.0000,0.0001,0.0048,0.0071,0.0007,0.0003,0.0000,0.0000,0.0000,0.0002,0.0026,0.0011,0.0000,0.0000,0.0000,0.0000,0.0000,0.0005,0.0010,0.0001,0.0000,0.0000,0.0000,0.0000,0.0000,0.0032,0.0000,0.0000,0.0000,0.0000,0.0000,0.0000,0.0000
olympus/pic.0923.jpg,0.0035,0.0023,0.0026,0.0007,0.0005,0.0002,0.0001,0.0037,0.0005,0.0017,0.5608,0.0014,0.0005,0.0001,0.0004,0.0001,0.0003,0.0015,0.3869,0.0113,0.0010,0.0007,0.0002,0.0000,0.0001,0.0004,0.0133,0.0019,0.0012,0.0001,0.0000,0.0000,0.0001,0.0002,0.0002,0.0003,0.0002,0.0000,0.0000,0.0000,0.0001,0.0000,0.0001,0.0000,0.0000,0.0000,0.0000,0.0000,0.0000,0.0001,0.0000,0.0000,0.0000,0.0000,0.0000,0.0000,0.0007,0.0000,0.0000,0.0000,0.0000,0.0000,0.0000,0.0000
olympus/pic.0924.jpg,0.0040,0.0024,0.0025,0.0006,0.0003,0.0001,0.0000,0.0007,0.0004,0.0025,0.0268,0.0020,0.0004,0.0001,0.0001,0.0000,0.0003,0.0015,0.6951,0.0714,0.0009,0.0002,0.0000,0.0000,0.0001,0.0003,0.1384,0.0448,0.0007,0.0000,0.0000,0.0000,0.0001,0.0001,0.0011,0.0015,0.0001,0.0000,0.0000,0.0000,0.0000,0.0000,0.0002,0.0000,0.0000,0.0000,0.0000,0.0000,0.0000,0.0001,0.0000,0.0000,0.0000,0.0000,0.0000,0.0000,0.0004,0.0000,0.0000,0.0000,0.0000,0.0000,0.0000,0.0000
olympus/pic.0925.jpg,0.0001,0.0002,0.0002,0.0000,0.0000,0.0000,0.0000,0.0000,0.0000,0.0019,0.0998,0.0000,0.0000,0.0000,0.0000,0.0000,0.0000,0.0004,0.8260,0.0472,0.0000,0.0000,0.0000,0.0000,0.0000,0.0000,0.0206,0.0033,0.0000,0.0000,0.0000,0.0000,0.0000,0.0000,0.0000,0.0000,0.0000,0.0000,0.0000,0.0000,0.0000,0.0000,0.0000,0.0000,0.0000,0.0000,0.0000,0.0000,0.0000,0.0000,0.0000,0.0000,0.0000,0.0000,0.0000,0.0000,0.0000,0.0000,0.0000,0.0000,0.0000,0.0000,0.0000,0.0000
olympus/pic.0926.jpg,0.0007,0.0010,0.0031,0.0007,0.0003,0.0001,0.0001,0.0033,0.0001,0.0006,0.1767,0.0041,0.0005,0.0002,0.0010,0.0000,0.0000,0.0004,0.3502,0.3502,0.0187,0.0044,0.0002,0.0000,0.0002,0.0008,0.0109,0.0655,0.0041,0.0001,0.0000,0.0000,0.0002,0.0001,0.0003,0.0004,0.0001,0.0000,0.0000,0.0000,0.0000,0.0000,0.0002,0.0000,0.0000,0.0000,0.0000,0.0000,0.0000,0.0001,0.0000,0.0000,0.0000,0.0000,0.0000,0.0000,0.0004,0.0000,0.0000,0.0000,0.0000,0.0000,0.0000,0.0000
olympus/pic.0927.jpg,0.0014,0.0009,0.0014,0.0008,0.0003,0.0002,0.0001,0.0057,0.0003,0.0004,0.0105,0.0040,0.0012,0.0004,0.0009,0.0001,0.0002,0.0012,0.6009,0.1788,0.0170,0.0025,0.0003,0.0000,0.0002,0.0015,0.1082,0.0317,0.0027,0.0001,0.0000,0.0000,0.0002,0.0058,0.0116,0.0016,0.0003,0.0000,0.0000,0.0000,0.0002,0.0022,0.0011,0.0000,0.0000,0.0000,0.0000,0.0000,0.0003,0.0007,0.0001,0.0000,0.0000,0.0000,0.0000,0.0000,0.0021,0.0000,0.0000,0.0000,0.0000,0.0000,0.0000,0.0000
olympus/pic.0928.jpg,0.0002,0.0000,0.0000,0.0000,0.0000,0.0001,0.0002,0.0125,0.0000,0.0000,0.0001,0.0006,0.0045,0.0044,0.0070,0.0002,0.0001,0.0002,0.3291,0.4281,0.1231,0.0167,0.0004,0.0000,0.0000,0.0008,0.0306,0.0064,0.0018,0.0001,0.0000,0.0000,0.0000,0.0017,0.0008,0.0004,0.0002,0.0000,0.0000,0.0000,0.0082,0.0021,0.0003,0.0000,0.0000,0.0000,0.0000,0.0000,0.0166,0.0002,0.0000,0.0000,0.0000,0.0000,0.0000,0.0000,0.0020,0.0000,0.0000,0.0000,0.0000,0.0000,0.0000,0.0000
olympus/pic.0929.jpg,0.0004,0.0003,0.0010,0.0010,0.0002,0.0000,0.0000,0.0001,0.0000,0.0001,0.0099,0.0042,0.0000,0.0000,0.0000,0.0000,0.0000,0.0003,0.9772,0.0031,0.0000,0.0000,0.0000,0.0000,0.0000,0.0003,0.0008,0.0000,0.0000,0.0000,0.0000,0.0000,0.0000,0.0003,0.0000,0.0000,0.0000,0.0000,0.0000,0.0000,0.0002,0.0002,0.0000,0.0000,0.0000,0.0000,0.0000,0.0000,0.0002,0.0000,0.0000,0.0000,0.0000,0.0000,0.0000,0.0000,0.0001,0.0000,0.0000,0.0000,0.0000,0.0000,0.0000,0.0000
olympus/pic.0930.jpg,0.0002,0.0001,0.0001,0.0000,0.0000,0.0000,0.0000,0.0000,0.0000,0.0000,0.0002,0.0000,0.0000,0.0000,0.0000,0.0000,0.0001,0.0002,0.8941,0.0002,0.0000,0.0000,0.0000,0.0000,0.0000,0.0004,0.0640,0.0000,0.0000,0.0000,0.0000,0.0000,0.0000,0.0017,0.0009,0.0000,0.0000,0.0000,0.0000,0.0000,0.0009,0.0018,0.0000,0.0000,0.0000,0.0000,0.0000,0.0000,0.0231,0.0002,0.0000,0.0000,0.0000,0.0000,0.0000,0.0000,0.0117,0.0000,0.0000,0.0000,0.0000,0.0000,0.0000,0.0000
olympus/pic.0931.jpg,0.0001,0.0000,0.0000,0.0000,0.0000,0.0001,0.0001,0.0017,0.0000,0.0000,0.0002,0.0009,0.0017,0.0006,0.0008,0.0001,0.0000,0.0002,0.2850,0.5749,0.0931,0.0040,0.0002,0.0000,0.0000,0.0002,0.0100,0.0198,0.0046,0.0001,0.0000,0.0000,0.0000,0.0003,0.0003,0.0003,0.0001,0.0000,0.0000,0.0000,0.0000,0.0000,0.0001,0.0000,0.0000,0.0000,0.0000,0.0000,0.0000,0.0001,0.0000,0.0000,0.0000,0.0000,0.0000,0.0000,0.0001,0.0000,0.0000,0.0000,0.0000,0.0000,0.0000,0.0000
olympus/pic.0932.jpg,0.0000,0.0000,0.0000,0.0000,0.0000,0.0000,0.0000,0.0000,0.0000,0.0000,0.0597,0.0001,0.0000,0.0000,0.0000,0.0000,0.0000,0.0002,0.4943,0.2816,0.0057,0.0000,0.0000,0.0000,0.0000,0.0014,0.1317,0.0196,0.0005,0.0000,0.0000,0.0000,0.0001,0.0016,0.0027,0.0000,0.0000,0.0000,0.0000,0.0000,0.0002,0.0001,0.0000,0.0000,0.0000,0.0000,0.0000,0.0000,0.0002,0.0000,0.0000,0.0000,0.0000,0.0000,0.0000,0.0000,0.0002,0.0000,0.0000,0.0000,0.0000,0.0000,0.0000,0.0000
olympus/pic.0933.jpg,0.0002,0.0000,0.0001,0.0007,0.0010,0.0007,0.0002,0.0004,0.0001,0.0001,0.0060,0.1231,0.0119,0.0004,0.0001,0.0000,0.0000,0.0002,0.3146,0.5042,0.0020,0.0000,0.0000,0.0000,0.0000,0.0005,0.0253,0.0009,0.0000,0.0000,0.0000,0.0000,0.0001,0.0008,0.0006,0.0002,0.0000,0.0000,0.0000,0.0000,0.0025,0.0005,0.0003,0.0000,0.0000,0.0000,0.0000,0.0000,0.0015,0.0001,0.0000,0.0000,0.0000,0.0000,0.0000,0.0000,0.0007,0.0000,0.0000,0.0000,0.0000,0.0000,0.0000,0.0000
olympus/pic.0934.jpg,0.0001,0.0002,0.0004,0.0001,0.0003,0.0001,0.0001,0.0010,0.0000,0.0000,0.0310,0.0065,0.0054,0.0007,0.0005,0.0000,0.0000,0.0000,0.3596,0.4397,0.0564,0.0007,0.0001,0.0000,0.0000,0.0000,0.0764,0.0077,0.0007,0.0000,0.0000,0.0000,0.0000,0.0001,0.0039,0.0019,0.0001,0.0000,0.0000,0.0000,0.0000,0.0001,0.0019,0.0001,0.0000,0.0000,0.0000,0.0000,0.0000,0.0008,0.0002,0.0000,0.0000,0.0000,0.0000,0.0000,0.0033,0.0000,0.0000,0.0000,0.0000,0.0000,0.0000,0.0000
olympus/pic.0935.jpg,0.0001,0.0000,0.0000,0.0000,0.0000,0.0001,0.0002,0.0058,0.0000,0.0000,0.0000,0.0005,0.0029,0.0015,0.0024,0.0001,0.0000,0.0001,0.4970,0.3752,0.0548,0.0066,0.0002,0.0000,0.0000,0.0002,0.0151,0.0240,0.0050,0.0001,0.0000,0.0000,0.0000,0.0007,0.0017,0.0008,0.0002,0.0000,0.0000,0.0000,0.0011,0.0007,0.0004,0.0000,0.0000,0.0000,0.0000,0.0000,0.0019,0.0001,0.0000,0.0000,0.0000,0.0000,0.0000,0.0000,0.0004,0.0000,0.0000,0.0000,0.0000,0.0000,0.0000,0.0000
olympus/pic.0936.jpg,0.0003,0.0000,0.0001,0.0001,0.0003,0.0002,0.0002,0.0068,0.0001,0.0001,0.0014,0.0061,0.0022,0.0004,0.0011,0.0001,0.0001,0.0006,0.2663,0.2644,0.0110,0.0040,0.0004,0.0000,0.0005,0.0769,0.1220,0.0748,0.0186,0.0004,0.0000,0.0000,0.0253,0.0609,0.0110,0.0072,0.0019,0.0000,0.0000,0.0000,0.0150,0.0037,0.0034,0.0001,0.0000,0.0000,0.0000,0.0000,0.0027,0.0019,0.0005,0.0000,0.0000,0.0000,0.0000,0.0000,0.0068,0.0000,0.0000,0.0000,0.0000,0.0000,0.0000,0.0000
olympus/pic.0937.jpg,0.0004,0.0001,0.0002,0.0002,0.0004,0.0004,0.0003,0.0044,0.0002,0.0002,0.0054,0.0132,0.0023,0.0005,0.0009,0.0001,0.0002,0.0016,0.3575,0.2725,0.0095,0.0024,0.0002,0.0000,0.0016,0.1026,0.1022,0.0444,0.0085,0.0001,0.0000,0.0000,0.0111,0.0223,0.0046,0.0030,0.0006,0.0000,0.0000,0.0000,0.0145,0.0032,0.0013,0.0001,0.0000,0.0000,0.0000,0.0000,0.0031,0.0006,0.0002,0.0000,0.0000,0.0000,0.0000,0.0000,0.0028,0.0000,0.0000,0.0000,0.0000,0.0000,0.0000,0.0000
olympus/pic.0938.jpg,0.0000,0.0000,0.0000,0.0000,0.0000,0.0000,0.0000,0.0000,0.0000,0.0000,0.0000,0.0000,0.0000,0.0000,0.0000,0.0000,0.0000,0.0000,0.5716,0.1516,0.0118,0.0000,0.0000,0.0000,0.0000,0.0075,0.0999,0.0242,0.0006,0.0000,0.0000,0.0000,0.0041,0.0204,0.0022,0.0000,0.0000,0.0000,0.0000,0.0000,0.0312,0.0030,0.0001,0.0000,0.0000,0.0000,0.0000,0.0000,0.0531,0.0001,0.0000,0.0000,0.0000,0.0000,0.0000,0.0000,0.0188,0.0000,0.0000,0.0000,0.0000,0.0000,0.0000,0.0000
olympus/pic.0939.jpg,0.0001,0.0000,0.0000,0.0000,0.0000,0.0000,0.0000,0.0000,0.0000,0.0000,0.0010,0.0002,0.0001,0.0000,0.0000,0.0000,0.0000,0.0001,0.8739,0.0781,0.0010,0.0001,0.0000,0.0000,0.0000,0.0056,0.0349,0.0015,0.0001,0.0000,0.0000,0.0000,0.0001,0.0009,0.0011,0.0000,0.0000,0.0000,0.0000,0.0000,0.0006,0.0001,0.0001,0.0000,0.0000,0.0000,0.0000,0.0000,0.0001,0.0000,0.0000,0.0000,0.0000,0.0000,0.0000,0.0000,0.0002,0.0000,0.0000,0.0000,0.0000,0.0000,0.0000,0.0000
olympus/pic.0940.jpg,0.0000,0.0000,0.0000,0.0000,0.0000,0.0000,0.0000,0.0000,0.0000,0.0000,0.0004,0.0012,0.0000,0.0000,0.0000,0.0000,0.0000,0.0002,0.5500,0.1423,0.0057,0.0001,0.0000,0.0000,0.0000,0.0318,0.1264,0.0529,0.0039,0.0000,0.0000,0.0000,0.0296,0.0190,0.0044,0.0003,0.0000,0.0000,0.0000,0.0000,0.0281,0.0003,0.0001,0.0000,0.0000,0.0000,0.0000,0.0000,0.0031,0.0000,0.0000,0.0000,0.0000,0.0000,0.0000,0.0000,0.0001,0.0000,0.0000,0.0000,0.0000,0.0000,0.0000,0.0000
olympus/pic.0941.jpg,0.0010,0.0008,0.0015,0.0011,0.0004,0.0001,0.0000,0.0005,0.0003,0.0006,0.0465,0.0097,0.0003,0.0000,0.0000,0.0000,0.0003,0.0029,0.7859,0.0888,0.0002,0.0001,0.0000,0.0000,0.0004,0.0024,0.0492,0.0028,0.0002,0.0000,0.0000,0.0000,0.0003,0.0008,0.0014,0.0002,0.0000,0.0000,0.0000,0.0000,0.0002,0.0001,0.0002,0.0000,0.0000,0.0000,0.0000,0.0000,0.0001,0.0001,0.0000,0.0000,0.0000,0.0000,0.0000,0.0000,0.0006,0.0000,0.0000,0.0000,0.0000,0.0000,0.0000,0.0000
olympus/pic.0942.jpg,0.0007,0.0000,0.0001,0.0000,0.0000,0.0001,0.0000,0.0005,0.0000,0.0001,0.0004,0.0001,0.0001,0.0000,0.0000,0.0000,0.0002,0.0005,0.9692,0.0014,0.0000,0.0001,0.0000,0.0000,0.0001,0.0003,0.0238,0.0007,0.0001,0.0000,0.0000,0.0000,0.0001,0.0001,0.0001,0.0001,0.0001,0.0000,0.0000,0.0000,0.0000,0.0001,0.0001,0.0000,0.0000,0.0000,0.0000,0.0000,0.0000,0.0000,0.0000,0.0000,0.0000,0.0000,0.0000,0.0000,0.0007,0.0000,0.0000,0.0000,0.0000,0.0000,0.0000,0.0000
olympus/pic.0943.jpg,0.0003,0.0002,0.0003,0.0003,0.0001,0.0000,0.0000,0.0002,0.0001,0.0001,0.0078,0.0022,0.0001,0.0000,0.0000,0.0000,0.0001,0.0006,0.8770,0.0287,0.0007,0.0000,0.0000,0.0000,0.0002,0.0023,0.0639,0.0024,0.0002,0.0000,0.0000,0.0000,0.0003,0.0019,0.0041,0.0002,0.0000,0.0000,0.0000,0.0000,0.0018,0.0010,0.0005,0.0000,0.0000,0.0000,0.0000,0.0000,0.0007,0.0004,0.0000,0.0000,0.0000,0.0000,0.0000,0.0000,0.0016,0.0000,0.0000,0.0000,0.0000,0.0000,0.0000,0.0000
olympus/pic.0944.jpg,0.0004,0.0001,0.0002,0.0001,0.0002,0.0002,0.0000,0.0011,0.0001,0.0001,0.0007,0.0009,0.0006,0.0000,0.0001,0.0000,0.0001,0.0003,0.8897,0.0524,0.0016,0.0005,0.0001,0.0000,0.0002,0.0007,0.0311,0.0112,0.0016,0.0001,0.0000,0.0000,0.0002,0.0005,0.0009,0.0007,0.0002,0.0000,0.0000,0.0000,0.0002,0.0002,0.0005,0.0000,0.0000,0.0000,0.0000,0.0000,0.0002,0.0003,0.0000,0.0000,0.0000,0.0000,0.0000,0.0000,0.0019,0.0000,0.0000,0.0000,0.0000,0.0000,0.0000,0.0000
olympus/pic.0945.jpg,0.0019,0.0003,0.0003,0.0001,0.0004,0.0003,0.0002,0.0037,0.0004,0.0004,0.0010,0.0048,0.0016,0.0002,0.0002,0.0000,0.0005,0.0066,0.7782,0.0517,0.0029,0.0005,0.0001,0.0000,0.0014,0.0086,0.0958,0.0036,0.0010,0.0000,0.0000,0.0000,0.0014,0.0049,0.0048,0.0005,0.0001,0.0000,0.0000,0.0000,0.0013,0.0010,0.0010,0.0000,0.0000,0.0000,0.0000,0.0000,0.0018,0.0011,0.0001,0.0000,0.0000,0.0000,0.0000,0.0000,0.0154,0.0000,0.0000,0.0000,0.0000,0.0000,0.0000,0.0000
olympus/pic.0946.jpg,0.0000,0.0000,0.0000,0.0000,0.0000,0.0000,0.0000,0.0005,0.0000,0.0000,0.0000,0.0001,0.0006,0.0003,0.0003,0.0000,0.0000,0.0001,0.2847,0.6650,0.0303,0.0008,0.0000,0.0000,0.0001,0.0002,0.0118,0.0033,0.0004,0.0000,0.0000,0.0000,0.0001,0.0001,0.0004,0.0001,0.0000,0.0000,0.0000,0.0000,0.0000,0.0001,0.0001,0.0000,0.0000,0.0000,0.0000,0.0000,0.0001,0.0000,0.0000,0.0000,0.0000,0.0000,0.0000,0.0000,0.0003,0.0000,0.0000,0.0000,0.0000,0.0000,0.0000,0.0000
olympus/pic.0947.jpg,0.0013,0.0004,0.0005,0.0002,0.0003,0.0003,0.0002,0.0021,0.0003,0.0008,0.0155,0.0086,0.0035,0.0004,0.0005,0.0000,0.0004,0.0019,0.6479,0.1558,0.0108,0.0009,0.0002,0.0000,0.0004,0.0030,0.0865,0.0121,0.0018,0.0001,0.0000,0.0000,0.0008,0.0024,0.0125,0.0031,0.0012,0.0000,0.0000,0.0000,0.0037,0.0014,0.0026,0.0000,0.0000,0.0000,0.0000,0.0000,0.0088,0.0009,0.0002,0.0000,0.0000,0.0000,0.0000,0.0000,0.0058,0.0000,0.0000,0.0000,0.0000,0.0000,0.0000,0.0000
olympus/pic.0948.jpg,0.0001,0.0001,0.0000,0.0000,0.0000,0.0000,0.0000,0.0001,0.0000,0.0001,0.0003,0.0002,0.0000,0.0000,0.0000,0.0000,0.0001,0.0003,0.8702,0.0043,0.0000,0.0000,0.0000,0.0000,0.0000,0.0007,0.0893,0.0023,0.0001,0.0000,0.0000,0.0000,0.0001,0.0015,0.0049,0.0009,0.0001,0.0000,0.0000,0.0000,0.0011,0.0014,0.0014,0.0000,0.0000,0.0000,0.0000,0.0000,0.0116,0.0007,0.0001,0.0000,0.0000,0.0000,0.0000,0.0000,0.0076,0.0000,0.0000,0.0000,0.0000,0.0000,0.0000,0.0000
olympus/pic.0949.jpg,0.0247,0.0009,0.0010,0.0003,0.0004,0.0001,0.0000,0.0072,0.0037,0.0024,0.0030,0.0010,0.0002,0.0000,0.0001,0.0000,0.0004,0.0096,0.7880,0.0677,0.0009,0.0010,0.0000,0.0000,0.0007,0.0018,0.0328,0.0297,0.0073,0.0000,0.0000,0.0000,0.0007,0.0010,0.0022,0.0014,0.0005,0.0000,0.0000,0.0000,0.0005,0.0001,0.0011,0.0001,0.0000,0.0000,0.0000,0.0000,0.0004,0.0006,0.0001,0.0000,0.0000,0.0000,0.0000,0.0000,0.0060,0.0000,0.0000,0.0000,0.0000,0.0000,0.0000,0.0000
olympus/pic.0950.jpg,0.0002,0.0001,0.0001,0.0000,0.0000,0.0000,0.0000,0.0001,0.0001,0.0001,0.0006,0.0002,0.0001,0.0000,0.0000,0.0000,0.0001,0.0009,0.4569,0.1024,0.0002,0.0001,0.0000,0.0000,0.0001,0.0020,0.3072,0.0639,0.0007,0.0000,0.0000,0.0000,0.0003,0.0055,0.0120,0.0011,0.0002,0.0000,0.0000,0.0000,0.0020,0.0030,0.0017,0.0000,0.0000,0.0000,0.0000,0.0000,0.0211,0.0013,0.0002,0.0000,0.0000,0.0000,0.0000,0.0000,0.0154,0.0000,0.0000,0.0000,0.0000,0.0000,0.0000,0.0000
olympus/pic.0951.jpg,0.0019,0.0006,0.0006,0.0002,0.0002,0.0001,0.0001,0.0029,0.0003,0.0005,0.0068,0.0015,0.0003,0.0001,0.0003,0.0000,0.0001,0.0010,0.5592,0.2169,0.0034,0.0008,0.0001,0.0000,0.0001,0.0078,0.1232,0.0348,0.0024,0.0001,0.0000,0.0000,0.0001,0.0229,0.0060,0.0008,0.0002,0.0000,0.0000,0.0000,0.0002,0.0022,0.0003,0.0000,0.0000,0.0000,0.0000,0.0000,0.0001,0.0002,0.0000,0.0000,0.0000,0.0000,0.0000,0.0000,0.0006,0.0000,0.0000,0.0000,0.0000,0.0000,0.0000,0.0000
olympus/pic.0952.jpg,0.0085,0.0048,0.0035,0.0012,0.0013,0.0004,0.0003,0.0036,0.0010,0.0038,0.0212,0.0046,0.0015,0.0005,0.0005,0.0000,0.0004,0.0039,0.7274,0.1223,0.0047,0.0009,0.0001,0.0000,0.0001,0.0005,0.0727,0.0046,0.0009,0.0000,0.0000,0.0000,0.0001,0.0003,0.0017,0.0004,0.0001,0.0000,0.0000,0.0000,0.0000,0.0002,0.0004,0.0000,0.0000,0.0000,0.0000,0.0000,0.0001,0.0003,0.0000,0.0000,0.0000,0.0000,0.0000,0.0000,0.0012,0.0000,0.0000,0.0000,0.0000,0.0000,0.0000,0.0000
olympus/pic.0953.jpg,0.0000,0.0000,0.0000,0.0000,0.0000,0.0000,0.0000,0.0003,0.0000,0.0000,0.0001,0.0003,0.0008,0.0005,0.0003,0.0000,0.0000,0.0000,0.0452,0.8447,0.1032,0.0015,0.0000,0.0000,0.0000,0.0000,0.0006,0.0020,0.0002,0.0000,0.0000,0.0000,0.0000,0.0000,0.0000,0.0000,0.0000,0.0000,0.0000,0.0000,0.0000,0.0000,0.0000,0.0000,0.0000,0.0000,0.0000,0.0000,0.0000,0.0000,0.0000,0.0000,0.0000,0.0000,0.0000,0.0000,0.0000,0.0000,0.0000,0.0000,0.0000,0.0000,0.0000,0.0000
olympus/pic.0954.jpg,0.0000,0.0000,0.0000,0.0000,0.0001,0.0002,0.0003,0.0111,0.0000,0.0000,0.0002,0.0007,0.0045,0.0048,0.0092,0.0001,0.0000,0.0000,0.0625,0.6569,0.2046,0.0267,0.0004,0.0000,0.0000,0.0000,0.0018,0.0076,0.0080,0.0000,0.0000,0.0000,0.0000,0.0000,0.0001,0.0001,0.0000,0.0000,0.0000,0.0000,0.0000,0.0000,0.0000,0.0000,0.0000,0.0000,0.0000,0.0000,0.0000,0.0000,0.0000,0.0000,0.0000,0.0000,0.0000,0.0000,0.0000,0.0000,0.0000,0.0000,0.0000,0.0000,0.0000,0.0000
olympus/pic.0955.jpg,0.0005,0.0003,0.0003,0.0002,0.0002,0.0002,0.0004,0.0114,0.0002,0.0002,0.0024,0.0040,0.0081,0.0045,0.0045,0.0003,0.0002,0.0005,0.6192,0.2091,0.0599,0.0069,0.0004,0.0000,0.0001,0.0014,0.0432,0.0080,0.0021,0.0001,0.0000,0.0000,0.0001,0.0022,0.0021,0.0010,0.0005,0.0000,0.0000,0.0000,0.0003,0.0007,0.0007,0.0000,0.0000,0.0000,0.0000,0.0000,0.0003,0.0004,0.0001,0.0000,0.0000,0.0000,0.0000,0.0000,0.0028,0.0000,0.0000,0.0000,0.0000,0.0000,0.0000,0.0000
olympus/pic.0956.jpg,0.0004,0.0005,0.0012,0.0005,0.0001,0.0001,0.0000,0.0003,0.0000,0.0006,0.0220,0.0029,0.0002,0.0001,0.0001,0.0000,0.0000,0.0009,0.6857,0.2818,0.0012,0.0001,0.0000,0.0000,0.0000,0.0000,0.0004,0.0005,0.0001,0.0000,0.0000,0.0000,0.0000,0.0000,0.0000,0.0000,0.0000,0.0000,0.0000,0.0000,0.0000,0.0000,0.0000,0.0000,0.0000,0.0000,0.0000,0.0000,0.0000,0.0000,0.0000,0.0000,0.0000,0.0000,0.0000,0.0000,0.0000,0.0000,0.0000,0.0000,0.0000,0.0000,0.0000,0.0000
olympus/pic.0957.jpg,0.0021,0.0004,0.0006,0.0002,0.0018,0.0004,0.0001,0.0247,0.0004,0.0004,0.0074,0.0097,0.0019,0.0007,0.0023,0.0003,0.0004,0.0015,0.5118,0.0967,0.0092,0.0070,0.0010,0.0000,0.0006,0.0021,0.1296,0.0555,0.0235,0.0005,0.0000,0.0000,0.0010,0.0029,0.0310,0.0165,0.0025,0.0000,0.0000,0.0000,0.0004,0.0026,0.0134,0.0004,0.0000,0.0000,0.0000,0.0000,0.0006,0.0063,0.0028,0.0000,0.0000,0.0000,0.0000,0.0000,0.0267,0.0001,0.0000,0.0000,0.0000,0.0000,0.0000,0.0000
olympus/pic.0958.jpg,0.0000,0.0000,0.0000,0.0000,0.0000,0.0000,0.0000,0.0002,0.0000,0.0000,0.0024,0.0011,0.0001,0.0000,0.0001,0.0000,0.0000,0.0002,0.2769,0.2489,0.0162,0.0002,0.0000,0.0000,0.0000,0.0002,0.0277,0.3751,0.0445,0.0000,0.0000,0.0000,0.0000,0.0001,0.0012,0.0031,0.0001,0.0000,0.0000,0.0000,0.0000,0.0000,0.0004,0.0000,0.0000,0.0000,0.0000,0.0000,0.0000,0.0002,0.0001,0.0000,0.0000,0.0000,0.0000,0.0000,0.0004,0.0000,0.0000,0.0000,0.0000,0.0000,0.0000,0.0000
olympus/pic.0959.jpg,0.0028,0.0009,0.0008,0.0006,0.0018,0.0012,0.0008,0.0200,0.0007,0.0103,0.0037,0.0057,0.0031,0.0011,0.0013,0.0001,0.0008,0.0062,0.6880,0.0716,0.0061,0.0024,0.0004,0.0000,0.0007,0.0057,0.0935,0.0149,0.0068,0.0002,0.0000,0.0000,0.0011,0.0070,0.0138,0.0018,0.0008,0.0000,0.0000,0.0000,0.0008,0.0023,0.0025,0.0000,0.0000,0.0000,0.0000,0.0000,0.0012,0.0015,0.0005,0.0000,0.0000,0.0000,0.0000,0.0000,0.0144,0.0000,0.0000,0.0000,0.0000,0.0000,0.0000,0.0000
olympus/pic.0960.jpg,0.0010,0.0003,0.0006,0.0005,0.0008,0.0004,0.0002,0.0113,0.0002,0.0005,0.0072,0.0051,0.0013,0.0006,0.0016,0.0002,0.0003,0.0034,0.6383,0.1311,0.0085,0.0041,0.0004,0.0000,0.0004,0.0043,0.0852,0.0174,0.0063,0.0002,0.0000,0.0000,0.0007,0.0081,0.0109,0.0024,0.0008,0.0000,0.0000,0.0000,0.0148,0.0085,0.0025,0.0001,0.0000,0.0000,0.0000,0.0000,0.0082,0.0018,0.0003,0.0000,0.0000,0.0000,0.0000,0.0000,0.0094,0.0000,0.0000,0.0000,0.0000,0.0000,0.0000,0.0000
olympus/pic.0961.jpg,0.0001,0.0000,0.0001,0.0001,0.0001,0.0000,0.0000,0.0008,0.0000,0.0001,0.0073,0.0067,0.0001,0.0000,0.0001,0.0000,0.0001,0.0002,0.8495,0.0047,0.0002,0.0002,0.0001,0.0000,0.0000,0.0010,0.0455,0.0030,0.0006,0.0000,0.0000,0.0000,0.0001,0.0064,0.0021,0.0010,0.0005,0.0000,0.0000,0.0000,0.0022,0.0099,0.0008,0.0000,0.0000,0.0000,0.0000,0.0000,0.0434,0.0053,0.0001,0.0000,0.0000,0.0000,0.0000,0.0000,0.0075,0.0000,0.0000,0.0000,0.0000,0.0000,0.0000,0.0000
olympus/pic.0962.jpg,0.0002,0.0001,0.0001,0.0000,0.0000,0.0000,0.0000,0.0003,0.0001,0.0001,0.0058,0.0002,0.0001,0.0000,0.0000,0.0000,0.0001,0.0006,0.8083,0.0018,0.0001,0.0001,0.0000,0.0000,0.0000,0.0010,0.0700,0.0019,0.0002,0.0000,0.0000,0.0000,0.0001,0.0087,0.0068,0.0010,0.0003,0.0000,0.0000,0.0000,0.0024,0.0132,0.0010,0.0000,0.0000,0.0000,0.0000,0.0000,0.0566,0.0050,0.0001,0.0000,0.0000,0.0000,0.0000,0.0000,0.0137,0.0000,0.0000,0.0000,0.0000,0.0000,0.0000,0.0000
olympus/pic.0963.jpg,0.0000,0.0000,0.0000,0.0001,0.0001,0.0004,0.0003,0.0050,0.0000,0.0000,0.0032,0.0387,0.0092,0.0015,0.0021,0.0001,0.0000,0.0000,0.2127,0.6023,0.0557,0.0047,0.0003,0.0000,0.0000,0.0004,0.0178,0.0241,0.0064,0.0002,0.0000,0.0000,0.0000,0.0026,0.0007,0.0005,0.0003,0.0000,0.0000,0.0000,0.0048,0.0045,0.0001,0.0000,0.0000,0.0000,0.0000,0.0000,0.0009,0.0001,0.0000,0.0000,0.0000,0.0000,0.0000,0.0000,0.0002,0.0000,0.0000,0.0000,0.0000,0.0000,0.0000,0.0000
olympus/pic.0964.jpg,0.0001,0.0001,0.0002,0.0005,0.0008,0.0007,0.0005,0.0077,0.0000,0.0000,0.0018,0.0103,0.0042,0.0016,0.0019,0.0001,0.0000,0.0001,0.3870,0.5252,0.0272,0.0042,0.0003,0.0000,0.0000,0.0000,0.0039,0.0171,0.0030,0.0001,0.0000,0.0000,0.0000,0.0000,0.0001,0.0004,0.0002,0.0000,0.0000,0.0000,0.0000,0.0000,0.0001,0.0000,0.0000,0.0000,0.0000,0.0000,0.0000,0.0000,0.0000,0.0000,0.0000,0.0000,0.0000,0.0000,0.0003,0.0000,0.0000,0.0000,0.0000,0.0000,0.0000,0.0000
olympus/pic.0965.jpg,0.0002,0.0001,0.0002,0.0001,0.0001,0.0001,0.0001,0.0013,0.0001,0.0001,0.0056,0.0743,0.0272,0.0045,0.0011,0.0001,0.0001,0.0002,0.2415,0.3445,0.2117,0.0144,0.0002,0.0000,0.0000,0.0002,0.0040,0.0397,0.0213,0.0001,0.0000,0.0000,0.0002,0.0003,0.0004,0.0002,0.0001,0.0000,0.0000,0.0000,0.0008,0.0005,0.0000,0.0000,0.0000,0.0000,0.0000,0.0000,0.0035,0.0001,0.0000,0.0000,0.0000,0.0000,0.0000,0.0000,0.0007,0.0000,0.0000,0.0000,0.0000,0.0000,0.0000,0.0000
olympus/pic.0966.jpg,0.0028,0.0012,0.0010,0.0003,0.0003,0.0002,0.0002,0.0054,0.0004,0.0005,0.0031,0.0057,0.0056,0.0011,0.0019,0.0001,0.0003,0.0007,0.4151,0.3476,0.0428,0.0068,0.0006,0.0000,0.0002,0.0005,0.0650,0.0566,0.0102,0.0003,0.0000,0.0000,0.0002,0.0025,0.0085,0.0036,0.0009,0.0000,0.0000,0.0000,0.0001,0.0008,0.0017,0.0001,0.0000,0.0000,0.0000,0.0000,0.0001,0.0008,0.0002,0.0000,0.0000,0.0000,0.0000,0.0000,0.0039,0.0000,0.0000,0.0000,0.0000,0.0000,0.0000,0.0000
olympus/pic.0967.jpg,0.0095,0.0050,0.0046,0.0003,0.0001,0.0000,0.0000,0.0003,0.0022,0.0109,0.3225,0.0011,0.0001,0.0001,0.0000,0.0000,0.0011,0.0167,0.5550,0.0523,0.0010,0.0001,0.0000,0.0000,0.0005,0.0039,0.0093,0.0011,0.0001,0.0000,0.0000,0.0000,0.0003,0.0009,0.0001,0.0000,0.0000,0.0000,0.0000,0.0000,0.0002,0.0001,0.0000,0.0000,0.0000,0.0000,0.0000,0.0000,0.0001,0.0000,0.0000,0.0000,0.0000,0.0000,0.0000,0.0000,0.0004,0.0000,0.0000,0.0000,0.0000,0.0000,0.0000,0.0000
olympus/pic.0968.jpg,0.0086,0.0041,0.0027,0.0001,0.0001,0.0000,0.0000,0.0001,0.0045,0.0104,0.2120,0.0005,0.0000,0.0000,0.0000,0.0000,0.0013,0.0269,0.6860,0.0163,0.0001,0.0000,0.0000,0.0000,0.0013,0.0054,0.0138,0.0016,0.0001,0.0000,0.0000,0.0000,0.0005,0.0012,0.0002,0.0000,0.0000,0.0000,0.0000,0.0000,0.0006,0.0001,0.0000,0.0000,0.0000,0.0000,0.0000,0.0000,0.0008,0.0000,0.0000,0.0000,0.0000,0.0000,0.0000,0.0000,0.0003,0.0000,0.0000,0.0000,0.0000,0.0000,0.0000,0.0000
olympus/pic.0969.jpg,0.0032,0.2089,0.0017,0.0001,0.0000,0.0000,0.0000,0.0001,0.0004,0.0985,0.1004,0.0002,0.0000,0.0000,0.0000,0.0000,0.0001,0.0021,0.5451,0.0149,0.0000,0.0000,0.0000,0.0000,0.0001,0.0008,0.0172,0.0045,0.0001,0.0000,0.0000,0.0000,0.0001,0.0002,0.0003,0.0001,0.0001,0.0000,0.0000,0.0000,0.0002,0.0000,0.0001,0.0000,0.0000,0.0000,0.0000,0.0000,0.0001,0.0001,0.0000,0.0000,0.0000,0.0000,0.0000,0.0000,0.0003,0.0000,0.0000,0.0000,0.0000,0.0000,0.0000,0.0000
olympus/pic.0970.jpg,0.0031,0.0023,0.0019,0.0009,0.0011,0.0005,0.0002,0.0082,0.0004,0.0007,0.0648,0.0070,0.0008,0.0002,0.0006,0.0001,0.0002,0.0012,0.7203,0.0992,0.0029,0.0016,0.0003,0.0000,0.0002,0.0007,0.0330,0.0303,0.0055,0.0002,0.0000,0.0000,0.0002,0.0004,0.0025,0.0036,0.0006,0.0000,0.0000,0.0000,0.0001,0.0002,0.0011,0.0001,0.0000,0.0000,0.0000,0.0000,0.0001,0.0004,0.0003,0.0000,0.0000,0.0000,0.0000,0.0000,0.0019,0.0000,0.0000,0.0000,0.0000,0.0000,0.0000,0.0000
olympus/pic.0971.jpg,0.0007,0.0004,0.0010,0.0033,0.0001,0.0000,0.0000,0.0002,0.0001,0.0001,0.0176,0.0068,0.0000,0.0000,0.0000,0.0000,0.0001,0.0003,0.8642,0.0008,0.0000,0.0000,0.0000,0.0000,0.0002,0.0008,0.0964,0.0007,0.0000,0.0000,0.0000,0.0000,0.0002,0.0005,0.0027,0.0002,0.0000,0.0000,0.0000,0.0000,0.0001,0.0002,0.0004,0.0000,0.0000,0.0000,0.0000,0.0000,0.0001,0.0002,0.0000,0.0000,0.0000,0.0000,0.0000,0.0000,0.0013,0.0000,0.0000,0.0000,0.0000,0.0000,0.0000,0.0000
olympus/pic.0972.jpg,0.0003,0.0000,0.0000,0.0000,0.0000,0.0000,0.0000,0.0003,0.0003,0.0000,0.0029,0.0002,0.0000,0.0000,0.0000,0.0000,0.0002,0.0013,0.8569,0.0065,0.0002,0.0000,0.0000,0.0000,0.0003,0.0029,0.0896,0.0043,0.0001,0.0000,0.0000,0.0000,0.0003,0.0089,0.0032,0.0002,0.0001,0.0000,0.0000,0.0000,0.0015,0.0069,0.0003,0.0000,0.0000,0.0000,0.0000,0.0000,0.0098,0.0004,0.0000,0.0000,0.0000,0.0000,0.0000,0.0000,0.0020,0.0000,0.0000,0.0000,0.0000,0.0000,0.0000,0.0000
olympus/pic.0973.jpg,0.0011,0.0004,0.0004,0.0001,0.0001,0.0000,0.0000,0.0002,0.0004,0.0005,0.0191,0.0003,0.0000,0.0000,0.0000,0.0000,0.0003,0.0034,0.9254,0.0126,0.0000,0.0000,0.0000,0.0000,0.0001,0.0009,0.0329,0.0007,0.0000,0.0000,0.0000,0.0000,0.0001,0.0003,0.0001,0.0000,0.0000,0.0000,0.0000,0.0000,0.0000,0.0000,0.0000,0.0000,0.0000,0.0000,0.0000,0.0000,0.0000,0.0000,0.0000,0.0000,0.0000,0.0000,0.0000,0.0000,0.0001,0.0000,0.0000,0.0000,0.0000,0.0000,0.0000,0.0000
olympus/pic.0974.jpg,0.0004,0.0004,0.0004,0.0002,0.0003,0.0002,0.0001,0.0025,0.0000,0.0001,0.0055,0.0120,0.0005,0.0001,0.0002,0.0000,0.0000,0.0002,0.5295,0.4062,0.0017,0.0005,0.0001,0.0000,0.0000,0.0001,0.0145,0.0218,0.0012,0.0000,0.0000,0.0000,0.0001,0.0000,0.0002,0.0002,0.0001,0.0000,0.0000,0.0000,0.0000,0.0000,0.0001,0.0000,0.0000,0.0000,0.0000,0.0000,0.0000,0.0000,0.0000,0.0000,0.0000,0.0000,0.0000,0.0000,0.0003,0.0000,0.0000,0.0000,0.0000,0.0000,0.0000,0.0000
olympus/pic.0975.jpg,0.0032,0.0024,0.0028,0.0010,0.0009,0.0004,0.0002,0.0047,0.0003,0.0010,0.0249,0.0071,0.0011,0.0003,0.0007,0.0000,0.0001,0.0015,0.7423,0.1452,0.0043,0.0016,0.0002,0.0000,0.0002,0.0020,0.0269,0.0150,0.0037,0.0001,0.0000,0.0000,0.0002,0.0016,0.0013,0.0005,0.0002,0.0000,0.0000,0.0000,0.0002,0.0002,0.0003,0.0000,0.0000,0.0000,0.0000,0.0000,0.0001,0.0002,0.0000,0.0000,0.0000,0.0000,0.0000,0.0000,0.0009,0.0000,0.0000,0.0000,0.0000,0.0000,0.0000,0.0000
olympus/pic.0976.jpg,0.0015,0.0006,0.0007,0.0002,0.0000,0.0000,0.0000,0.0008,0.0004,0.0003,0.3609,0.0003,0.0001,0.0000,0.0000,0.0000,0.0003,0.0007,0.4349,0.0262,0.0002,0.0004,0.0001,0.0000,0.0002,0.0005,0.0808,0.0315,0.0022,0.0001,0.0000,0.0000,0.0003,0.0005,0.0095,0.0156,0.0018,0.0000,0.0000,0.0000,0.0002,0.0004,0.0090,0.0006,0.0000,0.0000,0.0000,0.0000,0.0002,0.0043,0.0013,0.0000,0.0000,0.0000,0.0000,0.0000,0.0121,0.0002,0.0000,0.0000,0.0000,0.0000,0.0000,0.0000
olympus/pic.0977.jpg,0.0013,0.0007,0.0006,0.0000,0.0000,0.0000,0.0000,0.0000,0.0003,0.0010,0.1433,0.0001,0.0000,0.0000,0.0000,0.0000,0.0002,0.0012,0.8455,0.0001,0.0000,0.0000,0.0000,0.0000,0.0001,0.0003,0.0052,0.0000,0.0000,0.0000,0.0000,0.0000,0.0000,0.0000,0.0000,0.0000,0.0000,0.0000,0.0000,0.0000,0.0000,0.0000,0.0000,0.0000,0.0000,0.0000,0.0000,0.0000,0.0000,0.0000,0.0000,0.0000,0.0000,0.0000,0.0000,0.0000,0.0000,0.0000,0.0000,0.0000,0.0000,0.0000,0.0000,0.0000
olympus/pic.0978.jpg,0.0010,0.0010,0.0006,0.0001,0.0001,0.0001,0.0001,0.0003,0.0001,0.0031,0.0381,0.0110,0.0019,0.0001,0.0001,0.0000,0.0001,0.0018,0.7634,0.1587,0.0028,0.0001,0.0000,0.0000,0.0000,0.0002,0.0142,0.0006,0.0001,0.0000,0.0000,0.0000,0.0000,0.0000,0.0001,0.0000,0.0000,0.0000,0.0000,0.0000,0.0000,0.0000,0.0000,0.0000,0.0000,0.0000,0.0000,0.0000,0.0000,0.0000,0.0000,0.0000,0.0000,0.0000,0.0000,0.0000,0.0001,0.0000,0.0000,0.0000,0.0000,0.0000,0.0000,0.0000
olympus/pic.0979.jpg,0.0014,0.0023,0.0138,0.0007,0.0001,0.0003,0.0000,0.0003,0.0006,0.0043,0.1160,0.0031,0.0010,0.0000,0.0000,0.0000,0.0006,0.0097,0.6097,0.0120,0.0001,0.0000,0.0001,0.0000,0.0005,0.0034,0.1588,0.0022,0.0001,0.0000,0.0000,0.0000,0.0002,0.0044,0.0496,0.0010,0.0005,0.0000,0.0000,0.0000,0.0003,0.0006,0.0005,0.0000,0.0000,0.0000,0.0000,0.0000,0.0001,0.0001,0.0000,0.0000,0.0000,0.0000,0.0000,0.0000,0.0017,0.0000,0.0000,0.0000,0.0000,0.0000,0.0000,0.0000
olympus/pic.0980.jpg,0.0139,0.0008,0.0178,0.0145,0.0010,0.0000,0.0000,0.0001,0.0001,0.0002,0.0567,0.0094,0.0000,0.0000,0.0000,0.0000,0.0002,0.0013,0.5900,0.0572,0.0000,0.0000,0.0000,0.0000,0.0004,0.0287,0.1581,0.0011,0.0000,0.0000,0.0000,0.0000,0.0017,0.0301,0.0024,0.0002,0.0000,0.0000,0.0000,0.0000,0.0045,0.0026,0.0005,0.0000,0.0000,0.0000,0.0000,0.0000,0.0026,0.0004,0.0001,0.0000,0.0000,0.0000,0.0000,0.0000,0.0033,0.0000,0.0000,0.0000,0.0000,0.0000,0.0000,0.0000
olympus/pic.0981.jpg,0.0053,0.0015,0.0028,0.0018,0.0050,0.0025,0.0012,0.0150,0.0006,0.0012,0.0098,0.0285,0.0042,0.0009,0.0007,0.0000,0.0003,0.0027,0.7520,0.0817,0.0025,0.0009,0.0001,0.0000,0.0005,0.0037,0.0463,0.0040,0.0018,0.0000,0.0000,0.0000,0.0007,0.0036,0.0026,0.0006,0.0004,0.0000,0.0000,0.0000,0.0010,0.0011,0.0010,0.0000,0.0000,0.0000,0.0000,0.0000,0.0012,0.0008,0.0001,0.0000,0.0000,0.0000,0.0000,0.0000,0.0095,0.0000,0.0000,0.0000,0.0000,0.0000,0.0000,0.0000
olympus/pic.0982.jpg,0.0015,0.0015,0.0038,0.0040,0.0056,0.0042,0.0026,0.0222,0.0001,0.0007,0.0749,0.0446,0.0120,0.0031,0.0017,0.0001,0.0001,0.0005,0.4685,0.3210,0.0113,0.0016,0.0001,0.0000,0.0001,0.0010,0.0054,0.0014,0.0006,0.0000,0.0000,0.0000,0.0002,0.0012,0.0002,0.0002,0.0001,0.0000,0.0000,0.0000,0.0008,0.0005,0.0001,0.0000,0.0000,0.0000,0.0000,0.0000,0.0007,0.0001,0.0000,0.0000,0.0000,0.0000,0.0000,0.0000,0.0015,0.0000,0.0000,0.0000,0.0000,0.0000,0.0000,0.0000
olympus/pic.0983.jpg,0.0009,0.0005,0.0005,0.0003,0.0004,0.0002,0.0001,0.0015,0.0001,0.0002,0.0021,0.0018,0.0005,0.0001,0.0001,0.0000,0.0001,0.0006,0.9227,0.0318,0.0004,0.0001,0.0000,0.0000,0.0001,0.0060,0.0218,0.0013,0.0003,0.0000,0.0000,0.0000,0.0002,0.0039,0.0003,0.0002,0.0001,0.0000,0.0000,0.0000,0.0001,0.0000,0.0001,0.0000,0.0000,0.0000,0.0000,0.0000,0.0001,0.0000,0.0000,0.0000,0.0000,0.0000,0.0000,0.0000,0.0005,0.0000,0.0000,0.0000,0.0000,0.0000,0.0000,0.0000
olympus/pic.0984.jpg,0.0008,0.0007,0.0018,0.0000,0.0000,0.0000,0.0000,0.0000,0.0000,0.0002,0.1384,0.0000,0.0000,0.0000,0.0000,0.0000,0.0000,0.0003,0.8421,0.0000,0.0000,0.0000,0.0000,0.0000,0.0000,0.0008,0.0028,0.0001,0.0000,0.0000,0.0000,0.0000,0.0001,0.0019,0.0000,0.0001,0.0000,0.0000,0.0000,0.0000,0.0022,0.0009,0.0000,0.0000,0.0000,0.0000,0.0000,0.0000,0.0055,0.0000,0.0000,0.0000,0.0000,0.0000,0.0000,0.0000,0.0010,0.0000,0.0000,0.0000,0.0000,0.0000,0.0000,0.0000
olympus/pic.0985.jpg,0.0351,0.0473,0.0494,0.0042,0.0014,0.0005,0.0001,0.0012,0.0038,0.0162,0.3425,0.0106,0.0009,0.0001,0.0000,0.0000,0.0007,0.0055,0.4362,0.0131,0.0005,0.0000,0.0000,0.0000,0.0002,0.0052,0.0117,0.0046,0.0001,0.0000,0.0000,0.0000,0.0003,0.0031,0.0001,0.0001,0.0000,0.0000,0.0000,0.0000,0.0026,0.0006,0.0000,0.0000,0.0000,0.0000,0.0000,0.0000,0.0013,0.0000,0.0000,0.0000,0.0000,0.0000,0.0000,0.0000,0.0003,0.0000,0.0000,0.0000,0.0000,0.0000,0.0000,0.0000
olympus/pic.0986.jpg,0.0017,0.0009,0.0010,0.0005,0.0004,0.0003,0.0001,0.0070,0.0006,0.0003,0.0088,0.0023,0.0016,0.0006,0.0011,0.0001,0.0006,0.0021,0.8394,0.0431,0.0069,0.0024,0.0004,0.0000,0.0005,0.0036,0.0286,0.0096,0.0029,0.0001,0.0000,0.0000,0.0004,0.0075,0.0024,0.0016,0.0012,0.0000,0.0000,0.0000,0.0030,0.0041,0.0004,0.0000,0.0000,0.0000,0.0000,0.0000,0.0080,0.0003,0.0001,0.0000,0.0000,0.0000,0.0000,0.0000,0.0034,0.0000,0.0000,0.0000,0.0000,0.0000,0.0000,0.0000
olympus/pic.0987.jpg,0.0022,0.0013,0.0019,0.0004,0.0002,0.0001,0.0000,0.0005,0.0003,0.0009,0.0339,0.0011,0.0000,0.0000,0.0000,0.0000,0.0002,0.0018,0.8920,0.0012,0.0000,0.0000,0.0000,0.0000,0.0001,0.0013,0.0181,0.0084,0.0001,0.0000,0.0000,0.0000,0.0002,0.0053,0.0016,0.0018,0.0000,0.0000,0.0000,0.0000,0.0023,0.0045,0.0005,0.0000,0.0000,0.0000,0.0000,0.0000,0.0109,0.0011,0.0000,0.0000,0.0000,0.0000,0.0000,0.0000,0.0057,0.0000,0.0000,0.0000,0.0000,0.0000,0.0000,0.0000
olympus/pic.0988.jpg,0.0017,0.0004,0.0003,0.0001,0.0001,0.0000,0.0000,0.0005,0.0006,0.0004,0.0179,0.0003,0.0000,0.0000,0.0000,0.0000,0.0002,0.0418,0.8849,0.0054,0.0001,0.0001,0.0000,0.0000,0.0006,0.0089,0.0222,0.0012,0.0002,0.0000,0.0000,0.0000,0.0005,0.0074,0.0003,0.0001,0.0000,0.0000,0.0000,0.0000,0.0007,0.0014,0.0001,0.0000,0.0000,0.0000,0.0000,0.0000,0.0003,0.0001,0.0000,0.0000,0.0000,0.0000,0.0000,0.0000,0.0010,0.0000,0.0000,0.0000,0.0000,0.0000,0.0000,0.0000
olympus/pic.0989.jpg,0.0030,0.0031,0.0082,0.0023,0.0089,0.0031,0.0010,0.0204,0.0004,0.0009,0.0592,0.0224,0.0066,0.0029,0.0029,0.0002,0.0002,0.0024,0.3663,0.2397,0.0198,0.0044,0.0006,0.0000,0.0002,0.0010,0.1438,0.0450,0.0068,0.0002,0.0000,0.0000,0.0003,0.0018,0.0065,0.0040,0.0009,0.0000,0.0000,0.0000,0.0002,0.0018,0.0021,0.0001,0.0000,0.0000,0.0000,0.0000,0.0004,0.0010,0.0003,0.0000,0.0000,0.0000,0.0000,0.0000,0.0047,0.0000,0.0000,0.0000,0.0000,0.0000,0.0000,0.0000
olympus/pic.0990.jpg,0.0003,0.0003,0.0022,0.0041,0.0028,0.0017,0.0011,0.0081,0.0000,0.0001,0.0770,0.0897,0.0106,0.0018,0.0018,0.0000,0.0000,0.0001,0.2898,0.3168,0.0170,0.0026,0.0001,0.0000,0.0000,0.0003,0.0288,0.1281,0.0019,0.0000,0.0000,0.0000,0.0001,0.0006,0.0018,0.0062,0.0001,0.0000,0.0000,0.0000,0.0004,0.0007,0.0005,0.0000,0.0000,0.0000,0.0000,0.0000,0.0010,0.0002,0.0001,0.0000,0.0000,0.0000,0.0000,0.0000,0.0010,0.0000,0.0000,0.0000,0.0000,0.0000,0.0000,0.0000
olympus/pic.0991.jpg,0.0125,0.0026,0.0021,0.0007,0.0004,0.0002,0.0001,0.0047,0.0034,0.0032,0.0076,0.0010,0.0002,0.0000,0.0001,0.0000,0.0036,0.0134,0.5972,0.0117,0.0007,0.0021,0.0003,0.0000,0.0024,0.0146,0.1087,0.0754,0.0190,0.0002,0.0000,0.0000,0.0019,0.0041,0.0099,0.0364,0.0162,0.0000,0.0000,0.0000,0.0019,0.0012,0.0099,0.0004,0.0000,0.0000,0.0000,0.0000,0.0006,0.0031,0.0013,0.0000,0.0000,0.0000,0.0000,0.0000,0.0245,0.0001,0.0000,0.0000,0.0000,0.0000,0.0000,0.0000
olympus/pic.0992.jpg,0.0013,0.0006,0.0006,0.0002,0.0001,0.0000,0.0000,0.0004,0.0004,0.0002,0.0023,0.0004,0.0001,0.0000,0.0000,0.0000,0.0003,0.0011,0.9560,0.0131,0.0003,0.0001,0.0000,0.0000,0.0004,0.0009,0.0165,0.0016,0.0002,0.0000,0.0000,0.0000,0.0003,0.0003,0.0005,0.0003,0.0001,0.0000,0.0000,0.0000,0.0001,0.0001,0.0002,0.0000,0.0000,0.0000,0.0000,0.0000,0.0002,0.0001,0.0001,0.0000,0.0000,0.0000,0.0000,0.0000,0.0008,0.0000,0.0000,0.0000,0.0000,0.0000,0.0000,0.0000
olympus/pic.0993.jpg,0.0023,0.0007,0.0007,0.0004,0.0001,0.0005,0.0001,0.0007,0.0006,0.0011,0.0233,0.0070,0.0028,0.0000,0.0000,0.0000,0.0005,0.0016,0.8814,0.0315,0.0015,0.0001,0.0001,0.0000,0.0003,0.0009,0.0378,0.0011,0.0002,0.0000,0.0000,0.0000,0.0002,0.0004,0.0005,0.0003,0.0002,0.0000,0.0000,0.0000,0.0001,0.0001,0.0001,0.0000,0.0000,0.0000,0.0000,0.0000,0.0001,0.0001,0.0000,0.0000,0.0000,0.0000,0.0000,0.0000,0.0007,0.0000,0.0000,0.0000,0.0000,0.0000,0.0000,0.0000
olympus/pic.0994.jpg,0.0029,0.0014,0.0012,0.0005,0.0002,0.0001,0.0000,0.0005,0.0011,0.0024,0.0192,0.0013,0.0005,0.0000,0.0000,0.0000,0.0006,0.0069,0.7063,0.0125,0.0017,0.0001,0.0000,0.0000,0.0005,0.0050,0.2274,0.0040,0.0004,0.0001,0.0000,0.0000,0.0004,0.0007,0.0007,0.0002,0.0001,0.0000,0.0000,0.0000,0.0001,0.0002,0.0002,0.0000,0.0000,0.0000,0.0000,0.0000,0.0001,0.0001,0.0000,0.0000,0.0000,0.0000,0.0000,0.0000,0.0006,0.0000,0.0000,0.0000,0.0000,0.0000,0.0000,0.0000
olympus/pic.0995.jpg,0.0015,0.0006,0.0008,0.0002,0.0002,0.0001,0.0000,0.0013,0.0002,0.0005,0.1574,0.0007,0.0001,0.0000,0.0000,0.0000,0.0003,0.0017,0.7853,0.0077,0.0002,0.0000,0.0001,0.0000,0.0002,0.0007,0.0290,0.0093,0.0005,0.0000,0.0000,0.0000,0.0001,0.0001,0.0002,0.0002,0.0002,0.0000,0.0000,0.0000,0.0001,0.0000,0.0001,0.0000,0.0000,0.0000,0.0000,0.0000,0.0000,0.0000,0.0000,0.0000,0.0000,0.0000,0.0000,0.0000,0.0004,0.0000,0.0000,0.0000,0.0000,0.0000,0.0000,0.0000
olympus/pic.0996.jpg,0.0001,0.0000,0.0000,0.0000,0.0000,0.0000,0.0000,0.0002,0.0000,0.0000,0.0003,0.0003,0.0000,0.0000,0.0000,0.0000,0.0000,0.0010,0.6921,0.0638,0.0001,0.0001,0.0000,0.0000,0.0000,0.0004,0.2375,0.0027,0.0001,0.0000,0.0000,0.0000,0.0000,0.0001,0.0004,0.0001,0.0001,0.0000,0.0000,0.0000,0.0000,0.0000,0.0001,0.0000,0.0000,0.0000,0.0000,0.0000,0.0000,0.0000,0.0000,0.0000,0.0000,0.0000,0.0000,0.0000,0.0001,0.0000,0.0000,0.0000,0.0000,0.0000,0.0000,0.0000
olympus/pic.0997.jpg,0.0011,0.0008,0.0010,0.0014,0.0014,0.0006,0.0004,0.0095,0.0002,0.0002,0.1482,0.0248,0.0033,0.0007,0.0012,0.0001,0.0001,0.0004,0.4043,0.3422,0.0099,0.0026,0.0003,0.0000,0.0001,0.0003,0.0262,0.0121,0.0024,0.0001,0.0000,0.0000,0.0001,0.0005,0.0008,0.0010,0.0003,0.0000,0.0000,0.0000,0.0000,0.0002,0.0004,0.0000,0.0000,0.0000,0.0000,0.0000,0.0000,0.0001,0.0001,0.0000,0.0000,0.0000,0.0000,0.0000,0.0007,0.0000,0.0000,0.0000,0.0000,0.0000,0.0000,0.0000
olympus/pic.0998.jpg,0.0010,0.0003,0.0003,0.0001,0.0000,0.0000,0.0000,0.0001,0.0003,0.0006,0.0043,0.0002,0.0000,0.0000,0.0000,0.0000,0.0001,0.0008,0.8574,0.0030,0.0000,0.0000,0.0000,0.0000,0.0001,0.0002,0.1194,0.0077,0.0001,0.0000,0.0000,0.0000,0.0000,0.0000,0.0028,0.0007,0.0000,0.0000,0.0000,0.0000,0.0000,0.0000,0.0002,0.0000,0.0000,0.0000,0.0000,0.0000,0.0000,0.0000,0.0000,0.0000,0.0000,0.0000,0.0000,0.0000,0.0001,0.0000,0.0000,0.0000,0.0000,0.0000,0.0000,0.0000
olympus/pic.0999.jpg,0.0099,0.0043,0.0058,0.0010,0.0008,0.0029,0.0001,0.0034,0.0024,0.0172,0.0873,0.0080,0.0045,0.0000,0.0002,0.0000,0.0010,0.0096,0.5970,0.0472,0.0039,0.0004,0.0021,0.0000,0.0005,0.0022,0.0856,0.0519,0.0043,0.0002,0.0000,0.0000,0.0004,0.0019,0.0161,0.0078,0.0037,0.0000,0.0000,0.0000,0.0004,0.0017,0.0110,0.0000,0.0000,0.0000,0.0000,0.0000,0.0002,0.0007,0.0002,0.0000,0.0000,0.0000,0.0000,0.0000,0.0019,0.0000,0.0000,0.0000,0.0000,0.0000,0.0000,0.0000
olympus/pic.1000.jpg,0.0018,0.0018,0.0008,0.0000,0.0000,0.0000,0.0000,0.0000,0.0004,0.0194,0.0664,0.0000,0.0000,0.0000,0.0000,0.0000,0.0003,0.0059,0.8052,0.0001,0.0000,0.0000,0.0000,0.0000,0.0003,0.0031,0.0882,0.0002,0.0000,0.0000,0.0000,0.0000,0.0004,0.0028,0.0017,0.0000,0.0000,0.0000,0.0000,0.0000,0.0003,0.0004,0.0000,0.0000,0.0000,0.0000,0.0000,0.0000,0.0002,0.0000,0.0000,0.0000,0.0000,0.0000,0.0000,0.0000,0.0002,0.0000,0.0000,0.0000,0.0000,0.0000,0.0000,0.0000
olympus/pic.1001.jpg,0.0014,0.0010,0.0016,0.0001,0.0000,0.0000,0.0000,0.0000,0.0002,0.0012,0.1458,0.0001,0.0000,0.0000,0.0000,0.0000,0.0000,0.0007,0.8117,0.0001,0.0000,0.0000,0.0000,0.0000,0.0000,0.0001,0.0359,0.0000,0.0000,0.0000,0.0000,0.0000,0.0000,0.0000,0.0000,0.0000,0.0000,0.0000,0.0000,0.0000,0.0000,0.0000,0.0000,0.0000,0.0000,0.0000,0.0000,0.0000,0.0000,0.0000,0.0000,0.0000,0.0000,0.0000,0.0000,0.0000,0.0000,0.0000,0.0000,0.0000,0.0000,0.0000,0.0000,0.0000
olympus/pic.1002.jpg,0.0079,0.0025,0.0029,0.0011,0.0006,0.0005,0.0001,0.0021,0.0028,0.0046,0.0728,0.0069,0.0015,0.0000,0.0001,0.0000,0.0014,0.0087,0.5368,0.0316,0.0014,0.0002,0.0003,0.0000,0.0009,0.0018,0.0992,0.0267,0.0026,0.0000,0.0000,0.0000,0.0008,0.0012,0.1218,0.0031,0.0012,0.0000,0.0000,0.0000,0.0003,0.0006,0.0492,0.0000,0.0000,0.0000,0.0000,0.0000,0.0002,0.0011,0.0002,0.0000,0.0000,0.0000,0.0000,0.0000,0.0022,0.0000,0.0000,0.0000,0.0000,0.0000,0.0000,0.0000
olympus/pic.1003.jpg,0.0015,0.0005,0.0006,0.0003,0.0002,0.0002,0.0001,0.0018,0.0007,0.0004,0.0039,0.0006,0.0002,0.0000,0.0001,0.0000,0.0006,0.0016,0.3454,0.0133,0.0005,0.0002,0.0001,0.0000,0.0009,0.0017,0.2563,0.0191,0.0009,0.0000,0.0000,0.0000,0.0008,0.0017,0.2572,0.0019,0.0005,0.0000,0.0000,0.0000,0.0005,0.0045,0.0720,0.0000,0.0000,0.0000,0.0000,0.0000,0.0006,0.0022,0.0002,0.0000,0.0000,0.0000,0.0000,0.0000,0.0057,0.0001,0.0000,0.0000,0.0000,0.0000,0.0000,0.0000
olympus/pic.1004.jpg,0.0000,0.0000,0.0000,0.0000,0.0000,0.0000,0.0000,0.0000,0.0000,0.0000,0.0007,0.0000,0.0000,0.0000,0.0000,0.0000,0.0000,0.0000,0.7169,0.0001,0.0000,0.0000,0.0000,0.0000,0.0000,0.0000,0.2037,0.0002,0.0000,0.0000,0.0000,0.0000,0.0000,0.0000,0.0618,0.0000,0.0000,0.0000,0.0000,0.0000,0.0000,0.0022,0.0144,0.0000,0.0000,0.0000,0.0000,0.0000,0.0000,0.0000,0.0000,0.0000,0.0000,0.0000,0.0000,0.0000,0.0000,0.0000,0.0000,0.0000,0.0000,0.0000,0.0000,0.0000
olympus/pic.1005.jpg,0.0218,0.0089,0.0071,0.0031,0.0028,0.0015,0.0008,0.0101,0.0098,0.0203,0.0604,0.0291,0.0035,0.0003,0.0004,0.0001,0.0082,0.0375,0.5585,0.1313,0.0020,0.0010,0.0005,0.0000,0.0060,0.0099,0.0369,0.0047,0.0016,0.0001,0.0000,0.0000,0.0042,0.0028,0.0014,0.0017,0.0011,0.0000,0.0000,0.0000,0.0014,0.0007,0.0009,0.0000,0.0000,0.0000,0.0000,0.0000,0.0011,0.0006,0.0001,0.0000,0.0000,0.0000,0.0000,0.0000,0.0056,0.0000,0.0000,0.0000,0.0000,0.0000,0.0000,0.0000
olympus/pic.1006.jpg,0.0012,0.0006,0.0008,0.0003,0.0008,0.0009,0.0009,0.1013,0.0002,0.0003,0.0010,0.0023,0.0068,0.0052,0.0178,0.0007,0.0002,0.0005,0.3710,0.3426,0.0611,0.0305,0.0015,0.0000,0.0002,0.0005,0.0178,0.0133,0.0102,0.0004,0.0000,0.0000,0.0002,0.0002,0.0008,0.0017,0.0007,0.0000,0.0000,0.0000,0.0002,0.0001,0.0007,0.0001,0.0000,0.0000,0.0000,0.0000,0.0001,0.0005,0.0002,0.0000,0.0000,0.0000,0.0000,0.0000,0.0034,0.0000,0.0000,0.0000,0.0000,0.0000,0.0000,0.0000
olympus/pic.1007.jpg,0.0008,0.0003,0.0005,0.0003,0.0009,0.0009,0.0009,0.0980,0.0001,0.0001,0.0008,0.0031,0.0074,0.0051,0.0198,0.0005,0.0001,0.0004,0.3600,0.3536,0.0668,0.0325,0.0013,0.0000,0.0001,0.0004,0.0157,0.0130,0.0089,0.0004,0.0000,0.0000,0.0002,0.0004,0.0008,0.0014,0.0003,0.0000,0.0000,0.0000,0.0001,0.0000,0.0007,0.0001,0.0000,0.0000,0.0000,0.0000,0.0002,0.0004,0.0002,0.0000,0.0000,0.0000,0.0000,0.0000,0.0026,0.0000,0.0000,0.0000,0.0000,0.0000,0.0000,0.0000
olympus/pic.1008.jpg,0.0002,0.0005,0.0025,0.0002,0.0000,0.0000,0.0000,0.0001,0.0000,0.0002,0.2010,0.0002,0.0000,0.0000,0.0000,0.0000,0.0000,0.0001,0.7941,0.0001,0.0000,0.0000,0.0000,0.0000,0.0000,0.0000,0.0004,0.0000,0.0000,0.0000,0.0000,0.0000,0.0000,0.0000,0.0000,0.0000,0.0000,0.0000,0.0000,0.0000,0.0000,0.0000,0.0000,0.0000,0.0000,0.0000,0.0000,0.0000,0.0000,0.0000,0.0000,0.0000,0.0000,0.0000,0.0000,0.0000,0.0002,0.0000,0.0000,0.0000,0.0000,0.0000,0.0000,0.0000
olympus/pic.1009.jpg,0.0012,0.0022,0.0057,0.0001,0.0000,0.0000,0.0000,0.0000,0.0001,0.0013,0.2288,0.0001,0.0000,0.0000,0.0000,0.0000,0.0000,0.0003,0.7154,0.0000,0.0000,0.0000,0.0000,0.0000,0.0001,0.0009,0.0005,0.0000,0.0000,0.0000,0.0000,0.0000,0.0006,0.0010,0.0000,0.0000,0.0000,0.0000,0.0000,0.0000,0.0052,0.0003,0.0000,0.0000,0.0000,0.0000,0.0000,0.0000,0.0214,0.0000,0.0000,0.0000,0.0000,0.0000,0.0000,0.0000,0.0147,0.0000,0.0000,0.0000,0.0000,0.0000,0.0000,0.0000
olympus/pic.1010.jpg,0.0012,0.0022,0.0042,0.0002,0.0000,0.0000,0.0000,0.0001,0.0001,0.0006,0.0652,0.0003,0.0000,0.0000,0.0000,0.0000,0.0001,0.0007,0.8703,0.0003,0.0000,0.0000,0.0000,0.0000,0.0000,0.0009,0.0050,0.0001,0.0000,0.0000,0.0000,0.0000,0.0001,0.0049,0.0005,0.0000,0.0000,0.0000,0.0000,0.0000,0.0032,0.0043,0.0001,0.0000,0.0000,0.0000,0.0000,0.0000,0.0151,0.0003,0.0000,0.0000,0.0000,0.0000,0.0000,0.0000,0.0201,0.0000,0.0000,0.0000,0.0000,0.0000,0.0000,0.0000
olympus/pic.1011.jpg,0.0006,0.0003,0.0004,0.0004,0.0059,0.0061,0.0035,0.0455,0.0000,0.0001,0.0012,0.0284,0.0112,0.0027,0.0012,0.0004,0.0001,0.0002,0.6467,0.1751,0.0047,0.0007,0.0002,0.0000,0.0001,0.0012,0.0167,0.0037,0.0022,0.0002,0.0000,0.0000,0.0002,0.0070,0.0007,0.0002,0.0005,0.0000,0.0000,0.0000,0.0059,0.0039,0.0002,0.0000,0.0000,0.0000,0.0000,0.0000,0.0105,0.0004,0.0000,0.0000,0.0000,0.0000,0.0000,0.0000,0.0109,0.0000,0.0000,0.0000,0.0000,0.0000,0.0000,0.0000
olympus/pic.1012.jpg,0.0036,0.0032,0.0052,0.0081,0.0060,0.0016,0.0006,0.0022,0.0004,0.0009,0.0326,0.0852,0.0026,0.0001,0.0000,0.0000,0.0004,0.0012,0.6264,0.1693,0.0003,0.0000,0.0000,0.0000,0.0003,0.0031,0.0025,0.0001,0.0000,0.0000,0.0000,0.0000,0.0023,0.0108,0.0001,0.0000,0.0000,0.0000,0.0000,0.0000,0.0145,0.0016,0.0000,0.0000,0.0000,0.0000,0.0000,0.0000,0.0127,0.0000,0.0000,0.0000,0.0000,0.0000,0.0000,0.0000,0.0019,0.0000,0.0000,0.0000,0.0000,0.0000,0.0000,0.0000
olympus/pic.1013.jpg,0.0002,0.0001,0.0003,0.0002,0.0001,0.0001,0.0000,0.0102,0.0000,0.0001,0.0753,0.0008,0.0001,0.0001,0.0036,0.0002,0.0000,0.0006,0.5176,0.1501,0.0282,0.0169,0.0010,0.0000,0.0000,0.0024,0.0188,0.0469,0.0356,0.0009,0.0000,0.0000,0.0001,0.0039,0.0013,0.0030,0.0015,0.0000,0.0000,0.0000,0.0045,0.0048,0.0008,0.0001,0.0000,0.0000,0.0000,0.0000,0.0328,0.0013,0.0003,0.0000,0.0000,0.0000,0.0000,0.0000,0.0353,0.0000,0.0000,0.0000,0.0000,0.0000,0.0000,0.0000
olympus/pic.1014.jpg,0.0015,0.0007,0.0008,0.0004,0.0005,0.0003,0.0004,0.0340,0.0002,0.0010,0.0105,0.0017,0.0020,0.0014,0.0064,0.0002,0.0002,0.0017,0.6333,0.1310,0.0247,0.0132,0.0010,0.0000,0.0003,0.0053,0.0519,0.0111,0.0063,0.0002,0.0000,0.0000,0.0006,0.0072,0.0037,0.0018,0.0008,0.0000,0.0000,0.0000,0.0028,0.0035,0.0019,0.0001,0.0000,0.0000,0.0000,0.0000,0.0097,0.0015,0.0001,0.0000,0.0000,0.0000,0.0000,0.0000,0.0241,0.0000,0.0000,0.0000,0.0000,0.0000,0.0000,0.0000
olympus/pic.1015.jpg,0.0006,0.0001,0.0001,0.0000,0.0001,0.0001,0.0000,0.0023,0.0004,0.0001,0.0003,0.0003,0.0001,0.0000,0.0003,0.0000,0.0007,0.0040,0.4717,0.0114,0.0006,0.0009,0.0001,0.0000,0.0023,0.0525,0.2134,0.0182,0.0051,0.0001,0.0000,0.0000,0.0055,0.0576,0.0248,0.0059,0.0007,0.0000,0.0000,0.0000,0.0115,0.0159,0.0041,0.0001,0.0000,0.0000,0.0000,0.0000,0.0299,0.0039,0.0008,0.0000,0.0000,0.0000,0.0000,0.0000,0.0534,0.0001,0.0000,0.0000,0.0000,0.0000,0.0000,0.0000
olympus/pic.1016.jpg,0.0003,0.0001,0.0002,0.0002,0.0004,0.0002,0.0002,0.0037,0.0000,0.0001,0.0100,0.0034,0.0009,0.0002,0.0009,0.0001,0.0000,0.0003,0.5089,0.2881,0.0168,0.0037,0.0003,0.0000,0.0001,0.0011,0.0345,0.0424,0.0080,0.0002,0.0000,0.0000,0.0001,0.0046,0.0013,0.0007,0.0002,0.0000,0.0000,0.0000,0.0073,0.0041,0.0003,0.0000,0.0000,0.0000,0.0000,0.0000,0.0405,0.0003,0.0000,0.0000,0.0000,0.0000,0.0000,0.0000,0.0152,0.0000,0.0000,0.0000,0.0000,0.0000,0.0000,0.0000
olympus/pic.1017.jpg,0.0048,0.0004,0.0004,0.0001,0.0001,0.0000,0.0000,0.0013,0.0059,0.0032,0.0022,0.0003,0.0002,0.0001,0.0001,0.0000,0.0157,0.0865,0.4594,0.0192,0.0029,0.0003,0.0000,0.0000,0.0338,0.1460,0.0735,0.0036,0.0013,0.0000,0.0000,0.0000,0.0320,0.0317,0.0054,0.0005,0.0001,0.0000,0.0000,0.0000,0.0183,0.0072,0.0006,0.0000,0.0000,0.0000,0.0000,0.0000,0.0197,0.0008,0.0000,0.0000,0.0000,0.0000,0.0000,0.0000,0.0222,0.0000,0.0000,0.0000,0.0000,0.0000,0.0000,0.0000
olympus/pic.1018.jpg,0.0023,0.0019,0.0042,0.0015,0.0003,0.0001,0.0000,0.0005,0.0004,0.0013,0.1667,0.0031,0.0004,0.0000,0.0000,0.0000,0.0003,0.0026,0.7253,0.0042,0.0001,0.0000,0.0000,0.0000,0.0005,0.0019,0.0485,0.0003,0.0001,0.0000,0.0000,0.0000,0.0006,0.0028,0.0013,0.0001,0.0001,0.0000,0.0000,0.0000,0.0014,0.0025,0.0001,0.0000,0.0000,0.0000,0.0000,0.0000,0.0075,0.0004,0.0000,0.0000,0.0000,0.0000,0.0000,0.0000,0.0167,0.0000,0.0000,0.0000,0.0000,0.0000,0.0000,0.0000
olympus/pic.1019.jpg,0.0004,0.0002,0.0002,0.0001,0.0001,0.0000,0.0000,0.0021,0.0003,0.0002,0.0296,0.0019,0.0004,0.0001,0.0007,0.0000,0.0001,0.0017,0.2983,0.1653,0.0060,0.0025,0.0002,0.0000,0.0001,0.0028,0.0938,0.2313,0.0228,0.0002,0.0000,0.0000,0.0002,0.0155,0.0078,0.0027,0.0005,0.0000,0.0000,0.0000,0.0037,0.0133,0.0012,0.0000,0.0000,0.0000,0.0000,0.0000,0.0229,0.0023,0.0001,0.0000,0.0000,0.0000,0.0000,0.0000,0.0684,0.0000,0.0000,0.0000,0.0000,0.0000,0.0000,0.0000
olympus/pic.1020.jpg,0.0058,0.0066,0.0198,0.0081,0.0040,0.0013,0.0006,0.0131,0.0007,0.0039,0.1811,0.0217,0.0022,0.0005,0.0013,0.0001,0.0004,0.0047,0.5828,0.0932,0.0045,0.0022,0.0002,0.0000,0.0004,0.0017,0.0210,0.0087,0.0022,0.0000,0.0000,0.0000,0.0008,0.0008,0.0007,0.0009,0.0003,0.0000,0.0000,0.0000,0.0005,0.0002,0.0003,0.0000,0.0000,0.0000,0.0000,0.0000,0.0003,0.0002,0.0001,0.0000,0.0000,0.0000,0.0000,0.0000,0.0020,0.0000,0.0000,0.0000,0.0000,0.0000,0.0000,0.0000
olympus/pic.1021.jpg,0.0051,0.0029,0.0027,0.0005,0.0002,0.0001,0.0000,0.0017,0.0008,0.0034,0.2674,0.0008,0.0001,0.0000,0.0001,0.0000,0.0006,0.0022,0.6024,0.0167,0.0005,0.0005,0.0001,0.0000,0.0004,0.0006,0.0408,0.0373,0.0024,0.0001,0.0000,0.0000,0.0002,0.0002,0.0009,0.0049,0.0005,0.0000,0.0000,0.0000,0.0001,0.0001,0.0008,0.0001,0.0000,0.0000,0.0000,0.0000,0.0001,0.0004,0.0002,0.0000,0.0000,0.0000,0.0000,0.0000,0.0014,0.0000,0.0000,0.0000,0.0000,0.0000,0.0000,0.0000
olympus/pic.1022.jpg,0.0032,0.0020,0.0022,0.0011,0.0010,0.0004,0.0002,0.0064,0.0003,0.0018,0.0194,0.0193,0.0012,0.0002,0.0005,0.0000,0.0002,0.0012,0.7297,0.1008,0.0017,0.0015,0.0004,0.0000,0.0002,0.0002,0.0389,0.0519,0.0060,0.0002,0.0000,0.0000,0.0001,0.0001,0.0006,0.0034,0.0010,0.0000,0.0000,0.0000,0.0001,0.0000,0.0006,0.0000,0.0000,0.0000,0.0000,0.0000,0.0000,0.0003,0.0002,0.0000,0.0000,0.0000,0.0000,0.0000,0.0014,0.0000,0.0000,0.0000,0.0000,0.0000,0.0000,0.0000
olympus/pic.1023.jpg,0.0004,0.0002,0.0002,0.0000,0.0000,0.0000,0.0000,0.0003,0.0001,0.0071,0.0176,0.0006,0.0000,0.0000,0.0000,0.0000,0.0002,0.0220,0.8419,0.0397,0.0001,0.0001,0.0000,0.0000,0.0003,0.0037,0.0320,0.0284,0.0007,0.0000,0.0000,0.0000,0.0002,0.0002,0.0005,0.0015,0.0002,0.0000,0.0000,0.0000,0.0001,0.0001,0.0004,0.0001,0.0000,0.0000,0.0000,0.0000,0.0001,0.0002,0.0001,0.0000,0.0000,0.0000,0.0000,0.0000,0.0010,0.0000,0.0000,0.0000,0.0000,0.0000,0.0000,0.0000
olympus/pic.1024.jpg,0.0006,0.0004,0.0010,0.0002,0.0000,0.0000,0.0000,0.0001,0.0001,0.0002,0.0893,0.0002,0.0000,0.0000,0.0000,0.0000,0.0001,0.0005,0.8299,0.0008,0.0000,0.0000,0.0000,0.0000,0.0001,0.0036,0.0386,0.0006,0.0001,0.0000,0.0000,0.0000,0.0004,0.0103,0.0039,0.0003,0.0000,0.0000,0.0000,0.0000,0.0020,0.0034,0.0006,0.0000,0.0000,0.0000,0.0000,0.0000,0.0022,0.0010,0.0000,0.0000,0.0000,0.0000,0.0000,0.0000,0.0093,0.0000,0.0000,0.0000,0.0000,0.0000,0.0000,0.0000
olympus/pic.1025.jpg,0.0010,0.0002,0.0003,0.0001,0.0001,0.0002,0.0000,0.0020,0.0002,0.0002,0.0197,0.0067,0.0016,0.0000,0.0001,0.0000,0.0003,0.0009,0.7345,0.1997,0.0023,0.0005,0.0002,0.0000,0.0002,0.0005,0.0148,0.0064,0.0011,0.0001,0.0000,0.0000,0.0001,0.0003,0.0004,0.0008,0.0005,0.0000,0.0000,0.0000,0.0002,0.0001,0.0004,0.0000,0.0000,0.0000,0.0000,0.0000,0.0001,0.0001,0.0000,0.0000,0.0000,0.0000,0.0000,0.0000,0.0030,0.0000,0.0000,0.0000,0.0000,0.0000,0.0000,0.0000
olympus/pic.1026.jpg,0.0002,0.0001,0.0002,0.0001,0.0001,0.0000,0.0001,0.0004,0.0000,0.0000,0.0028,0.0021,0.0001,0.0000,0.0000,0.0000,0.0001,0.0002,0.9621,0.0078,0.0001,0.0000,0.0000,0.0000,0.0001,0.0005,0.0207,0.0004,0.0001,0.0000,0.0000,0.0000,0.0001,0.0003,0.0004,0.0000,0.0001,0.0000,0.0000,0.0000,0.0000,0.0001,0.0000,0.0000,0.0000,0.0000,0.0000,0.0000,0.0000,0.0000,0.0000,0.0000,0.0000,0.0000,0.0000,0.0000,0.0005,0.0000,0.0000,0.0000,0.0000,0.0000,0.0000,0.0000
olympus/pic.1027.jpg,0.0002,0.0000,0.0000,0.0000,0.0001,0.0001,0.0002,0.0010,0.0001,0.0000,0.0001,0.0076,0.0098,0.0015,0.0006,0.0000,0.0001,0.0002,0.3716,0.3142,0.0240,0.0009,0.0000,0.0000,0.0001,0.0044,0.2025,0.0075,0.0005,0.0000,0.0000,0.0000,0.0001,0.0259,0.0137,0.0012,0.0002,0.0000,0.0000,0.0000,0.0002,0.0059,0.0010,0.0000,0.0000,0.0000,0.0000,0.0000,0.0010,0.0010,0.0001,0.0000,0.0000,0.0000,0.0000,0.0000,0.0026,0.0000,0.0000,0.0000,0.0000,0.0000,0.0000,0.0000
olympus/pic.1028.jpg,0.0083,0.0033,0.0034,0.0009,0.0006,0.0002,0.0001,0.0041,0.0016,0.0029,0.0229,0.0040,0.0020,0.0003,0.0006,0.0000,0.0012,0.0080,0.6254,0.0976,0.0145,0.0023,0.0003,0.0000,0.0016,0.0093,0.1087,0.0162,0.0058,0.0001,0.0000,0.0000,0.0013,0.0178,0.0116,0.0016,0.0004,0.0000,0.0000,0.0000,0.0010,0.0080,0.0013,0.0000,0.0000,0.0000,0.0000,0.0000,0.0014,0.0016,0.0002,0.0000,0.0000,0.0000,0.0000,0.0000,0.0073,0.0000,0.0000,0.0000,0.0000,0.0000,0.0000,0.0000
olympus/pic.1029.jpg,0.0021,0.0012,0.0009,0.0003,0.0002,0.0001,0.0000,0.0003,0.0005,0.0057,0.0455,0.0196,0.0021,0.0001,0.0000,0.0000,0.0006,0.0090,0.6398,0.0981,0.0044,0.0001,0.0000,0.0000,0.0006,0.0062,0.1502,0.0016,0.0002,0.0000,0.0000,0.0000,0.0004,0.0036,0.0036,0.0001,0.0000,0.0000,0.0000,0.0000,0.0004,0.0005,0.0002,0.0000,0.0000,0.0000,0.0000,0.0000,0.0003,0.0003,0.0000,0.0000,0.0000,0.0000,0.0000,0.0000,0.0012,0.0000,0.0000,0.0000,0.0000,0.0000,0.0000,0.0000
olympus/pic.1030.jpg,0.0010,0.0009,0.0007,0.0001,0.0000,0.0000,0.0000,0.0001,0.0004,0.0163,0.1583,0.0002,0.0000,0.0000,0.0000,0.0000,0.0002,0.0072,0.8046,0.0092,0.0000,0.0000,0.0000,0.0000,0.0001,0.0003,0.0006,0.0000,0.0000,0.0000,0.0000,0.0000,0.0000,0.0000,0.0000,0.0000,0.0000,0.0000,0.0000,0.0000,0.0000,0.0000,0.0000,0.0000,0.0000,0.0000,0.0000,0.0000,0.0000,0.0000,0.0000,0.0000,0.0000,0.0000,0.0000,0.0000,0.0000,0.0000,0.0000,0.0000,0.0000,0.0000,0.0000,0.0000
olympus/pic.1031.jpg,0.0100,0.0052,0.0074,0.0034,0.0052,0.0076,0.0037,0.0447,0.0007,0.0018,0.1560,0.0187,0.0178,0.0021,0.0024,0.0001,0.0004,0.0013,0.5270,0.0986,0.0417,0.0060,0.0141,0.0000,0.0002,0.0004,0.0028,0.0064,0.0053,0.0031,0.0000,0.0000,0.0002,0.0001,0.0002,0.0005,0.0014,0.0000,0.0000,0.0000,0.0001,0.0001,0.0002,0.0000,0.0000,0.0000,0.0000,0.0000,0.0001,0.0001,0.0001,0.0000,0.0000,0.0000,0.0000,0.0000,0.0027,0.0000,0.0000,0.0000,0.0000,0.0000,0.0000,0.0000
olympus/pic.1032.jpg,0.0051,0.0047,0.0112,0.0025,0.0030,0.0115,0.0008,0.0151,0.0011,0.0057,0.4712,0.0241,0.0223,0.0006,0.0017,0.0002,0.0003,0.0067,0.2585,0.1051,0.0219,0.0052,0.0054,0.0000,0.0002,0.0005,0.0025,0.0051,0.0046,0.0013,0.0000,0.0000,0.0001,0.0001,0.0000,0.0003,0.0006,0.0000,0.0000,0.0000,0.0001,0.0000,0.0001,0.0000,0.0000,0.0000,0.0000,0.0000,0.0000,0.0000,0.0000,0.0000,0.0000,0.0000,0.0000,0.0000,0.0003,0.0000,0.0000,0.0000,0.0000,0.0000,0.0000,0.0000
olympus/pic.1033.jpg,0.0013,0.0007,0.0008,0.0003,0.0003,0.0003,0.0002,0.0045,0.0002,0.0007,0.1294,0.0045,0.0014,0.0004,0.0007,0.0001,0.0002,0.0009,0.5885,0.1957,0.0040,0.0016,0.0002,0.0000,0.0003,0.0016,0.0381,0.0117,0.0025,0.0001,0.0000,0.0000,0.0005,0.0009,0.0025,0.0007,0.0003,0.0000,0.0000,0.0000,0.0003,0.0004,0.0005,0.0000,0.0000,0.0000,0.0000,0.0000,0.0002,0.0003,0.0002,0.0000,0.0000,0.0000,0.0000,0.0000,0.0021,0.0000,0.0000,0.0000,0.0000,0.0000,0.0000,0.0000
olympus/pic.1034.jpg,0.0015,0.0010,0.0014,0.0004,0.0003,0.0001,0.0001,0.0031,0.0003,0.0294,0.1272,0.0032,0.0008,0.0002,0.0005,0.0000,0.0002,0.0129,0.5720,0.1593,0.0029,0.0013,0.0001,0.0000,0.0002,0.0012,0.0458,0.0216,0.0029,0.0001,0.0000,0.0000,0.0002,0.0019,0.0018,0.0011,0.0004,0.0000,0.0000,0.0000,0.0004,0.0007,0.0006,0.0000,0.0000,0.0000,0.0000,0.0000,0.0002,0.0004,0.0002,0.0000,0.0000,0.0000,0.0000,0.0000,0.0021,0.0000,0.0000,0.0000,0.0000,0.0000,0.0000,0.0000
olympus/pic.1035.jpg,0.0049,0.0029,0.0027,0.0006,0.0005,0.0001,0.0001,0.0177,0.0010,0.0014,0.0439,0.0010,0.0005,0.0002,0.0025,0.0001,0.0001,0.0039,0.6906,0.1118,0.0096,0.0083,0.0008,0.0000,0.0002,0.0005,0.0221,0.0397,0.0171,0.0006,0.0000,0.0000,0.0001,0.0003,0.0018,0.0041,0.0007,0.0000,0.0000,0.0000,0.0001,0.0002,0.0018,0.0001,0.0000,0.0000,0.0000,0.0000,0.0001,0.0012,0.0002,0.0000,0.0000,0.0000,0.0000,0.0000,0.0039,0.0000,0.0000,0.0000,0.0000,0.0000,0.0000,0.0000
olympus/pic.1036.jpg,0.0019,0.0029,0.0047,0.0008,0.0013,0.0005,0.0002,0.0047,0.0001,0.0004,0.1031,0.0088,0.0007,0.0002,0.0001,0.0000,0.0000,0.0003,0.8479,0.0165,0.0005,0.0001,0.0000,0.0000,0.0000,0.0001,0.0016,0.0001,0.0001,0.0000,0.0000,0.0000,0.0000,0.0002,0.0002,0.0000,0.0000,0.0000,0.0000,0.0000,0.0001,0.0004,0.0000,0.0000,0.0000,0.0000,0.0000,0.0000,0.0007,0.0001,0.0000,0.0000,0.0000,0.0000,0.0000,0.0000,0.0004,0.0000,0.0000,0.0000,0.0000,0.0000,0.0000,0.0000
olympus/pic.1037.jpg,0.0019,0.0006,0.0005,0.0002,0.0002,0.0001,0.0001,0.0005,0.0009,0.0016,0.0229,0.0171,0.0017,0.0000,0.0000,0.0000,0.0003,0.0032,0.5686,0.3435,0.0018,0.0000,0.0000,0.0000,0.0003,0.0015,0.0223,0.0041,0.0001,0.0000,0.0000,0.0000,0.0010,0.0026,0.0000,0.0000,0.0000,0.0000,0.0000,0.0000,0.0011,0.0000,0.0000,0.0000,0.0000,0.0000,0.0000,0.0000,0.0005,0.0000,0.0000,0.0000,0.0000,0.0000,0.0000,0.0000,0.0005,0.0000,0.0000,0.0000,0.0000,0.0000,0.0000,0.0000
olympus/pic.1038.jpg,0.0020,0.0020,0.0025,0.0011,0.0028,0.0016,0.0015,0.0248,0.0001,0.0005,0.0159,0.0087,0.0087,0.0036,0.0041,0.0004,0.0001,0.0005,0.6758,0.1434,0.0343,0.0065,0.0007,0.0000,0.0001,0.0003,0.0437,0.0044,0.0029,0.0002,0.0000,0.0000,0.0000,0.0003,0.0034,0.0006,0.0005,0.0000,0.0000,0.0000,0.0001,0.0001,0.0002,0.0000,0.0000,0.0000,0.0000,0.0000,0.0000,0.0001,0.0001,0.0000,0.0000,0.0000,0.0000,0.0000,0.0015,0.0000,0.0000,0.0000,0.0000,0.0000,0.0000,0.0000
olympus/pic.1039.jpg,0.0035,0.0025,0.0042,0.0003,0.0001,0.0000,0.0000,0.0001,0.0004,0.0037,0.1350,0.0026,0.0005,0.0000,0.0000,0.0000,0.0002,0.0015,0.8246,0.0041,0.0000,0.0000,0.0000,0.0000,0.0001,0.0011,0.0149,0.0000,0.0000,0.0000,0.0000,0.0000,0.0001,0.0003,0.0000,0.0000,0.0000,0.0000,0.0000,0.0000,0.0000,0.0000,0.0000,0.0000,0.0000,0.0000,0.0000,0.0000,0.0000,0.0000,0.0000,0.0000,0.0000,0.0000,0.0000,0.0000,0.0001,0.0000,0.0000,0.0000,0.0000,0.0000,0.0000,0.0000
olympus/pic.1040.jpg,0.0024,0.0026,0.0083,0.0016,0.0018,0.0010,0.0006,0.0069,0.0002,0.0022,0.1883,0.0191,0.0028,0.0005,0.0005,0.0000,0.0001,0.0016,0.5211,0.1261,0.0022,0.0006,0.0001,0.0000,0.0004,0.0025,0.0676,0.0019,0.0006,0.0000,0.0000,0.0000,0.0004,0.0142,0.0143,0.0003,0.0001,0.0000,0.0000,0.0000,0.0004,0.0041,0.0002,0.0000,0.0000,0.0000,0.0000,0.0000,0.0004,0.0002,0.0000,0.0000,0.0000,0.0000,0.0000,0.0000,0.0018,0.0000,0.0000,0.0000,0.0000,0.0000,0.0000,0.0000
olympus/pic.1041.jpg,0.0024,0.0028,0.0027,0.0009,0.0004,0.0002,0.0002,0.0024,0.0004,0.0149,0.1758,0.0253,0.0012,0.0002,0.0003,0.0000,0.0004,0.0029,0.5154,0.1382,0.0023,0.0008,0.0001,0.0000,0.0008,0.0083,0.0741,0.0031,0.0007,0.0000,0.0000,0.0000,0.0012,0.0062,0.0052,0.0004,0.0001,0.0000,0.0000,0.0000,0.0013,0.0010,0.0002,0.0000,0.0000,0.0000,0.0000,0.0000,0.0013,0.0003,0.0001,0.0000,0.0000,0.0000,0.0000,0.0000,0.0057,0.0000,0.0000,0.0000,0.0000,0.0000,0.0000,0.0000
olympus/pic.1042.jpg,0.0013,0.0008,0.0009,0.0006,0.0006,0.0005,0.0003,0.0017,0.0002,0.0005,0.0051,0.0093,0.0037,0.0006,0.0001,0.0000,0.0001,0.0047,0.6723,0.2783,0.0027,0.0001,0.0000,0.0000,0.0001,0.0020,0.0125,0.0002,0.0001,0.0000,0.0000,0.0000,0.0000,0.0005,0.0000,0.0000,0.0000,0.0000,0.0000,0.0000,0.0000,0.0000,0.0000,0.0000,0.0000,0.0000,0.0000,0.0000,0.0000,0.0000,0.0000,0.0000,0.0000,0.0000,0.0000,0.0000,0.0001,0.0000,0.0000,0.0000,0.0000,0.0000,0.0000,0.0000
olympus/pic.1043.jpg,0.0068,0.0174,0.0200,0.0016,0.0006,0.0002,0.0001,0.0017,0.0004,0.0006,0.1343,0.0024,0.0001,0.0000,0.0000,0.0000,0.0001,0.0011,0.7861,0.0023,0.0000,0.0001,0.0000,0.0000,0.0001,0.0008,0.0171,0.0007,0.0003,0.0000,0.0000,0.0000,0.0001,0.0004,0.0006,0.0002,0.0000,0.0000,0.0000,0.0000,0.0002,0.0001,0.0004,0.0000,0.0000,0.0000,0.0000,0.0000,0.0001,0.0002,0.0000,0.0000,0.0000,0.0000,0.0000,0.0000,0.0029,0.0000,0.0000,0.0000,0.0000,0.0000,0.0000,0.0000
olympus/pic.1044.jpg,0.0016,0.0012,0.0019,0.0000,0.0000,0.0000,0.0000,0.0001,0.0001,0.0010,0.1361,0.0001,0.0000,0.0000,0.0000,0.0000,0.0000,0.0003,0.8509,0.0000,0.0000,0.0000,0.0000,0.0000,0.0001,0.0002,0.0057,0.0000,0.0000,0.0000,0.0000,0.0000,0.0001,0.0001,0.0000,0.0000,0.0000,0.0000,0.0000,0.0000,0.0001,0.0000,0.0000,0.0000,0.0000,0.0000,0.0000,0.0000,0.0000,0.0000,0.0000,0.0000,0.0000,0.0000,0.0000,0.0000,0.0002,0.0000,0.0000,0.0000,0.0000,0.0000,0.0000,0.0000
olympus/pic.1045.jpg,0.0024,0.0005,0.0007,0.0004,0.0004,0.0002,0.0001,0.0043,0.0005,0.0006,0.0073,0.0017,0.0003,0.0001,0.0001,0.0000,0.0009,0.0023,0.8837,0.0148,0.0005,0.0003,0.0002,0.0000,0.0005,0.0022,0.0432,0.0056,0.0008,0.0000,0.0000,0.0000,0.0008,0.0024,0.0034,0.0021,0.0011,0.0000,0.0000,0.0000,0.0007,0.0005,0.0012,0.0000,0.0000,0.0000,0.0000,0.0000,0.0006,0.0006,0.0001,0.0000,0.0000,0.0000,0.0000,0.0000,0.0118,0.0000,0.0000,0.0000,0.0000,0.0000,0.0000,0.0000
olympus/pic.1046.jpg,0.0010,0.0005,0.0006,0.0002,0.0001,0.0000,0.0000,0.0001,0.0004,0.0007,0.0031,0.0003,0.0000,0.0000,0.0000,0.0000,0.0006,0.0028,0.8031,0.0013,0.0000,0.0000,0.0000,0.0000,0.0007,0.0024,0.0428,0.0586,0.0000,0.0000,0.0000,0.0000,0.0012,0.0009,0.0757,0.0003,0.0001,0.0000,0.0000,0.0000,0.0007,0.0001,0.0005,0.0000,0.0000,0.0000,0.0000,0.0000,0.0003,0.0000,0.0000,0.0000,0.0000,0.0000,0.0000,0.0000,0.0005,0.0000,0.0000,0.0000,0.0000,0.0000,0.0000,0.0000
olympus/pic.1047.jpg,0.0012,0.0008,0.0011,0.0003,0.0000,0.0000,0.0000,0.0001,0.0003,0.0010,0.0677,0.0012,0.0000,0.0000,0.0000,0.0000,0.0002,0.0021,0.8338,0.0002,0.0000,0.0000,0.0000,0.0000,0.0002,0.0029,0.0413,0.0000,0.0000,0.0000,0.0000,0.0000,0.0003,0.0253,0.0165,0.0000,0.0000,0.0000,0.0000,0.0000,0.0005,0.0011,0.0000,0.0000,0.0000,0.0000,0.0000,0.0000,0.0006,0.0002,0.0000,0.0000,0.0000,0.0000,0.0000,0.0000,0.0011,0.0000,0.0000,0.0000,0.0000,0.0000,0.0000,0.0000
olympus/pic.1048.jpg,0.0000,0.0000,0.0000,0.0000,0.0000,0.0000,0.0000,0.0000,0.0000,0.0000,0.0000,0.0000,0.0000,0.0000,0.0000,0.0000,0.0000,0.0000,0.2719,0.0001,0.0000,0.0000,0.0000,0.0000,0.0000,0.0006,0.1731,0.0004,0.0000,0.0000,0.0000,0.0000,0.0000,0.0078,0.3825,0.0007,0.0000,0.0000,0.0000,0.0000,0.0009,0.0243,0.1039,0.0000,0.0000,0.0000,0.0000,0.0000,0.0146,0.0022,0.0000,0.0000,0.0000,0.0000,0.0000,0.0000,0.0167,0.0000,0.0000,0.0000,0.0000,0.0000,0.0000,0.0000
olympus/pic.1049.jpg,0.0065,0.0125,0.0055,0.0013,0.0007,0.0001,0.0000,0.0010,0.0019,0.0217,0.0253,0.0016,0.0002,0.0000,0.0000,0.0000,0.0010,0.0081,0.7712,0.0052,0.0001,0.0001,0.0000,0.0000,0.0014,0.0028,0.1234,0.0009,0.0001,0.0000,0.0000,0.0000,0.0010,0.0009,0.0010,0.0002,0.0000,0.0000,0.0000,0.0000,0.0004,0.0003,0.0003,0.0000,0.0000,0.0000,0.0000,0.0000,0.0003,0.0002,0.0000,0.0000,0.0000,0.0000,0.0000,0.0000,0.0027,0.0000,0.0000,0.0000,0.0000,0.0000,0.0000,0.0000
olympus/pic.1050.jpg,0.0046,0.0041,0.0066,0.0013,0.0006,0.0003,0.0001,0.0036,0.0010,0.0034,0.1671,0.0088,0.0009,0.0002,0.0003,0.0000,0.0007,0.0066,0.5984,0.0417,0.0013,0.0007,0.0001,0.0000,0.0009,0.0067,0.0946,0.0194,0.0011,0.0000,0.0000,0.0000,0.0010,0.0045,0.0056,0.0026,0.0002,0.0000,0.0000,0.0000,0.0008,0.0022,0.0014,0.0000,0.0000,0.0000,0.0000,0.0000,0.0008,0.0011,0.0001,0.0000,0.0000,0.0000,0.0000,0.0000,0.0046,0.0000,0.0000,0.0000,0.0000,0.0000,0.0000,0.0000
olympus/pic.1051.jpg,0.0012,0.0007,0.0011,0.0001,0.0001,0.0000,0.0000,0.0005,0.0004,0.0004,0.0120,0.0004,0.0000,0.0000,0.0000,0.0000,0.0005,0.0011,0.3640,0.0047,0.0000,0.0001,0.0000,0.0000,0.0008,0.0031,0.1295,0.4392,0.0001,0.0000,0.0000,0.0000,0.0013,0.0026,0.0031,0.0228,0.0002,0.0000,0.0000,0.0000,0.0011,0.0007,0.0009,0.0000,0.0000,0.0000,0.0000,0.0000,0.0011,0.0007,0.0001,0.0000,0.0000,0.0000,0.0000,0.0000,0.0052,0.0000,0.0000,0.0000,0.0000,0.0000,0.0000,0.0000
olympus/pic.1052.jpg,0.0001,0.0001,0.0003,0.0000,0.0001,0.0000,0.0000,0.0001,0.0000,0.0001,0.0015,0.0043,0.0000,0.0000,0.0000,0.0000,0.0000,0.0001,0.9299,0.0008,0.0000,0.0000,0.0000,0.0000,0.0001,0.0026,0.0576,0.0001,0.0000,0.0000,0.0000,0.0000,0.0002,0.0009,0.0003,0.0001,0.0000,0.0000,0.0000,0.0000,0.0002,0.0000,0.0001,0.0000,0.0000,0.0000,0.0000,0.0000,0.0001,0.0000,0.0000,0.0000,0.0000,0.0000,0.0000,0.0000,0.0002,0.0000,0.0000,0.0000,0.0000,0.0000,0.0000,0.0000
olympus/pic.1053.jpg,0.0007,0.0001,0.0002,0.0001,0.0001,0.0001,0.0000,0.0007,0.0002,0.0001,0.0004,0.0003,0.0001,0.0000,0.0000,0.0000,0.0005,0.0008,0.8333,0.0018,0.0001,0.0000,0.0000,0.0000,0.0004,0.0010,0.1549,0.0003,0.0000,0.0000,0.0000,0.0000,0.0006,0.0004,0.0004,0.0002,0.0001,0.0000,0.0000,0.0000,0.0003,0.0001,0.0001,0.0000,0.0000,0.0000,0.0000,0.0000,0.0001,0.0001,0.0000,0.0000,0.0000,0.0000,0.0000,0.0000,0.0012,0.0000,0.0000,0.0000,0.0000,0.0000,0.0000,0.0000
olympus/pic.1054.jpg,0.0013,0.0015,0.0048,0.0007,0.0013,0.0005,0.0003,0.0080,0.0002,0.0004,0.1519,0.0068,0.0016,0.0005,0.0006,0.0001,0.0001,0.0008,0.6221,0.0595,0.0033,0.0012,0.0002,0.0000,0.0001,0.0018,0.1064,0.0053,0.0016,0.0001,0.0000,0.0000,0.0002,0.0048,0.0043,0.0011,0.0005,0.0000,0.0000,0.0000,0.0002,0.0011,0.0010,0.0000,0.0000,0.0000,0.0000,0.0000,0.0002,0.0006,0.0001,0.0000,0.0000,0.0000,0.0000,0.0000,0.0027,0.0000,0.0000,0.0000,0.0000,0.0000,0.0000,0.0000
olympus/pic.1055.jpg,0.0060,0.0034,0.0028,0.0010,0.0008,0.0004,0.0002,0.0114,0.0005,0.0031,0.2784,0.0044,0.0012,0.0002,0.0016,0.0001,0.0004,0.0018,0.4442,0.1205,0.0065,0.0054,0.0009,0.0000,0.0002,0.0008,0.0221,0.0534,0.0159,0.0007,0.0000,0.0000,0.0002,0.0002,0.0010,0.0037,0.0018,0.0000,0.0000,0.0000,0.0001,0.0001,0.0010,0.0001,0.0000,0.0000,0.0000,0.0000,0.0001,0.0005,0.0003,0.0000,0.0000,0.0000,0.0000,0.0000,0.0023,0.0000,0.0000,0.0000,0.0000,0.0000,0.0000,0.0000
olympus/pic.1056.jpg,0.0135,0.0064,0.0053,0.0010,0.0008,0.0015,0.0002,0.0519,0.0014,0.0055,0.0416,0.0032,0.0022,0.0001,0.0025,0.0000,0.0009,0.0028,0.5667,0.0782,0.0091,0.0152,0.0041,0.0000,0.0005,0.0008,0.0157,0.0809,0.0591,0.0023,0.0000,0.0000,0.0004,0.0004,0.0021,0.0045,0.0097,0.0000,0.0000,0.0000,0.0002,0.0002,0.0020,0.0001,0.0000,0.0000,0.0000,0.0000,0.0002,0.0010,0.0003,0.0000,0.0000,0.0000,0.0000,0.0000,0.0053,0.0000,0.0000,0.0000,0.0000,0.0000,0.0000,0.0000
olympus/pic.1057.jpg,0.0005,0.0003,0.0002,0.0001,0.0000,0.0000,0.0000,0.0001,0.0001,0.0001,0.0003,0.0000,0.0000,0.0000,0.0000,0.0000,0.0000,0.0001,0.1710,0.0014,0.0000,0.0000,0.0000,0.0000,0.0000,0.0000,0.5995,0.0000,0.0000,0.0000,0.0000,0.0000,0.0000,0.0005,0.2170,0.0000,0.0000,0.0000,0.0000,0.0000,0.0000,0.0002,0.0071,0.0000,0.0000,0.0000,0.0000,0.0000,0.0000,0.0003,0.0000,0.0000,0.0000,0.0000,0.0000,0.0000,0.0011,0.0000,0.0000,0.0000,0.0000,0.0000,0.0000,0.0000
olympus/pic.1058.jpg,0.0004,0.0002,0.0004,0.0004,0.0005,0.0004,0.0001,0.0015,0.0001,0.0002,0.0049,0.0052,0.0009,0.0001,0.0001,0.0000,0.0001,0.0011,0.7787,0.0559,0.0010,0.0004,0.0001,0.0000,0.0001,0.0018,0.1234,0.0106,0.0014,0.0001,0.0000,0.0000,0.0002,0.0011,0.0037,0.0014,0.0005,0.0000,0.0000,0.0000,0.0001,0.0004,0.0008,0.0000,0.0000,0.0000,0.0000,0.0000,0.0001,0.0003,0.0001,0.0000,0.0000,0.0000,0.0000,0.0000,0.0013,0.0000,0.0000,0.0000,0.0000,0.0000,0.0000,0.0000
olympus/pic.1059.jpg,0.0008,0.0005,0.0039,0.0033,0.0008,0.0003,0.0001,0.0018,0.0011,0.0005,0.0362,0.0149,0.0004,0.0000,0.0001,0.0000,0.0006,0.0042,0.2520,0.0089,0.0004,0.0004,0.0001,0.0000,0.0013,0.0124,0.2712,0.0100,0.0014,0.0001,0.0000,0.0000,0.0026,0.0390,0.0596,0.0057,0.0010,0.0000,0.0000,0.0000,0.0100,0.0878,0.0214,0.0001,0.0000,0.0000,0.0000,0.0000,0.0392,0.0410,0.0017,0.0000,0.0000,0.0000,0.0000,0.0000,0.0632,0.0003,0.0000,0.0000,0.0000,0.0000,0.0000,0.0000
olympus/pic.1060.jpg,0.0000,0.0000,0.0000,0.0000,0.0000,0.0000,0.0000,0.0001,0.0000,0.0000,0.0000,0.0000,0.0000,0.0000,0.0000,0.0000,0.0000,0.0000,0.2960,0.0026,0.0000,0.0000,0.0000,0.0000,0.0000,0.0001,0.6928,0.0022,0.0001,0.0000,0.0000,0.0000,0.0000,0.0002,0.0025,0.0009,0.0002,0.0000,0.0000,0.0000,0.0000,0.0001,0.0009,0.0000,0.0000,0.0000,0.0000,0.0000,0.0000,0.0003,0.0001,0.0000,0.0000,0.0000,0.0000,0.0000,0.0007,0.0000,0.0000,0.0000,0.0000,0.0000,0.0000,0.0000
olympus/pic.1061.jpg,0.0000,0.0000,0.0000,0.0000,0.0000,0.0000,0.0000,0.0000,0.0000,0.0000,0.0105,0.0000,0.0000,0.0000,0.0000,0.0000,0.0001,0.0000,0.9889,0.0000,0.0000,0.0000,0.0000,0.0000,0.0001,0.0001,0.0000,0.0000,0.0000,0.0000,0.0000,0.0000,0.0000,0.0000,0.0000,0.0000,0.0000,0.0000,0.0000,0.0000,0.0000,0.0000,0.0000,0.0000,0.0000,0.0000,0.0000,0.0000,0.0000,0.0000,0.0000,0.0000,0.0000,0.0000,0.0000,0.0000,0.0001,0.0000,0.0000,0.0000,0.0000,0.0000,0.0000,0.0000
olympus/pic.1062.jpg,0.0040,0.0004,0.0005,0.0002,0.0002,0.0001,0.0000,0.0037,0.0009,0.0005,0.0012,0.0009,0.0001,0.0000,0.0000,0.0000,0.0003,0.0023,0.9014,0.0039,0.0001,0.0003,0.0000,0.0000,0.0008,0.0015,0.0373,0.0025,0.0010,0.0000,0.0000,0.0000,0.0007,0.0020,0.0195,0.0008,0.0004,0.0000,0.0000,0.0000,0.0002,0.0012,0.0014,0.0000,0.0000,0.0000,0.0000,0.0000,0.0005,0.0010,0.0002,0.0000,0.0000,0.0000,0.0000,0.0000,0.0078,0.0000,0.0000,0.0000,0.0000,0.0000,0.0000,0.0000
olympus/pic.1063.jpg,0.0006,0.0005,0.0004,0.0003,0.0003,0.0004,0.0004,0.0064,0.0001,0.0024,0.0036,0.0031,0.0030,0.0013,0.0016,0.0001,0.0001,0.0009,0.6536,0.2239,0.0127,0.0031,0.0003,0.0000,0.0001,0.0005,0.0573,0.0143,0.0026,0.0001,0.0000,0.0000,0.0001,0.0003,0.0020,0.0013,0.0003,0.0000,0.0000,0.0000,0.0000,0.0001,0.0007,0.0000,0.0000,0.0000,0.0000,0.0000,0.0000,0.0003,0.0001,0.0000,0.0000,0.0000,0.0000,0.0000,0.0008,0.0000,0.0000,0.0000,0.0000,0.0000,0.0000,0.0000
olympus/pic.1064.jpg,0.0081,0.0003,0.0002,0.0000,0.0002,0.0001,0.0000,0.0089,0.0011,0.0009,0.0007,0.0009,0.0001,0.0000,0.0000,0.0000,0.0001,0.0027,0.8556,0.0737,0.0003,0.0010,0.0001,0.0000,0.0001,0.0004,0.0095,0.0248,0.0073,0.0001,0.0000,0.0000,0.0001,0.0002,0.0004,0.0002,0.0003,0.0000,0.0000,0.0000,0.0001,0.0000,0.0002,0.0000,0.0000,0.0000,0.0000,0.0000,0.0001,0.0001,0.0000,0.0000,0.0000,0.0000,0.0000,0.0000,0.0011,0.0000,0.0000,0.0000,0.0000,0.0000,0.0000,0.0000
olympus/pic.1065.jpg,0.2410,0.0081,0.0715,0.0316,0.0032,0.0084,0.0001,0.0039,0.0085,0.0793,0.0294,0.0155,0.0056,0.0001,0.0001,0.0000,0.0030,0.0031,0.2430,0.0326,0.0025,0.0007,0.0009,0.0000,0.0019,0.0270,0.0759,0.0185,0.0041,0.0002,0.0000,0.0000,0.0047,0.0106,0.0149,0.0071,0.0043,0.0000,0.0000,0.0000,0.0053,0.0058,0.0037,0.0000,0.0000,0.0000,0.0000,0.0000,0.0099,0.0023,0.0012,0.0000,0.0000,0.0000,0.0000,0.0000,0.0104,0.0000,0.0000,0.0000,0.0000,0.0000,0.0000,0.0000
olympus/pic.1066.jpg,0.0000,0.0000,0.0000,0.0000,0.0000,0.0000,0.0000,0.0000,0.0000,0.0000,0.0000,0.0000,0.0000,0.0000,0.0000,0.0000,0.0000,0.0000,0.7184,0.0011,0.0000,0.0000,0.0000,0.0000,0.0001,0.0002,0.2256,0.0053,0.0000,0.0000,0.0000,0.0000,0.0001,0.0005,0.0390,0.0002,0.0000,0.0000,0.0000,0.0000,0.0001,0.0034,0.0038,0.0000,0.0000,0.0000,0.0000,0.0000,0.0002,0.0012,0.0000,0.0000,0.0000,0.0000,0.0000,0.0000,0.0007,0.0000,0.0000,0.0000,0.0000,0.0000,0.0000,0.0000
olympus/pic.1067.jpg,0.0000,0.0000,0.0000,0.0000,0.0000,0.0000,0.0000,0.0001,0.0000,0.0000,0.0000,0.0000,0.0000,0.0000,0.0000,0.0000,0.0000,0.0000,0.6496,0.0000,0.0000,0.0000,0.0000,0.0000,0.0000,0.0013,0.0434,0.0000,0.0000,0.0000,0.0000,0.0000,0.0000,0.0190,0.0048,0.0000,0.0000,0.0000,0.0000,0.0000,0.0086,0.0360,0.0000,0.0000,0.0000,0.0000,0.0000,0.0000,0.1771,0.0114,0.0000,0.0000,0.0000,0.0000,0.0000,0.0000,0.0487,0.0000,0.0000,0.0000,0.0000,0.0000,0.0000,0.0000
olympus/pic.1068.jpg,0.0000,0.0000,0.0000,0.0000,0.0001,0.0002,0.0003,0.0212,0.0000,0.0000,0.0000,0.0009,0.0041,0.0043,0.0094,0.0002,0.0000,0.0000,0.1274,0.6951,0.0937,0.0189,0.0006,0.0000,0.0000,0.0000,0.0006,0.0156,0.0068,0.0001,0.0000,0.0000,0.0000,0.0000,0.0000,0.0001,0.0001,0.0000,0.0000,0.0000,0.0000,0.0000,0.0000,0.0000,0.0000,0.0000,0.0000,0.0000,0.0000,0.0000,0.0000,0.0000,0.0000,0.0000,0.0000,0.0000,0.0001,0.0000,0.0000,0.0000,0.0000,0.0000,0.0000,0.0000
olympus/pic.1069.jpg,0.0010,0.0002,0.0003,0.0002,0.0004,0.0002,0.0001,0.0028,0.0003,0.0001,0.0018,0.0018,0.0006,0.0001,0.0001,0.0000,0.0004,0.0027,0.6907,0.1235,0.0016,0.0004,0.0001,0.0000,0.0002,0.0011,0.1361,0.0080,0.0007,0.0000,0.0000,0.0000,0.0004,0.0016,0.0111,0.0009,0.0003,0.0000,0.0000,0.0000,0.0003,0.0008,0.0014,0.0000,0.0000,0.0000,0.0000,0.0000,0.0003,0.0010,0.0001,0.0000,0.0000,0.0000,0.0000,0.0000,0.0061,0.0000,0.0000,0.0000,0.0000,0.0000,0.0000,0.0000
olympus/pic.1070.jpg,0.0002,0.0001,0.0001,0.0001,0.0001,0.0001,0.0000,0.0005,0.0001,0.0000,0.0002,0.0002,0.0001,0.0000,0.0000,0.0000,0.0001,0.0002,0.9703,0.0017,0.0001,0.0000,0.0000,0.0000,0.0001,0.0006,0.0199,0.0009,0.0001,0.0000,0.0000,0.0000,0.0002,0.0004,0.0008,0.0004,0.0002,0.0000,0.0000,0.0000,0.0001,0.0001,0.0003,0.0000,0.0000,0.0000,0.0000,0.0000,0.0002,0.0002,0.0000,0.0000,0.0000,0.0000,0.0000,0.0000,0.0015,0.0000,0.0000,0.0000,0.0000,0.0000,0.0000,0.0000
olympus/pic.1071.jpg,0.0024,0.0007,0.0005,0.0001,0.0000,0.0000,0.0000,0.0003,0.0005,0.0008,0.0295,0.0002,0.0000,0.0000,0.0001,0.0000,0.0005,0.0016,0.5929,0.2028,0.0074,0.0008,0.0000,0.0000,0.0002,0.0009,0.0669,0.0697,0.0027,0.0000,0.0000,0.0000,0.0002,0.0014,0.0004,0.0002,0.0000,0.0000,0.0000,0.0000,0.0012,0.0011,0.0001,0.0000,0.0000,0.0000,0.0000,0.0000,0.0065,0.0001,0.0000,0.0000,0.0000,0.0000,0.0000,0.0000,0.0069,0.0000,0.0000,0.0000,0.0000,0.0000,0.0000,0.0000
olympus/pic.1072.jpg,0.0001,0.0000,0.0001,0.0003,0.0007,0.0006,0.0004,0.0039,0.0000,0.0000,0.0037,0.0334,0.0035,0.0007,0.0006,0.0001,0.0000,0.0003,0.4260,0.2636,0.0055,0.0015,0.0002,0.0000,0.0001,0.0356,0.0896,0.0290,0.0029,0.0001,0.0000,0.0000,0.0211,0.0335,0.0022,0.0025,0.0004,0.0000,0.0000,0.0000,0.0238,0.0018,0.0008,0.0001,0.0000,0.0000,0.0000,0.0000,0.0085,0.0004,0.0001,0.0000,0.0000,0.0000,0.0000,0.0000,0.0024,0.0000,0.0000,0.0000,0.0000,0.0000,0.0000,0.0000
olympus/pic.1073.jpg,0.0005,0.0003,0.0004,0.0002,0.0001,0.0001,0.0000,0.0005,0.0001,0.0003,0.0029,0.0013,0.0004,0.0001,0.0000,0.0000,0.0000,0.0002,0.4023,0.4812,0.0033,0.0001,0.0000,0.0000,0.0000,0.0002,0.0591,0.0451,0.0001,0.0000,0.0000,0.0000,0.0000,0.0001,0.0003,0.0004,0.0000,0.0000,0.0000,0.0000,0.0000,0.0000,0.0001,0.0000,0.0000,0.0000,0.0000,0.0000,0.0000,0.0000,0.0000,0.0000,0.0000,0.0000,0.0000,0.0000,0.0002,0.0000,0.0000,0.0000,0.0000,0.0000,0.0000,0.0000
olympus/pic.1074.jpg,0.0001,0.0000,0.0000,0.0000,0.0000,0.0001,0.0001,0.0695,0.0000,0.0000,0.0000,0.0001,0.0010,0.0015,0.0280,0.0035,0.0000,0.0000,0.0910,0.2391,0.2286,0.1232,0.0098,0.0000,0.0000,0.0000,0.0075,0.0632,0.0974,0.0054,0.0000,0.0000,0.0000,0.0001,0.0097,0.0065,0.0065,0.0000,0.0000,0.0000,0.0000,0.0000,0.0039,0.0002,0.0000,0.0000,0.0000,0.0000,0.0000,0.0006,0.0006,0.0000,0.0000,0.0000,0.0000,0.0000,0.0027,0.0000,0.0000,0.0000,0.0000,0.0000,0.0000,0.0000
olympus/pic.1075.jpg,0.0001,0.0001,0.0000,0.0000,0.0000,0.0000,0.0000,0.0000,0.0000,0.0000,0.0001,0.0000,0.0000,0.0000,0.0000,0.0000,0.0000,0.0000,0.5084,0.1310,0.0420,0.0008,0.0000,0.0000,0.0001,0.0030,0.2176,0.0298,0.0037,0.0000,0.0000,0.0000,0.0001,0.0177,0.0363,0.0000,0.0000,0.0000,0.0000,0.0000,0.0003,0.0042,0.0009,0.0000,0.0000,0.0000,0.0000,0.0000,0.0004,0.0012,0.0000,0.0000,0.0000,0.0000,0.0000,0.0000,0.0018,0.0000,0.0000,0.0000,0.0000,0.0000,0.0000,0.0000
olympus/pic.1076.jpg,0.0000,0.0000,0.0000,0.0000,0.0000,0.0000,0.0000,0.0001,0.0000,0.0000,0.0000,0.0000,0.0000,0.0000,0.0000,0.0000,0.0000,0.0000,0.7315,0.0002,0.0000,0.0000,0.0000,0.0000,0.0000,0.0001,0.2464,0.0033,0.0000,0.0000,0.0000,0.0000,0.0001,0.0002,0.0159,0.0005,0.0000,0.0000,0.0000,0.0000,0.0000,0.0001,0.0006,0.0000,0.0000,0.0000,0.0000,0.0000,0.0001,0.0002,0.0000,0.0000,0.0000,0.0000,0.0000,0.0000,0.0006,0.0000,0.0000,0.0000,0.0000,0.0000,0.0000,0.0000
olympus/pic.1077.jpg,0.0002,0.0001,0.0001,0.0005,0.0006,0.0001,0.0001,0.0103,0.0000,0.0000,0.0003,0.0040,0.0059,0.0043,0.0091,0.0006,0.0000,0.0000,0.1316,0.3242,0.2230,0.0327,0.0031,0.0000,0.0000,0.0000,0.1242,0.0746,0.0213,0.0005,0.0000,0.0000,0.0000,0.0006,0.0165,0.0066,0.0015,0.0000,0.0000,0.0000,0.0000,0.0002,0.0010,0.0000,0.0000,0.0000,0.0000,0.0000,0.0000,0.0004,0.0001,0.0000,0.0000,0.0000,0.0000,0.0000,0.0016,0.0000,0.0000,0.0000,0.0000,0.0000,0.0000,0.0000
olympus/pic.1078.jpg,0.0009,0.0004,0.0002,0.0000,0.0001,0.0004,0.0003,0.0068,0.0002,0.0007,0.0506,0.0016,0.0062,0.0022,0.0025,0.0001,0.0001,0.0012,0.3845,0.2321,0.0867,0.0082,0.0012,0.0000,0.0001,0.0005,0.1433,0.0408,0.0140,0.0020,0.0000,0.0000,0.0001,0.0010,0.0043,0.0024,0.0010,0.0000,0.0000,0.0000,0.0001,0.0002,0.0009,0.0000,0.0000,0.0000,0.0000,0.0000,0.0001,0.0003,0.0001,0.0000,0.0000,0.0000,0.0000,0.0000,0.0016,0.0000,0.0000,0.0000,0.0000,0.0000,0.0000,0.0000
olympus/pic.1079.jpg,0.0004,0.0001,0.0001,0.0000,0.0000,0.0000,0.0000,0.0034,0.0001,0.0000,0.0003,0.0001,0.0001,0.0000,0.0008,0.0000,0.0002,0.0004,0.3186,0.3506,0.0161,0.0050,0.0003,0.0000,0.0003,0.0017,0.1044,0.1400,0.0273,0.0004,0.0000,0.0000,0.0007,0.0019,0.0067,0.0031,0.0006,0.0000,0.0000,0.0000,0.0003,0.0011,0.0026,0.0001,0.0000,0.0000,0.0000,0.0000,0.0006,0.0015,0.0006,0.0000,0.0000,0.0000,0.0000,0.0000,0.0092,0.0000,0.0000,0.0000,0.0000,0.0000,0.0000,0.0000
olympus/pic.1080.jpg,0.0000,0.0000,0.0000,0.0000,0.0000,0.0000,0.0000,0.0000,0.0000,0.0000,0.0000,0.0000,0.0000,0.0000,0.0000,0.0000,0.0000,0.0000,0.1337,0.0000,0.0000,0.0000,0.0000,0.0000,0.0000,0.0335,0.1654,0.0000,0.0000,0.0000,0.0000,0.0000,0.0000,0.3614,0.1943,0.0000,0.0000,0.0000,0.0000,0.0000,0.0001,0.0918,0.0132,0.0000,0.0000,0.0000,0.0000,0.0000,0.0003,0.0042,0.0000,0.0000,0.0000,0.0000,0.0000,0.0000,0.0019,0.0001,0.0000,0.0000,0.0000,0.0000,0.0000,0.0000
olympus/pic.1081.jpg,0.0040,0.0017,0.0018,0.0014,0.0006,0.0002,0.0000,0.0004,0.0012,0.0012,0.0339,0.0034,0.0001,0.0000,0.0000,0.0000,0.0008,0.0038,0.7947,0.0154,0.0001,0.0000,0.0000,0.0000,0.0007,0.0031,0.0811,0.0005,0.0001,0.0000,0.0000,0.0000,0.0007,0.0172,0.0023,0.0002,0.0000,0.0000,0.0000,0.0000,0.0022,0.0125,0.0002,0.0000,0.0000,0.0000,0.0000,0.0000,0.0058,0.0010,0.0000,0.0000,0.0000,0.0000,0.0000,0.0000,0.0078,0.0000,0.0000,0.0000,0.0000,0.0000,0.0000,0.0000
olympus/pic.1082.jpg,0.0023,0.0004,0.0005,0.0001,0.0001,0.0000,0.0000,0.0030,0.0006,0.0004,0.0014,0.0002,0.0001,0.0001,0.0004,0.0000,0.0002,0.0019,0.7367,0.0951,0.0018,0.0017,0.0002,0.0000,0.0002,0.0010,0.0457,0.0867,0.0078,0.0002,0.0000,0.0000,0.0002,0.0006,0.0023,0.0034,0.0005,0.0000,0.0000,0.0000,0.0002,0.0003,0.0008,0.0000,0.0000,0.0000,0.0000,0.0000,0.0003,0.0005,0.0001,0.0000,0.0000,0.0000,0.0000,0.0000,0.0021,0.0000,0.0000,0.0000,0.0000,0.0000,0.0000,0.0000
olympus/pic.1083.jpg,0.0010,0.0004,0.0003,0.0001,0.0003,0.0001,0.0001,0.0121,0.0003,0.0002,0.0009,0.0008,0.0004,0.0002,0.0019,0.0001,0.0002,0.0011,0.6162,0.1429,0.0075,0.0060,0.0005,0.0000,0.0004,0.0039,0.0683,0.0880,0.0177,0.0003,0.0000,0.0000,0.0007,0.0029,0.0036,0.0046,0.0010,0.0000,0.0000,0.0000,0.0011,0.0014,0.0019,0.0001,0.0000,0.0000,0.0000,0.0000,0.0017,0.0013,0.0002,0.0000,0.0000,0.0000,0.0000,0.0000,0.0070,0.0000,0.0000,0.0000,0.0000,0.0000,0.0000,0.0000
olympus/pic.1084.jpg,0.0010,0.0004,0.0005,0.0003,0.0002,0.0001,0.0001,0.0070,0.0002,0.0001,0.0014,0.0010,0.0007,0.0005,0.0027,0.0001,0.0001,0.0006,0.6151,0.1948,0.0344,0.0105,0.0008,0.0000,0.0002,0.0003,0.0397,0.0568,0.0162,0.0004,0.0000,0.0000,0.0001,0.0004,0.0029,0.0046,0.0009,0.0000,0.0000,0.0000,0.0001,0.0003,0.0015,0.0001,0.0000,0.0000,0.0000,0.0000,0.0001,0.0006,0.0003,0.0000,0.0000,0.0000,0.0000,0.0000,0.0018,0.0000,0.0000,0.0000,0.0000,0.0000,0.0000,0.0000
olympus/pic.1085.jpg,0.0010,0.0006,0.0011,0.0007,0.0003,0.0001,0.0001,0.0065,0.0002,0.0002,0.0050,0.0014,0.0003,0.0001,0.0021,0.0001,0.0002,0.0008,0.7106,0.1160,0.0147,0.0067,0.0006,0.0000,0.0002,0.0005,0.0339,0.0650,0.0132,0.0003,0.0000,0.0000,0.0002,0.0004,0.0033,0.0074,0.0009,0.0000,0.0000,0.0000,0.0001,0.0002,0.0017,0.0001,0.0000,0.0000,0.0000,0.0000,0.0001,0.0007,0.0002,0.0000,0.0000,0.0000,0.0000,0.0000,0.0022,0.0000,0.0000,0.0000,0.0000,0.0000,0.0000,0.0000
olympus/pic.1086.jpg,0.0005,0.0003,0.0006,0.0001,0.0002,0.0001,0.0001,0.0074,0.0001,0.0000,0.0053,0.0005,0.0004,0.0002,0.0023,0.0001,0.0001,0.0003,0.5581,0.2408,0.0276,0.0086,0.0005,0.0000,0.0002,0.0029,0.0429,0.0692,0.0137,0.0003,0.0000,0.0000,0.0004,0.0035,0.0034,0.0016,0.0004,0.0000,0.0000,0.0000,0.0008,0.0008,0.0009,0.0000,0.0000,0.0000,0.0000,0.0000,0.0006,0.0007,0.0001,0.0000,0.0000,0.0000,0.0000,0.0000,0.0034,0.0000,0.0000,0.0000,0.0000,0.0000,0.0000,0.0000
olympus/pic.1087.jpg,0.0029,0.0005,0.0006,0.0001,0.0002,0.0002,0.0001,0.0055,0.0006,0.0006,0.0031,0.0007,0.0002,0.0001,0.0013,0.0001,0.0004,0.0014,0.6852,0.1157,0.0113,0.0054,0.0004,0.0000,0.0004,0.0006,0.0285,0.1021,0.0227,0.0003,0.0000,0.0000,0.0002,0.0002,0.0021,0.0023,0.0009,0.0000,0.0000,0.0000,0.0001,0.0001,0.0009,0.0000,0.0000,0.0000,0.0000,0.0000,0.0000,0.0004,0.0002,0.0000,0.0000,0.0000,0.0000,0.0000,0.0014,0.0000,0.0000,0.0000,0.0000,0.0000,0.0000,0.0000
olympus/pic.1088.jpg,0.0022,0.0004,0.0004,0.0002,0.0002,0.0001,0.0001,0.0036,0.0008,0.0003,0.0011,0.0009,0.0003,0.0001,0.0007,0.0001,0.0007,0.0030,0.6562,0.1876,0.0059,0.0021,0.0001,0.0000,0.0013,0.0038,0.0711,0.0315,0.0057,0.0001,0.0000,0.0000,0.0008,0.0038,0.0022,0.0017,0.0004,0.0000,0.0000,0.0000,0.0010,0.0017,0.0007,0.0000,0.0000,0.0000,0.0000,0.0000,0.0013,0.0005,0.0002,0.0000,0.0000,0.0000,0.0000,0.0000,0.0052,0.0000,0.0000,0.0000,0.0000,0.0000,0.0000,0.0000
olympus/pic.1089.jpg,0.0025,0.0006,0.0006,0.0001,0.0003,0.0001,0.0001,0.0023,0.0005,0.0005,0.0040,0.0006,0.0002,0.0000,0.0002,0.0000,0.0003,0.0037,0.8761,0.0561,0.0026,0.0011,0.0001,0.0000,0.0003,0.0005,0.0120,0.0251,0.0069,0.0001,0.0000,0.0000,0.0002,0.0002,0.0002,0.0003,0.0002,0.0000,0.0000,0.0000,0.0001,0.0001,0.0001,0.0000,0.0000,0.0000,0.0000,0.0000,0.0001,0.0001,0.0000,0.0000,0.0000,0.0000,0.0000,0.0000,0.0010,0.0000,0.0000,0.0000,0.0000,0.0000,0.0000,0.0000
olympus/pic.1090.jpg,0.0001,0.0000,0.0001,0.0000,0.0001,0.0001,0.0001,0.0165,0.0001,0.0000,0.0001,0.0002,0.0003,0.0002,0.0050,0.0004,0.0000,0.0003,0.4036,0.2782,0.0431,0.0229,0.0014,0.0000,0.0000,0.0001,0.0134,0.1472,0.0578,0.0012,0.0000,0.0000,0.0000,0.0001,0.0008,0.0033,0.0009,0.0000,0.0000,0.0000,0.0000,0.0000,0.0006,0.0000,0.0000,0.0000,0.0000,0.0000,0.0000,0.0003,0.0002,0.0000,0.0000,0.0000,0.0000,0.0000,0.0012,0.0000,0.0000,0.0000,0.0000,0.0000,0.0000,0.0000
olympus/pic.1091.jpg,0.0005,0.0002,0.0079,0.0007,0.0010,0.0005,0.0003,0.0061,0.0001,0.0002,0.0083,0.0170,0.0024,0.0009,0.0022,0.0001,0.0001,0.0004,0.5398,0.3144,0.0313,0.0056,0.0005,0.0000,0.0001,0.0002,0.0158,0.0316,0.0072,0.0002,0.0000,0.0000,0.0001,0.0001,0.0004,0.0015,0.0007,0.0000,0.0000,0.0000,0.0000,0.0000,0.0004,0.0000,0.0000,0.0000,0.0000,0.0000,0.0001,0.0001,0.0001,0.0000,0.0000,0.0000,0.0000,0.0000,0.0009,0.0000,0.0000,0.0000,0.0000,0.0000,0.0000,0.0000
olympus/pic.1092.jpg,0.0007,0.0003,0.0007,0.0001,0.0001,0.0001,0.0001,0.0024,0.0003,0.0007,0.0143,0.0012,0.0012,0.0005,0.0006,0.0000,0.0005,0.0023,0.7632,0.1243,0.0054,0.0011,0.0001,0.0000,0.0003,0.0007,0.0419,0.0165,0.0014,0.0000,0.0000,0.0000,0.0002,0.0049,0.0085,0.0007,0.0002,0.0000,0.0000,0.0000,0.0001,0.0015,0.0007,0.0000,0.0000,0.0000,0.0000,0.0000,0.0001,0.0005,0.0000,0.0000,0.0000,0.0000,0.0000,0.0000,0.0014,0.0000,0.0000,0.0000,0.0000,0.0000,0.0000,0.0000
olympus/pic.1093.jpg,0.0001,0.0000,0.0001,0.0000,0.0001,0.0001,0.0001,0.0039,0.0000,0.0000,0.0001,0.0004,0.0005,0.0002,0.0009,0.0001,0.0000,0.0001,0.6650,0.1721,0.0072,0.0030,0.0002,0.0000,0.0001,0.0002,0.0957,0.0357,0.0065,0.0002,0.0000,0.0000,0.0000,0.0009,0.0030,0.0009,0.0004,0.0000,0.0000,0.0000,0.0000,0.0003,0.0006,0.0000,0.0000,0.0000,0.0000,0.0000,0.0000,0.0002,0.0001,0.0000,0.0000,0.0000,0.0000,0.0000,0.0010,0.0000,0.0000,0.0000,0.0000,0.0000,0.0000,0.0000
olympus/pic.1094.jpg,0.0003,0.0000,0.0001,0.0000,0.0001,0.0002,0.0001,0.0091,0.0000,0.0000,0.0002,0.0017,0.0016,0.0009,0.0033,0.0002,0.0000,0.0001,0.4582,0.3032,0.0408,0.0100,0.0007,0.0000,0.0001,0.0001,0.0684,0.0702,0.0113,0.0003,0.0000,0.0000,0.0001,0.0001,0.0049,0.0082,0.0009,0.0000,0.0000,0.0000,0.0000,0.0001,0.0020,0.0001,0.0000,0.0000,0.0000,0.0000,0.0000,0.0006,0.0002,0.0000,0.0000,0.0000,0.0000,0.0000,0.0016,0.0000,0.0000,0.0000,0.0000,0.0000,0.0000,0.0000
olympus/pic.1095.jpg,0.0000,0.0000,0.0000,0.0000,0.0000,0.0000,0.0000,0.0008,0.0000,0.0000,0.0001,0.0002,0.0002,0.0001,0.0002,0.0000,0.0000,0.0004,0.7330,0.1185,0.0023,0.0005,0.0000,0.0000,0.0000,0.0086,0.1070,0.0041,0.0006,0.0000,0.0000,0.0000,0.0001,0.0053,0.0166,0.0001,0.0000,0.0000,0.0000,0.0000,0.0000,0.0003,0.0002,0.0000,0.0000,0.0000,0.0000,0.0000,0.0000,0.0001,0.0000,0.0000,0.0000,0.0000,0.0000,0.0000,0.0003,0.0000,0.0000,0.0000,0.0000,0.0000,0.0000,0.0000
olympus/pic.1096.jpg,0.0002,0.0000,0.0000,0.0000,0.0000,0.0000,0.0000,0.0005,0.0001,0.0000,0.0000,0.0001,0.0000,0.0000,0.0000,0.0000,0.0003,0.0004,0.6034,0.0206,0.0001,0.0001,0.0000,0.0000,0.0004,0.0020,0.3353,0.0057,0.0002,0.0000,0.0000,0.0000,0.0006,0.0039,0.0072,0.0017,0.0003,0.0000,0.0000,0.0000,0.0007,0.0022,0.0020,0.0001,0.0000,0.0000,0.0000,0.0000,0.0012,0.0016,0.0001,0.0000,0.0000,0.0000,0.0000,0.0000,0.0088,0.0000,0.0000,0.0000,0.0000,0.0000,0.0000,0.0000
olympus/pic.1097.jpg,0.0000,0.0000,0.0000,0.0000,0.0000,0.0000,0.0000,0.0009,0.0000,0.0000,0.0000,0.0000,0.0001,0.0001,0.0006,0.0000,0.0000,0.0000,0.6970,0.2130,0.0088,0.0021,0.0001,0.0000,0.0000,0.0001,0.0561,0.0169,0.0022,0.0000,0.0000,0.0000,0.0000,0.0001,0.0006,0.0005,0.0001,0.0000,0.0000,0.0000,0.0000,0.0000,0.0002,0.0000,0.0000,0.0000,0.0000,0.0000,0.0000,0.0000,0.0000,0.0000,0.0000,0.0000,0.0000,0.0000,0.0003,0.0000,0.0000,0.0000,0.0000,0.0000,0.0000,0.0000
olympus/pic.1098.jpg,0.0015,0.0002,0.0001,0.0001,0.0000,0.0000,0.0000,0.0025,0.0005,0.0002,0.0005,0.0002,0.0001,0.0000,0.0007,0.0000,0.0004,0.0014,0.5398,0.2421,0.0252,0.0038,0.0002,0.0000,0.0004,0.0012,0.0266,0.1223,0.0236,0.0002,0.0000,0.0000,0.0004,0.0010,0.0008,0.0008,0.0003,0.0000,0.0000,0.0000,0.0003,0.0003,0.0002,0.0000,0.0000,0.0000,0.0000,0.0000,0.0003,0.0002,0.0001,0.0000,0.0000,0.0000,0.0000,0.0000,0.0015,0.0000,0.0000,0.0000,0.0000,0.0000,0.0000,0.0000
olympus/pic.1099.jpg,0.0013,0.0003,0.0002,0.0001,0.0002,0.0001,0.0000,0.0027,0.0004,0.0001,0.0007,0.0004,0.0002,0.0001,0.0004,0.0001,0.0004,0.0013,0.4821,0.2320,0.0465,0.0023,0.0002,0.0000,0.0008,0.0015,0.1026,0.1025,0.0068,0.0001,0.0000,0.0000,0.0007,0.0005,0.0022,0.0046,0.0005,0.0000,0.0000,0.0000,0.0002,0.0002,0.0011,0.0001,0.0000,0.0000,0.0000,0.0000,0.0002,0.0005,0.0003,0.0000,0.0000,0.0000,0.0000,0.0000,0.0030,0.0000,0.0000,0.0000,0.0000,0.0000,0.0000,0.0000
olympus/pic.1100.jpg,0.0019,0.0004,0.0004,0.0002,0.0001,0.0001,0.0001,0.0044,0.0005,0.0004,0.0015,0.0004,0.0005,0.0002,0.0010,0.0001,0.0001,0.0015,0.7214,0.2130,0.0086,0.0028,0.0003,0.0000,0.0002,0.0002,0.0201,0.0149,0.0030,0.0001,0.0000,0.0000,0.0001,0.0000,0.0002,0.0005,0.0002,0.0000,0.0000,0.0000,0.0000,0.0000,0.0001,0.0000,0.0000,0.0000,0.0000,0.0000,0.0000,0.0000,0.0000,0.0000,0.0000,0.0000,0.0000,0.0000,0.0003,0.0000,0.0000,0.0000,0.0000,0.0000,0.0000,0.0000
olympus/pic.1101.jpg,0.0017,0.0001,0.0001,0.0000,0.0000,0.0000,0.0000,0.0006,0.0005,0.0003,0.0003,0.0001,0.0000,0.0000,0.0000,0.0000,0.0007,0.0018,0.7103,0.0009,0.0000,0.0000,0.0000,0.0000,0.0005,0.0035,0.2176,0.0098,0.0001,0.0000,0.0000,0.0000,0.0005,0.0040,0.0165,0.0044,0.0002,0.0000,0.0000,0.0000,0.0004,0.0019,0.0046,0.0001,0.0000,0.0000,0.0000,0.0000,0.0007,0.0025,0.0003,0.0000,0.0000,0.0000,0.0000,0.0000,0.0146,0.0000,0.0000,0.0000,0.0000,0.0000,0.0000,0.0000
olympus/pic.1102.jpg,0.0036,0.0010,0.0011,0.0002,0.0007,0.0010,0.0009,0.0107,0.0007,0.0003,0.0055,0.0351,0.0256,0.0032,0.0012,0.0000,0.0002,0.0018,0.5928,0.2290,0.0172,0.0018,0.0002,0.0000,0.0003,0.0011,0.0464,0.0065,0.0024,0.0001,0.0000,0.0000,0.0003,0.0007,0.0021,0.0009,0.0004,0.0000,0.0000,0.0000,0.0003,0.0002,0.0006,0.0000,0.0000,0.0000,0.0000,0.0000,0.0002,0.0004,0.0001,0.0000,0.0000,0.0000,0.0000,0.0000,0.0031,0.0000,0.0000,0.0000,0.0000,0.0000,0.0000,0.0000
olympus/pic.1103.jpg,0.0001,0.0001,0.0001,0.0000,0.0000,0.0000,0.0000,0.0000,0.0000,0.0001,0.0815,0.0021,0.0001,0.0000,0.0000,0.0000,0.0000,0.0001,0.7078,0.1715,0.0002,0.0000,0.0000,0.0000,0.0000,0.0001,0.0352,0.0004,0.0000,0.0000,0.0000,0.0000,0.0000,0.0002,0.0001,0.0000,0.0000,0.0000,0.0000,0.0000,0.0000,0.0000,0.0000,0.0000,0.0000,0.0000,0.0000,0.0000,0.0000,0.0000,0.0000,0.0000,0.0000,0.0000,0.0000,0.0000,0.0000,0.0000,0.0000,0.0000,0.0000,0.0000,0.0000,0.0000
olympus/pic.1104.jpg,0.0017,0.0006,0.0006,0.0008,0.0003,0.0001,0.0001,0.0005,0.0005,0.0003,0.0050,0.0360,0.0005,0.0000,0.0000,0.0000,0.0002,0.0012,0.6382,0.0244,0.0005,0.0001,0.0000,0.0000,0.0002,0.0018,0.2214,0.0072,0.0002,0.0000,0.0000,0.0000,0.0003,0.0197,0.0235,0.0004,0.0000,0.0000,0.0000,0.0000,0.0005,0.0064,0.0009,0.0000,0.0000,0.0000,0.0000,0.0000,0.0008,0.0017,0.0000,0.0000,0.0000,0.0000,0.0000,0.0000,0.0034,0.0000,0.0000,0.0000,0.0000,0.0000,0.0000,0.0000
olympus/pic.1105.jpg,0.0009,0.0006,0.0013,0.0005,0.0003,0.0001,0.0000,0.0025,0.0001,0.0002,0.0466,0.0015,0.0001,0.0000,0.0001,0.0000,0.0001,0.0007,0.7097,0.0078,0.0002,0.0003,0.0000,0.0000,0.0002,0.0020,0.1680,0.0032,0.0009,0.0000,0.0000,0.0000,0.0002,0.0076,0.0181,0.0016,0.0003,0.0000,0.0000,0.0000,0.0004,0.0050,0.0035,0.0001,0.0000,0.0000,0.0000,0.0000,0.0008,0.0036,0.0003,0.0000,0.0000,0.0000,0.0000,0.0000,0.0104,0.0000,0.0000,0.0000,0.0000,0.0000,0.0000,0.0000
olympus/pic.1106.jpg,0.0023,0.0010,0.0007,0.0001,0.0001,0.0000,0.0000,0.0004,0.0006,0.0009,0.0094,0.0004,0.0002,0.0001,0.0000,0.0000,0.0007,0.0031,0.7035,0.0227,0.0004,0.0001,0.0000,0.0000,0.0007,0.0029,0.2032,0.0057,0.0001,0.0000,0.0000,0.0000,0.0006,0.0065,0.0276,0.0003,0.0001,0.0000,0.0000,0.0000,0.0008,0.0007,0.0004,0.0000,0.0000,0.0000,0.0000,0.0000,0.0005,0.0004,0.0000,0.0000,0.0000,0.0000,0.0000,0.0000,0.0027,0.0000,0.0000,0.0000,0.0000,0.0000,0.0000,0.0000
olympus/pic.1107.jpg,0.0006,0.0003,0.0004,0.0005,0.0002,0.0001,0.0000,0.0002,0.0001,0.0002,0.0067,0.0993,0.0019,0.0000,0.0000,0.0000,0.0001,0.0007,0.8458,0.0191,0.0003,0.0000,0.0000,0.0000,0.0003,0.0004,0.0218,0.0002,0.0000,0.0000,0.0000,0.0000,0.0003,0.0001,0.0001,0.0000,0.0000,0.0000,0.0000,0.0000,0.0000,0.0000,0.0000,0.0000,0.0000,0.0000,0.0000,0.0000,0.0001,0.0000,0.0000,0.0000,0.0000,0.0000,0.0000,0.0000,0.0001,0.0000,0.0000,0.0000,0.0000,0.0000,0.0000,0.0000
